Id,StarbucksId,Name,BrandName,StoreNumber,PhoneNumber,OwnershipType,Street1,Street2,Street3,City,CountrySubdivisionCode,CountryCode,PostalCode,Longitude,Latitude,TimezoneOffset,TimezoneId,TimezoneOlsonId,FirstSeen,LastSeen
49455e22-49e9-461f-912c-00092386eaee,6557,PDX A 2,Starbucks,75916-104381,503-284-4008,LS,"7000 NE Airport Way, MB#3",,,Portland,OR,US,972181031,-122.59,45.59,-480,Pacific Standard Time,GMT-08:00 America/Los_Angeles,12/8/2013 5:41:59 PM,2/3/2017 12:00:00 AM
ac94933f-7752-4bc7-8c8f-001bb1df879a,13082,Safeway-Yelm #1619,Starbucks,74271-51919,360-458-8830,LS,1109 Yelm Ave E,,,Yelm,WA,US,985977683,-122.59,46.93,-480,Pacific Standard Time,GMT-08:00 America/Los_Angeles,12/8/2013 5:41:59 PM,2/3/2017 12:00:00 AM
d5abf2f4-189d-4554-97a9-00af5b969831,12927,Corson & Michigan - Seattle,Starbucks,3408-82540,206-762-4671,CO,5963 Corson Avenue South,"Building A, Unit 184",,Seattle,WA,US,981082619,-122.32,47.55,-480,Pacific Standard Time,GMT-08:00 America/Los_Angeles,12/8/2013 5:41:59 PM,2/3/2017 12:00:00 AM
7f209200-2838-416d-84a9-00b1bde3ab10,13297,Albertsons 3531 @ Lake Oswego,Starbucks,73593-24389,503-635-3429,LS,16199 Boones Ferry Rd.,,,Lake Oswego,OR,US,970354201,-122.72,45.41,-480,Pacific Standard Time,GMT-08:00 America/Los_Angeles,12/8/2013 5:41:59 PM,2/3/2017 12:00:00 AM
40a1151a-57b2-43b3-a9c6-00b3045f803c,13996,Safeway-Kenmore #3500,Starbucks,74413-87984,425-487-2001,LS,6850 NE Bothell Way,,,Kenmore,WA,US,980282404,-122.25,47.76,-480,Pacific Standard Time,GMT-08:00 America/Los_Angeles,12/8/2013 5:41:59 PM,2/3/2017 12:00:00 AM
0c32a179-60fe-48e1-9712-00cbb0d111b6,18661,Safeway-Eugene #4513,Starbucks,70366-136369,541-342-4067,LS,350 E 40th Ave,,,Eugene,OR,US,974053404,-123.09,44.01,-480,Pacific Standard Time,GMT-08:00 America/Los_Angeles,12/8/2013 5:41:59 PM,2/3/2017 12:00:00 AM
bcac7750-783a-4bac-ac03-010858e06c7b,8563,Fred Meyer - Peninsula #255,Starbucks,79336-101746,503-240-2700,LS,6850 North Lombard,,,Portland,OR,US,972036247,-122.74,45.59,-480,Pacific Standard Time,GMT-08:00 America/Los_Angeles,12/8/2013 5:41:59 PM,2/3/2017 12:00:00 AM
db87cc0b-6cb5-4040-8a46-016cbfe34f70,12504,2344 Eastlake,Starbucks,3448-84572,206-324-5144,CO,2344 Eastlake Ave E,,,Seattle,WA,US,981023306,-122.33,47.64,-480,Pacific Standard Time,GMT-08:00 America/Los_Angeles,12/8/2013 5:41:59 PM,2/3/2017 12:00:00 AM
fc81c84b-6baf-4f06-93ec-018e1ef65664,16711,Metropolitan Park,Starbucks,104-58,(206) 340-9068,CO,1730 Minor Avenue,Suite 102,,Seattle,WA,US,981011448,-122.33,47.62,-480,Pacific Standard Time,GMT-08:00 America/Los_Angeles,12/8/2013 5:41:59 PM,2/3/2017 12:00:00 AM
f73ca5c5-2aca-406c-b599-01bce55536ff,16061,N. Miller & N. Mission,Starbucks,391-217,(509) 665-8802,CO,1134 N. Miller Street,Space A,,Wenatchee,WA,US,988011541,-120.33,47.44,-480,Pacific Standard Time,GMT-08:00 America/Los_Angeles,12/8/2013 5:41:59 PM,2/3/2017 12:00:00 AM
0c474e2f-82ce-498a-8a2a-01e9cebe8067,18077,QFC - Port Hadlock #870,Starbucks,79432-102666,360-385-1070,LS,1890 Irondale Road,,,Port Hadlock,WA,US,983399582,-122.76,48.03,-480,Pacific Standard Time,GMT-08:00 America/Los_Angeles,12/8/2013 5:41:59 PM,2/3/2017 12:00:00 AM
5178d375-cb7f-4792-ad8e-02467e2cc012,7943,39th & Holgate- Portland,Starbucks,10051-97663,503-771-1552,CO,4437 SE 39th Ave,A,,Portland,OR,US,97202,-122.62,45.49,-480,Pacific Standard Time,GMT-08:00 America/Los_Angeles,12/8/2013 5:41:59 PM,2/3/2017 12:00:00 AM
a05eef01-94b8-4bdf-b104-024980ae5ad7,7202,Combs Flat Crossing- Prineville,Starbucks,10695-102080,541-447-3049,CO,1590 NE 3rd Street,1,,Prineville,OR,US,977542916,-120.83,44.30,-480,Pacific Standard Time,GMT-08:00 America/Los_Angeles,12/8/2013 5:41:59 PM,2/3/2017 12:00:00 AM
997b5b32-7ee5-43a3-ae3f-02e8a30f1e19,15849,Leschi,Starbucks,3238-1636,206/720-4803,CO,121 Lakeside Ave,Ste F,,Seattle,WA,US,981226587,-122.29,47.60,-480,Pacific Standard Time,GMT-08:00 America/Los_Angeles,12/8/2013 5:41:59 PM,2/3/2017 12:00:00 AM
7a21deda-07cb-4cc8-951d-031d3763d643,10115,Target Arlington T-2192,Starbucks,76672-104564,360-386-4020,LS,16818 Twin Lakes Ave,,,Marysville,WA,US,982714724,-122.19,48.15,-480,Pacific Standard Time,GMT-08:00 America/Los_Angeles,12/8/2013 5:41:59 PM,2/3/2017 12:00:00 AM
62de5266-3553-43fb-a182-0339f000c57e,12561,Safeway-The Dalles #1489,Starbucks,74302-77220,541-298-9488,LS,520 Mt. Hood St,,,The Dalles,OR,US,970583555,-121.19,45.60,-480,Pacific Standard Time,GMT-08:00 America/Los_Angeles,12/8/2013 5:41:59 PM,2/3/2017 12:00:00 AM
b4cc4694-5175-4260-aeef-03630956ceb3,1016024,Albertsons - Baker City #3211,Starbucks,49585-269685,5415192449,LS,1120 Campbell St.,,,Baker City,OR,US,97814,-117.82,44.78,-480,Pacific Standard Time,GMT-08:00 America/Los_Angeles,9/20/2016 12:00:00 AM,2/3/2017 12:00:00 AM
e50ada4f-9356-4ca9-8313-036318e4777b,17447,Safeway - Bremerton #1467,Starbucks,79559-99766,360-792-9149,LS,900 North Callow,,,Bremerton,WA,US,983123807,-122.65,47.57,-480,Pacific Standard Time,GMT-08:00 America/Los_Angeles,12/8/2013 5:41:59 PM,2/3/2017 12:00:00 AM
d700119b-6887-4299-bb7c-038498297f89,12500,2nd & Division,Starbucks,8655-93494,509-747-7617,CO,172 S. Divison Street Suite A,A,,Spokane,WA,US,992021509,-117.41,47.65,-480,Pacific Standard Time,GMT-08:00 America/Los_Angeles,12/8/2013 5:41:59 PM,2/3/2017 12:00:00 AM
e8034197-d8f8-48df-b28a-038cfbd71ae0,13700,Barbur Blvd. & Terwillger,Starbucks,3713-82764,503/245-7540,CO,7421 SW Barbur Boulevard,,,Portland,OR,US,972192886,-122.69,45.47,-480,Pacific Standard Time,GMT-08:00 America/Los_Angeles,12/8/2013 5:41:59 PM,2/3/2017 12:00:00 AM
0b4a4a5b-0ab0-45c0-8707-041e5269c200,10828,Safeway #3228 - Puyallup,Starbucks,79757-104110,253-414-1737,LS,5616 176th E,,,Puyallup,WA,US,983759309,-122.35,47.10,-480,Pacific Standard Time,GMT-08:00 America/Los_Angeles,12/8/2013 5:41:59 PM,2/3/2017 12:00:00 AM
f0437537-59af-40f2-8e22-042ffdfa9f77,14493,Safeway-Mt Vernon #1472,Starbucks,74677-51839,360-424-8160,LS,315 E College,,,Mount Vernon,WA,US,982735431,-122.34,48.44,-480,Pacific Standard Time,GMT-08:00 America/Los_Angeles,12/8/2013 5:41:59 PM,2/3/2017 12:00:00 AM
3ff12838-e6d6-403b-8a72-0466423b05dd,7464,6th & Sprague - Tacoma,Starbucks,13916-105932,253-272-1023,CO,2008 6th Avenue,,,Tacoma,WA,US,984031045,-122.46,47.26,-480,Pacific Standard Time,GMT-08:00 America/Los_Angeles,12/8/2013 5:41:59 PM,2/3/2017 12:00:00 AM
c89d42da-969c-4109-8266-04ae553afc82,16623,Safeway-Hillsboro #1230,Starbucks,74303-77222,503-645-6631,LS,2177 NW 185th,,,Hillsboro,OR,US,971247074,-122.87,45.54,-480,Pacific Standard Time,GMT-08:00 America/Los_Angeles,12/8/2013 5:41:59 PM,2/3/2017 12:00:00 AM
f80d6f6b-c4db-4405-b8cc-04c1838d2104,16117,Albertsons-Ashland #573,Starbucks,73555-79347,541-482-6320,LS,2301 Ashland St,,,Ashland,OR,US,975201407,-122.67,42.19,-480,Pacific Standard Time,GMT-08:00 America/Los_Angeles,12/8/2013 5:41:59 PM,2/3/2017 12:00:00 AM
b22ff713-114e-489d-9b59-04ef88876f3f,89660,Evolution Fresh Pine Street,Evolution Fresh,16735-175204,206-682-7740,CO,517 Pine Street,,,Seattle,WA,US,98101,-122.34,47.61,-480,Pacific Standard Time,GMT-08:00 America/Los_Angeles,12/8/2013 5:41:59 PM,2/3/2017 12:00:00 AM
42909c8c-163e-45c8-8596-050c155a64ff,68743,Safeway-Oregon City #2993,Starbucks,16317-170380,503-655-8155,LS,13434 Colton Pl,,,Oregon City,OR,US,97045,-122.57,45.34,-480,Pacific Standard Time,GMT-08:00 America/Los_Angeles,12/8/2013 5:41:59 PM,2/3/2017 12:00:00 AM
0041fab9-e2ea-4d6c-bb4d-051c5fe70779,14989,6th & Union,Starbucks,3289-8665,206/381-3743,CO,1420 5th Ave,,City Center,Seattle,WA,US,981014087,-122.33,47.61,-480,Pacific Standard Time,GMT-08:00 America/Los_Angeles,12/8/2013 5:41:59 PM,2/3/2017 12:00:00 AM
e6f2bc91-f85d-4408-9a64-056a94ceb96e,17617,Fred Meyer - Redmond #664,Starbucks,72739-69200,425-556-8000,LS,17667 NE 76th St,,,Redmond,WA,US,980524994,-122.10,47.67,-480,Pacific Standard Time,GMT-08:00 America/Los_Angeles,12/8/2013 5:41:59 PM,2/3/2017 12:00:00 AM
c8df9675-eff1-4396-9420-057d4bb25b7b,14138,Safeway-Seattle #1845,Starbucks,74399-83345,206-494-0433,LS,8704 Greenwood Ave N,,,Seattle,WA,US,981033616,-122.35,47.69,-480,Pacific Standard Time,GMT-08:00 America/Los_Angeles,12/8/2013 5:41:59 PM,2/3/2017 12:00:00 AM
2f7f0d32-507e-4ea5-9451-05882d6dbd44,7669,Safeway - Portland/Woodstock #1523,Starbucks,74376-101348,503-788-7600,LS,4515 SE Woodstock,,,Woodstock,OR,US,972066222,-122.62,45.48,-480,Pacific Standard Time,GMT-08:00 America/Los_Angeles,12/8/2013 5:41:59 PM,2/3/2017 12:00:00 AM
3ca5e850-e65a-4872-907c-058ab5f72965,13304,Safeway-Vancouver #1519,Starbucks,74111-22843,360-891-4245,LS,13719 SE Millplain Blvd.,,,Vancouver,WA,US,986846945,-122.53,45.62,-480,Pacific Standard Time,GMT-08:00 America/Los_Angeles,12/8/2013 5:41:59 PM,2/3/2017 12:00:00 AM
b5e0d155-799d-4130-95bb-05a69f4ebfd5,8744,"Salem, OR",Starbucks,411-181,(503) 375-2156,CO,399 Court Street NE,,,Salem,OR,US,973013526,-123.04,44.94,-480,Pacific Standard Time,GMT-08:00 America/Los_Angeles,12/8/2013 5:41:59 PM,2/3/2017 12:00:00 AM
aeae4315-11b7-442d-9c10-05d03c7677ed,91363,164th & Bothell Hwy,Starbucks,18628-193714,425-745-0220,CO,16314 Bothell Everett Hwy,,,Mill Creek,WA,US,98012,-122.22,47.85,-480,Pacific Standard Time,GMT-08:00 America/Los_Angeles,12/8/2013 5:41:59 PM,2/3/2017 12:00:00 AM
886cc736-6736-4da1-a7dd-062c531a7a81,51997,7th & Washington- Eugene,Starbucks,3409-155584,5416840984,CO,495 West 7th Avenue,Suite 1,,Eugene,OR,US,974012511,-123.10,44.05,-480,Pacific Standard Time,GMT-08:00 America/Los_Angeles,12/8/2013 5:41:59 PM,2/3/2017 12:00:00 AM
3ba79ee9-9fa9-4d81-94d8-067e8ff4cfeb,7084,Valley Plaza- Beaverton,Starbucks,10169-99666,503-292-1573,CO,9350 SW Beaverton HIllsdale Hwy,,,Beaverton,OR,US,970053313,-122.77,45.49,-480,Pacific Standard Time,GMT-08:00 America/Los_Angeles,12/8/2013 5:41:59 PM,2/3/2017 12:00:00 AM
ada1d05d-684f-4e21-9e3d-06ac68610843,1014925,Fred Meyer - Covington #53,Starbucks,28275-198785,253-639-7400,LS,16735 SE 272nd Street,,,Covington,WA,US,98042,-122.12,47.36,-480,Pacific Standard Time,GMT-08:00 America/Los_Angeles,6/7/2016 12:00:00 AM,2/3/2017 12:00:00 AM
ca0dc482-711d-4259-8f5f-070ff81d007a,17762,GEG C 21,Starbucks,75930-103584,509-838-9740,LS,9000 West Airport Drive,,,Spokane,WA,US,992249437,-117.54,47.62,-480,Pacific Standard Time,GMT-08:00 America/Los_Angeles,12/8/2013 5:41:59 PM,2/3/2017 12:00:00 AM
0b0f65f5-7a4b-4a5a-b650-0747c39019e3,14270,SW Elligsen & I-5,Starbucks,2795-83781,503-582-0215,CO,25600 SW Argyle,Suite A,,Wilsonville,OR,US,970704701,-122.77,45.34,-480,Pacific Standard Time,GMT-08:00 America/Los_Angeles,12/8/2013 5:41:59 PM,2/3/2017 12:00:00 AM
420d9725-1973-4014-8353-07fa828b8154,10421,Fred Meyer - Monroe #210,Starbucks,79325-103050,360-805-8100,LS,18805 State Route 2,,,Monroe,WA,US,982721438,-121.98,47.86,-480,Pacific Standard Time,GMT-08:00 America/Los_Angeles,12/8/2013 5:41:59 PM,2/3/2017 12:00:00 AM
aae80f7b-f66a-40f8-b2e9-0842d0747f6c,8136,"244 Ellendale Ave- Dallas, OR",Starbucks,10170-96331,503-623-5231,CO,244 E Ellendale Ave,1,,Dallas,OR,US,973381523,-123.31,44.93,-480,Pacific Standard Time,GMT-08:00 America/Los_Angeles,12/8/2013 5:41:59 PM,2/3/2017 12:00:00 AM
f6166f75-324b-454f-a4b9-08a1ecd00b7a,12288,Wallingford,Starbucks,336-81,(206) 548-9507,CO,2110 North 45th,,,Seattle,WA,US,981036902,-122.33,47.66,-480,Pacific Standard Time,GMT-08:00 America/Los_Angeles,12/8/2013 5:41:59 PM,2/3/2017 12:00:00 AM
4f0e5d64-d068-4900-b60d-08b2ef9f49e2,11147,S. Sammish Way & 36th St,Starbucks,3290-8505,360-756-8535,CO,222 36th Street,,Sehome Village,Bellingham,WA,US,982256540,-122.47,48.73,-480,Pacific Standard Time,GMT-08:00 America/Los_Angeles,12/8/2013 5:41:59 PM,2/3/2017 12:00:00 AM
862aed8b-9531-483c-8075-08c285538dc5,1005248,Clearwater & Columbia,Starbucks,17902-182866,509-735-1235,CO,7600 W Clearwater Ave,,,Kennewick,WA,US,99336,-119.22,46.21,-480,Pacific Standard Time,GMT-08:00 America/Los_Angeles,12/8/2013 5:41:59 PM,2/3/2017 12:00:00 AM
63d0bb77-95ab-4d5f-ba37-08eba5de5813,1008958,Center & Garfield,Starbucks,21869-211218,5417721311,CO,1374 Center Drive,100,,Medford,OR,US,97501,-122.85,42.31,-480,Pacific Standard Time,GMT-08:00 America/Los_Angeles,10/3/2014 12:00:00 AM,2/3/2017 12:00:00 AM
5135fbe5-a27b-44d4-937a-097e5945f1d5,1007874,Hwy 12 & Old Hwy 99 SW,Starbucks,23042-220924,3602739769,CO,19725 Old Hwy 99 SW,,,Rochester,WA,US,98579,-123.01,46.80,-480,Pacific Standard Time,GMT-08:00 America/Los_Angeles,10/15/2014 12:00:00 AM,2/3/2017 12:00:00 AM
a70bf46a-aeb4-43ec-b069-09b4608ef483,13058,University Village North,Starbucks,3394-75960,206-522-6410,CO,2650 NE 49th ST,,University Village,Seattle,WA,US,981055010,-122.30,47.66,-480,Pacific Standard Time,GMT-08:00 America/Los_Angeles,12/8/2013 5:41:59 PM,2/3/2017 12:00:00 AM
9b1827ba-0ac2-4bd0-aa92-0a0e40d74e88,15973,Barkley Village,Starbucks,3304-2764,360/671-6103,CO,2915 New Market Street,Suite 107,Barkley Village II,Bellingham,WA,US,982263868,-122.44,48.77,-480,Pacific Standard Time,GMT-08:00 America/Los_Angeles,12/8/2013 5:41:59 PM,2/3/2017 12:00:00 AM
27b0a0f7-fe7f-4ba8-8861-0a1c481b2503,11512,Safeway-Seaside #1260,Starbucks,74362-80255,503-738-7122,LS,401 S Roosevelt,,,Seaside,OR,US,971386745,-123.92,45.99,-480,Pacific Standard Time,GMT-08:00 America/Los_Angeles,12/8/2013 5:41:59 PM,2/3/2017 12:00:00 AM
014d2bdc-9fdd-4786-bfe4-0a3ab6991a5d,10507,Keizer Station - Keizer,Starbucks,13862-101607,503-463-1044,CO,2555 Jorie Lane NE,101,Keizer Station Village Center,Keizer,OR,US,97307,-123.00,45.01,-480,Pacific Standard Time,GMT-08:00 America/Los_Angeles,12/8/2013 5:41:59 PM,2/3/2017 12:00:00 AM
6c7ab07e-9a2e-475b-a5f8-0a4ffb9bd3b6,13448,NE Stadium Way & N Grand Ave,Starbucks,3358-40985,509-334-0800,CO,421 NE Stadium Way,,Stadium Way Retail Center,Pullman,WA,US,991633825,-117.17,46.74,-480,Pacific Standard Time,GMT-08:00 America/Los_Angeles,12/8/2013 5:41:59 PM,2/3/2017 12:00:00 AM
3f1813e5-d432-44ac-b60e-0a80d3e98cfc,14428,Highway 20th E & 27th,Starbucks,8771-81901,541-322-0670,CO,583 NE Bellevue Drive,,,Bend,OR,US,977019591,-121.26,44.06,-480,Pacific Standard Time,GMT-08:00 America/Los_Angeles,12/8/2013 5:41:59 PM,2/3/2017 12:00:00 AM
5ef84fe1-7d0c-4b61-998e-0a893d97ddd0,18324,SE 102nd and Stark,Starbucks,14044-108071,(503) 252-1360,CO,10215 SE Stark,,,Portland,OR,US,972162741,-122.56,45.52,-480,Pacific Standard Time,GMT-08:00 America/Los_Angeles,12/8/2013 5:41:59 PM,2/3/2017 12:00:00 AM
a50bd27a-9ec8-46fd-b341-0a8de068412d,18315,QFC-Bellevue #874 (Bel-East),Starbucks,72575-103057,4256532162,LS,1510 145th Pl SE,,,Bellevue,WA,US,980075593,-122.15,47.60,-480,Pacific Standard Time,GMT-08:00 America/Los_Angeles,12/8/2013 5:41:59 PM,2/3/2017 12:00:00 AM
8ac02b99-8e8b-4dd6-a80b-0aa0fdf5de14,1016459,Providence Portland Medic Ctr,Starbucks,47990-255371,503-215-5389,LS,4805 Ne Glisan,,,Portland,OR,US,97213,-122.61,45.53,-480,Pacific Standard Time,GMT-08:00 America/Los_Angeles,11/23/2016 12:00:00 AM,2/3/2017 12:00:00 AM
4774353d-0cfc-4b76-81d6-0ac0e551362e,7179,Safeway - Centralia #1495,Starbucks,74967-101071,360-330-0884,LS,1129 Harrison Ave,,,Centralia,WA,US,985311852,-122.98,46.73,-480,Pacific Standard Time,GMT-08:00 America/Los_Angeles,12/8/2013 5:41:59 PM,2/3/2017 12:00:00 AM
9461cbeb-29f6-4a95-be1f-0adf11f005f8,16739,West Linn,Starbucks,424-161,(503) 656-7516,CO,22000 Willamette Drive,,,West Linn,OR,US,970683275,-122.61,45.37,-480,Pacific Standard Time,GMT-08:00 America/Los_Angeles,12/8/2013 5:41:59 PM,2/3/2017 12:00:00 AM
1d64d3eb-0c7d-47ca-8889-0af861ec4174,69993,8th & Virginia - Seattle,Starbucks,13011-153306,206-467-5103,CO,2001 8th Ave,100,,Seattle,WA,US,981212615,-122.34,47.62,-480,Pacific Standard Time,GMT-08:00 America/Los_Angeles,12/8/2013 5:41:59 PM,2/3/2017 12:00:00 AM
30efb62d-6381-4d5c-8720-0b331f98fd17,15239,Sellwood/West Moreland,Starbucks,413-183,(503) 230-9603,CO,7001 SE Milwaukee Ave,,,Portland,OR,US,972025718,-122.65,45.47,-480,Pacific Standard Time,GMT-08:00 America/Los_Angeles,12/8/2013 5:41:59 PM,2/3/2017 12:00:00 AM
1523e604-810e-4c41-8b58-0b36446f2575,18168,Safeway - Boring #521,Starbucks,79622-104108,503-658-7000,LS,20151 SE 212th,,,Damascus,OR,US,970899220,-122.46,45.42,-480,Pacific Standard Time,GMT-08:00 America/Los_Angeles,12/8/2013 5:41:59 PM,2/3/2017 12:00:00 AM
99a990aa-7267-44e4-a8ed-0b472d9551b9,15843,Beaumont,Starbucks,437-148,(503) 282-0147,CO,4633 NE Fremont St,,,Portland,OR,US,972131723,-122.62,45.55,-480,Pacific Standard Time,GMT-08:00 America/Los_Angeles,12/8/2013 5:41:59 PM,2/3/2017 12:00:00 AM
04d529a7-e2bf-4137-bd84-0ba6de67a5d1,12180,Ferndale Haggens,Starbucks,3265-1725,360-312-8106,CO,1815 Main Street,,,Ferndale,WA,US,982489454,-122.58,48.84,-480,Pacific Standard Time,GMT-08:00 America/Los_Angeles,12/8/2013 5:41:59 PM,2/3/2017 12:00:00 AM
7a3b0d20-2262-450d-9864-0bc98b6c749b,13916,1616 Bentley Dr,Starbucks,2984-88120,360-698-7818,CO,7034 St Hwy 303 NE,,,Bremerton,WA,US,983113812,-122.63,47.63,-480,Pacific Standard Time,GMT-08:00 America/Los_Angeles,12/8/2013 5:41:59 PM,2/3/2017 12:00:00 AM
b1e02846-1830-431a-8a95-0c41b58a31e8,9049,Eugene,Starbucks,422-157,541-465-9813,CO,205 E. 18th Street,,,Eugene,OR,US,974014108,-123.09,44.04,-480,Pacific Standard Time,GMT-08:00 America/Los_Angeles,12/8/2013 5:41:59 PM,2/3/2017 12:00:00 AM
2b894c3e-f045-450c-be75-0c5fde51085b,1013321,Target Bend T-766,Starbucks,76631-99428,541-330-1434,LS,63435 N Hwy 97,,,Bend,OR,US,97703,-121.30,44.10,-480,Pacific Standard Time,GMT-08:00 America/Los_Angeles,9/29/2015 12:00:00 AM,2/3/2017 12:00:00 AM
aeeec4ea-d051-4b7f-9fd2-0d0e51d7b688,16037,West Hollywood,Starbucks,419-163,(503) 284-9907,CO,3030 NE Weidler,,,Portland,OR,US,972321851,-122.64,45.53,-480,Pacific Standard Time,GMT-08:00 America/Los_Angeles,12/8/2013 5:41:59 PM,2/3/2017 12:00:00 AM
9d11904e-d79f-43c6-a3ad-0d598c259f96,7751,QFC - University Village #807,Starbucks,73957-102105,206-523-5160,LS,2746 NE 45th Street,,,Seattle,WA,US,981055099,-122.30,47.66,-480,Pacific Standard Time,GMT-08:00 America/Los_Angeles,12/8/2013 5:41:59 PM,2/3/2017 12:00:00 AM
e95fed53-672d-46ee-9757-0d65e45104cd,1012773,Teavana - Bellevue,Teavana,28577-249739,425-451-1880,CO,234 BELLEVUE SQUARE,,Bellevue,Bellevue,WA,US,98004,-122.20,47.62,-480,Pacific Standard Time,GMT-08:00 America/Los_Angeles,7/11/2015 12:00:00 AM,2/3/2017 12:00:00 AM
6d0d39c1-649b-4e33-81a2-0dd3b3bd2594,14356,4637 Sunset Blvd.,Starbucks,9503-94480,425-917-9821,CO,4637 NE Sunset Boulevard,,,Renton,WA,US,980594005,-122.16,47.51,-480,Pacific Standard Time,GMT-08:00 America/Los_Angeles,12/8/2013 5:41:59 PM,2/3/2017 12:00:00 AM
913fa825-3833-4975-aeee-0e87c80dedc0,13062,N. 40th & River Rd,Starbucks,3407-83085,509 4690946,CO,1208 North 40th,,Yakima Fred Meyer,Yakima,WA,US,989088661,-120.56,46.62,-480,Pacific Standard Time,GMT-08:00 America/Los_Angeles,12/8/2013 5:41:59 PM,2/3/2017 12:00:00 AM
5beec8d8-c4c1-4e74-b9cd-0f1e65d74639,14278,Fred Meyer-Sumner #665,Starbucks,72785-87983,253-826-8400,LS,1201 E Valley Ave,,,Sumner,WA,US,983903225,-122.23,47.20,-480,Pacific Standard Time,GMT-08:00 America/Los_Angeles,12/8/2013 5:41:59 PM,2/3/2017 12:00:00 AM
90b82699-8d51-4fde-b334-0f4b4d86690d,15049,Safeway-Beaverton #2631,Starbucks,74325-79122,503-590-9755,LS,14555 SW Teal Blvd,,,Beaverton,OR,US,970076193,-122.83,45.44,-480,Pacific Standard Time,GMT-08:00 America/Los_Angeles,12/8/2013 5:41:59 PM,2/3/2017 12:00:00 AM
7b98d705-d311-4118-a046-0f602532f986,1016602,PDX - Pre-Security,Starbucks,47403-256547,9492937242,LS,7000 NE Airport Way,,,Portland,OR,US,97218,-122.59,45.59,-480,Pacific Standard Time,GMT-08:00 America/Los_Angeles,1/11/2017 12:00:00 AM,2/3/2017 12:00:00 AM
6eb51fbc-6d4a-46a7-b258-0f6b78645676,6450,180th & W Valley Hwy - Kent,Starbucks,11665-88085,425-251-3267,CO,18016 71st Ave. S.,101,,Kent,WA,US,980321025,-122.24,47.44,-480,Pacific Standard Time,GMT-08:00 America/Los_Angeles,12/8/2013 5:41:59 PM,2/3/2017 12:00:00 AM
1ac52e71-ca6d-461f-b82c-0faef1667f53,11225,Olympic Dr NW - Gig Harbor,Starbucks,3388-76041,253/853-7047,CO,5001 Olympic Drive NW,Suite 103,,Gig Harbor,WA,US,983351779,-122.58,47.30,-480,Pacific Standard Time,GMT-08:00 America/Los_Angeles,12/8/2013 5:41:59 PM,2/3/2017 12:00:00 AM
d5b035d2-6160-495e-a06c-0fdf4f474c65,12381,Capital Mall,Starbucks,8968-72801,360-754-0121,CO,625 Black Lake Boulevard,Suite 165,Capital Mall,Olympia,WA,US,985028778,-122.93,47.04,-480,Pacific Standard Time,GMT-08:00 America/Los_Angeles,12/8/2013 5:41:59 PM,2/3/2017 12:00:00 AM
13c3e496-e8f2-4249-a807-100afe16cdfa,9082,Pioneer Courthouse,Starbucks,401-172,(503) 223-2488,CO,720 SW Broadway,,,Portland,OR,US,972053315,-122.68,45.52,-480,Pacific Standard Time,GMT-08:00 America/Los_Angeles,12/8/2013 5:41:59 PM,2/3/2017 12:00:00 AM
8f20d326-502d-4e59-9190-1050eec9d1ab,14424,"SEA SeaTac Concourse B, Gate 8",Starbucks,75666-93768,,LS,2580 S 156th St,,,Seattle,WA,US,981581132,-122.30,47.44,-480,Pacific Standard Time,GMT-08:00 America/Los_Angeles,12/8/2013 5:41:59 PM,2/3/2017 12:00:00 AM
a11238d9-494b-4041-8bff-10cc721b3f8c,91103,W. 11th & Acorn Park - Eugene,Starbucks,17920-172645,5413431041,CO,3110 W. 11th Avenue,,,Eugene,OR,US,97402,-123.14,44.05,-480,Pacific Standard Time,GMT-08:00 America/Los_Angeles,12/8/2013 5:41:59 PM,2/3/2017 12:00:00 AM
2216f7c6-9e20-4658-8b29-10e16b5c7cd2,10919,Safeway - Tacoma #1246,Starbucks,5073-139827,253-564-7029,LS,6201 6th Ave,,,Tacoma,WA,US,984062019,-122.52,47.26,-480,Pacific Standard Time,GMT-08:00 America/Los_Angeles,12/8/2013 5:41:59 PM,2/3/2017 12:00:00 AM
5f755738-f229-4c8d-b31b-10fd2d5ed3da,18787,Safeway-Everett #503,Starbucks,8088-139830,425-337-0886,LS,11031 19th Ave SE,,,Everett,WA,US,982085144,-122.21,47.90,-480,Pacific Standard Time,GMT-08:00 America/Los_Angeles,12/8/2013 5:41:59 PM,2/3/2017 12:00:00 AM
21ee125f-12c6-423d-bfc6-10feb431f63c,1013014,Fred Meyer-Renton #459,Starbucks,25971-96225,425-204-5233,LS,365 Renton Center Way SW,,,Renton,WA,US,980572324,-122.22,47.48,-480,Pacific Standard Time,GMT-08:00 America/Los_Angeles,9/29/2015 12:00:00 AM,2/3/2017 12:00:00 AM
09da486f-31ca-4529-b550-112ff9f3c254,15718,2nd & Lenora,Starbucks,3296-9257,206-441-1388,CO,211 Lenora,,,Seattle,WA,US,981212235,-122.34,47.61,-480,Pacific Standard Time,GMT-08:00 America/Los_Angeles,12/8/2013 5:41:59 PM,2/3/2017 12:00:00 AM
9a9cf429-4b26-4d52-97bc-11cefd00be9a,7668,Target Clackamas T-346,Starbucks,76523-99426,503-658-1057,LS,9000 E Sunnyside Rd,,,Clackamas,OR,US,970157796,-122.57,45.43,-480,Pacific Standard Time,GMT-08:00 America/Los_Angeles,12/8/2013 5:41:59 PM,2/3/2017 12:00:00 AM
d52ff7ed-1d56-4481-ba72-12067d0d3170,20011,Good Samaritan Hospital Puyallup To,Starbucks,3850-144065,253-697-2309,LS,401 15th Ave SE,,,Puyallup,WA,US,983723715,-122.29,47.18,-480,Pacific Standard Time,GMT-08:00 America/Los_Angeles,12/8/2013 5:41:59 PM,2/3/2017 12:00:00 AM
b2f05d4c-a017-4627-95ea-123b8c3a6450,1014467,Safeway - Renton #3319,Starbucks,47587-258974,425-873-2091,LS,4300 NE 4th,,,Renton,WA,US,98059,-122.16,47.49,-480,Pacific Standard Time,GMT-08:00 America/Los_Angeles,3/8/2016 12:00:00 AM,2/3/2017 12:00:00 AM
eb2600ef-5679-4c97-b176-125ac9b2645f,9373,Safeway-Albany #1659,Starbucks,74304-77300,541-812-2380,LS,1990 14th Ave SE,,,Albany,OR,US,973228504,-123.08,44.63,-480,Pacific Standard Time,GMT-08:00 America/Los_Angeles,12/8/2013 5:41:59 PM,2/3/2017 12:00:00 AM
70d79834-600e-479c-ad69-1283dfcb6f1d,14470,Safeway-Longview #91,Starbucks,74765-77302,360-575-6600,LS,1227 15th Ave,,,Longview,WA,US,986323022,-122.94,46.14,-480,Pacific Standard Time,GMT-08:00 America/Los_Angeles,12/8/2013 5:41:59 PM,2/3/2017 12:00:00 AM
0a431c76-4d8b-47dd-ab4c-13564a864ec7,8021,QFC Bellevue #808,Starbucks,79276-100349,425-455-0870,LS,10116 NE 8th St,,,Bellevue,WA,US,980044148,-122.20,47.62,-480,Pacific Standard Time,GMT-08:00 America/Los_Angeles,12/8/2013 5:41:59 PM,2/3/2017 12:00:00 AM
c1438a7f-aaba-4c87-98f2-1359b9458924,6386,QFC-W Lynwood #835,Starbucks,72578-103051,425-774-5109,LS,7500-B 196th SW,,,Lynnwood,WA,US,980365090,-122.33,47.82,-480,Pacific Standard Time,GMT-08:00 America/Los_Angeles,12/8/2013 5:41:59 PM,2/3/2017 12:00:00 AM
951ae9a6-b6a5-4deb-b822-136c203e3104,8711,Clackamas Crossing,Starbucks,468-840,503/788-7910,CO,9610 SE 82nd Avenue,,,Happy Valley,OR,US,97086,-122.58,45.45,-480,Pacific Standard Time,GMT-08:00 America/Los_Angeles,12/8/2013 5:41:59 PM,2/3/2017 12:00:00 AM
fabd783a-40b4-4903-b2b6-1399675e54cf,10380,FuBonn Shopping Center- Portland,Starbucks,10465-99640,503-771-1585,CO,2834 SE 82nd Ave,,FuBonn Shopping Center,Portland,OR,US,972661556,-122.58,45.50,-480,Pacific Standard Time,GMT-08:00 America/Los_Angeles,12/8/2013 5:41:59 PM,2/3/2017 12:00:00 AM
e784b86c-211b-4871-a910-13b6520b1f70,14791,Safeway-Troutdale #1542,Starbucks,74369-81041,503-674-7000,LS,2501 SW Cherry Park Rd,,,Troutdale,OR,US,970602931,-122.41,45.53,-480,Pacific Standard Time,GMT-08:00 America/Los_Angeles,12/8/2013 5:41:59 PM,2/3/2017 12:00:00 AM
280da58b-4cc5-430f-837e-142ac6df8d89,7884,1202 Wishkah St- Aberdeen,Starbucks,9504-94491,360-532-0349,CO,1202 E. Wishkah St.,,,Aberdeen,WA,US,985204225,-123.80,46.98,-480,Pacific Standard Time,GMT-08:00 America/Los_Angeles,12/8/2013 5:41:59 PM,2/3/2017 12:00:00 AM
b49d6175-b726-41ab-b590-143fa974b01f,18472,Albertsons 3106 @ Puyallup,Starbucks,73112-21389,253-537-3770,LS,11012 Canyon Road E.,,,Puyallup,WA,US,983734200,-122.36,47.16,-480,Pacific Standard Time,GMT-08:00 America/Los_Angeles,12/8/2013 5:41:59 PM,2/3/2017 12:00:00 AM
6a5fdede-2c44-4617-9826-145b83fdd936,18365,Safeway - Seattle #1477,Starbucks,74169-118686,206-784-6480,LS,1423 NW Market St,,,Seattle,WA,US,981073744,-122.37,47.67,-480,Pacific Standard Time,GMT-08:00 America/Los_Angeles,12/8/2013 5:41:59 PM,2/3/2017 12:00:00 AM
0d409cb7-ed1b-41c4-89c0-147611882fe7,17648,Corvallis,Starbucks,421-165,541-753-5318,CO,425 Southwest Madison Avenue,,,Corvallis,OR,US,973334799,-123.26,44.56,-480,Pacific Standard Time,GMT-08:00 America/Los_Angeles,12/8/2013 5:41:59 PM,2/3/2017 12:00:00 AM
afc85f11-d671-49df-bc59-1525e9494ac1,9069,University Village,Starbucks,302-68,(206) 522-5228,CO,4634 26th Avenue NE,,,Seattle,WA,US,981055024,-122.30,47.66,-480,Pacific Standard Time,GMT-08:00 America/Los_Angeles,12/8/2013 5:41:59 PM,2/3/2017 12:00:00 AM
f26537ef-8591-4261-b361-15296656444e,14135,Safeway-Auburn #531,Starbucks,74394-89001,253-804-0138,LS,101 Auburn Way N,,,Auburn,WA,US,980025012,-122.23,47.31,-480,Pacific Standard Time,GMT-08:00 America/Los_Angeles,12/8/2013 5:41:59 PM,2/3/2017 12:00:00 AM
66b8953f-3d54-452f-98b6-15313949ad1a,15228,Gig Harbor,Starbucks,357-245,253-851-5230,CO,4904 Pt Fosdick Drive NW,,,Gig Harbor,WA,US,983351713,-122.58,47.30,-480,Pacific Standard Time,GMT-08:00 America/Los_Angeles,12/8/2013 5:41:59 PM,2/3/2017 12:00:00 AM
aca08bed-4beb-415a-8fb9-1533cfec9f96,9078,Northgate,Starbucks,358-96,(206) 367-6651,CO,540 NE Northgate Way,,,Seattle,WA,US,981256154,-122.32,47.71,-480,Pacific Standard Time,GMT-08:00 America/Los_Angeles,12/8/2013 5:41:59 PM,2/3/2017 12:00:00 AM
ca49bdbf-afbf-45b8-a12b-153e0aa05aaf,12134,Safeway-Seattle #1551,Starbucks,74489-96264,206-323-4988,LS,1410 E John St,,,Seattle,WA,US,981125218,-122.31,47.62,-480,Pacific Standard Time,GMT-08:00 America/Los_Angeles,12/8/2013 5:41:59 PM,2/3/2017 12:00:00 AM
40eca32f-8233-4227-b4e0-15771a4cffb6,9080,Richmond Beach,Starbucks,385-211,(206) 546-5750,CO,606 NW Richmond Beach Road,,,Seattle,WA,US,981773122,-122.36,47.77,-480,Pacific Standard Time,GMT-08:00 America/Los_Angeles,12/8/2013 5:41:59 PM,2/3/2017 12:00:00 AM
36e79962-b7f1-4ef1-9161-15b5b10bd1ca,12763,Safeway-Lake Oswego #508,Starbucks,74424-93971,503-675-4480,LS,401 A Avenue,,,Lake Oswego,OR,US,970343037,-122.67,45.42,-480,Pacific Standard Time,GMT-08:00 America/Los_Angeles,12/8/2013 5:41:59 PM,2/3/2017 12:00:00 AM
3c83159b-69ab-4fec-83a3-15bf4f4ad9ea,7421,Bellevue Courtyard,Starbucks,75814-97618,425-454-5888,LS,11010 NE 8th St,,,Bellevue,WA,US,980044408,-122.19,47.62,-480,Pacific Standard Time,GMT-08:00 America/Los_Angeles,12/8/2013 5:41:59 PM,2/3/2017 12:00:00 AM
307b22af-becd-4fba-9783-15c14b3b136a,9821,Tulalip,Starbucks,9733-95149,360-716-2757,CO,10600 Quil Ceda Blvd,332,Seattle Premium Outlets,Tulalip,WA,US,982718081,-122.19,48.09,-480,Pacific Standard Time,GMT-08:00 America/Los_Angeles,12/8/2013 5:41:59 PM,2/3/2017 12:00:00 AM
83ab27b9-8454-403f-9725-15ea464050ae,89253,5th & Columbia - Seattle,Starbucks,16741-159444,206-623-3425,CO,800 5th Ave,L901,,Seattle,WA,US,981047097,-122.33,47.61,-480,Pacific Standard Time,GMT-08:00 America/Los_Angeles,12/8/2013 5:41:59 PM,2/3/2017 12:00:00 AM
ab6844f1-3d83-4bca-8d18-164e75c2f675,16751,Westgate,Starbucks,311-76,253-752-5407,CO,2405 N Pearl St,,,Tacoma,WA,US,984062575,-122.51,47.27,-480,Pacific Standard Time,GMT-08:00 America/Los_Angeles,12/8/2013 5:41:59 PM,2/3/2017 12:00:00 AM
f1603b6c-5f38-4587-a016-1668f80f6c68,11523,Safeway - Seattle #1923,Starbucks,74225-56780,2069353996,LS,9620 28th Ave SW,,,Seattle,WA,US,981264102,-122.37,47.52,-480,Pacific Standard Time,GMT-08:00 America/Los_Angeles,12/8/2013 5:41:59 PM,2/3/2017 12:00:00 AM
d45838ed-e62b-4391-9d25-166ac4ad47f1,13976,Safeway-Bainbridge Island #1252,Starbucks,74276-52039,206-842-7197,LS,253 High School Rd NE,,,Bainbridge Island,WA,US,981101627,-122.52,47.64,-480,Pacific Standard Time,GMT-08:00 America/Los_Angeles,12/8/2013 5:41:59 PM,2/3/2017 12:00:00 AM
e007d960-5d42-41dd-bd01-1688b42a3a89,1013940,Albertsons 575 @ Portland,Starbucks,29354-250711,(503) 284-5083,LS,5850 NE Prescott Street,,,Portland,OR,US,97218,-122.60,45.55,-480,Pacific Standard Time,GMT-08:00 America/Los_Angeles,12/22/2015 12:00:00 AM,2/3/2017 12:00:00 AM
e6fac82f-3cca-4891-8964-16ad2727e0df,14556,12101 Mill Plain Blvd- Vancouver,Starbucks,10178-100024,360-891-3626,CO,12101 SE Mill Plain Blvd,,,Vancouver,WA,US,986846037,-122.55,45.62,-480,Pacific Standard Time,GMT-08:00 America/Los_Angeles,12/8/2013 5:41:59 PM,2/3/2017 12:00:00 AM
9009747b-1934-439e-84f1-16b2275afb69,16114,N. Indian Trail Rd & W. Barnes Rd,Starbucks,3377-68280,509-467-3767,CO,9031 N Indian Trail Rd,,Sundance Plaza,Spokane,WA,US,992089116,-117.49,47.74,-480,Pacific Standard Time,GMT-08:00 America/Los_Angeles,12/8/2013 5:41:59 PM,2/3/2017 12:00:00 AM
f68d5813-7cb7-4d2a-b227-170418c82f09,18283,Safeway - Walla Walla #1160,Starbucks,74937-102627,,LS,1600 Plaza Way,,,Walla Walla,WA,US,993624325,-118.35,46.05,-480,Pacific Standard Time,GMT-08:00 America/Los_Angeles,12/8/2013 5:41:59 PM,2/3/2017 12:00:00 AM
115f793b-ffb3-4774-93a7-17130d64c0fc,7214,W. Francis & N. Ash,Starbucks,360-101155,509-325-2239,CO,1704 W Francis,,,Spokane,WA,US,992056833,-117.44,47.72,-480,Pacific Standard Time,GMT-08:00 America/Los_Angeles,12/8/2013 5:41:59 PM,2/3/2017 12:00:00 AM
2658f50d-583d-458a-b717-17dbadadd4e7,10334,Safeway - Madras #1960,Starbucks,74989-104096,541-325-0460,LS,80 NE Cedar St,,,Madras,OR,US,977411956,-121.13,44.64,-480,Pacific Standard Time,GMT-08:00 America/Los_Angeles,12/8/2013 5:41:59 PM,2/3/2017 12:00:00 AM
8c6a829f-650b-4ccc-9d3e-180e03d1660f,18754,QFC - North Seattle #858,Starbucks,3577-102132,206-363-5717,LS,1531 NE 145th St,,,Seattlle,WA,US,981557205,-122.31,47.73,-480,Pacific Standard Time,GMT-08:00 America/Los_Angeles,12/8/2013 5:41:59 PM,2/3/2017 12:00:00 AM
8adecb39-1d36-4917-8351-186fee0c8e76,16745,Plaza 600 Building,Starbucks,115-66,(206) 441-6898,CO,600 Stewart Street,,,Seattle,WA,US,981011230,-122.34,47.61,-480,Pacific Standard Time,GMT-08:00 America/Los_Angeles,12/8/2013 5:41:59 PM,2/3/2017 12:00:00 AM
1a0d7f43-be85-4dfb-bac4-18d6de2bec12,1006779,Meridian & Jovita - Edgewood,Starbucks,20545-154804,253-318-3269,CO,623 Meridian Ave E,,,Edgewood,WA,US,98354,-122.29,47.25,-480,Pacific Standard Time,GMT-08:00 America/Los_Angeles,12/6/2016 12:00:00 AM,2/3/2017 12:00:00 AM
cd951569-f68d-4c89-8cf4-19035b591554,18323,NE Grand and Lloyd,Starbucks,14045-108072,(503) 231-2793,CO,525 NE Grand Avenue,,,Portland,OR,US,972322726,-122.66,45.53,-480,Pacific Standard Time,GMT-08:00 America/Los_Angeles,12/8/2013 5:41:59 PM,2/3/2017 12:00:00 AM
a1a8056f-1e69-4ae9-869c-19151134ac6b,9800,88th & Andresen Rd - Vancouver,Starbucks,9305-94615,360-885-4559,CO,8720 NE Centerpointe Drive,TBD,,Vancouver,WA,US,986651160,-122.60,45.69,-480,Pacific Standard Time,GMT-08:00 America/Los_Angeles,12/8/2013 5:41:59 PM,2/3/2017 12:00:00 AM
ac5d4018-f503-409a-9f24-195121a4062b,11423,Safeway-Vancouver #4405,Starbucks,74494-96221,360-574-1141,LS,408 NE 81st St,,,Vancouver,WA,US,986658111,-122.67,45.68,-480,Pacific Standard Time,GMT-08:00 America/Los_Angeles,12/8/2013 5:41:59 PM,2/3/2017 12:00:00 AM
6a463fe2-bbaf-4e1c-b80a-195e7ca3a41c,7625,Auburn Way S & M Street,Starbucks,11662-103721,253-833-1361,CO,1436 Auburn Way South,,,Auburn,WA,US,980026740,-122.21,47.29,-480,Pacific Standard Time,GMT-08:00 America/Los_Angeles,12/8/2013 5:41:59 PM,2/3/2017 12:00:00 AM
b71398aa-4765-4cb5-bd8a-198103581d17,10816,Safeway - 535 Thrasher's Corner,Starbucks,79773-100331,4254831060,LS,20711 Bothell Everett Hwy,,,Bothell,WA,US,980127139,-122.21,47.81,-480,Pacific Standard Time,GMT-08:00 America/Los_Angeles,12/8/2013 5:41:59 PM,2/3/2017 12:00:00 AM
b628387f-b8be-4850-beb9-1a594fef616f,15225,Key Bank Plaza,Starbucks,341-90,253-572-2219,CO,1101 Pacific Avenue,,,Tacoma,WA,US,98424,-122.44,47.25,-480,Pacific Standard Time,GMT-08:00 America/Los_Angeles,12/8/2013 5:41:59 PM,2/3/2017 12:00:00 AM
efba51ce-3f51-41d2-802b-1a6739e652b2,14173,117th & Canyon - Beaverton,Starbucks,2915-85627,503-520-8889,CO,4037 SW 117th Avenue,Suite H,,Beaverton,OR,US,970058900,-122.80,45.49,-480,Pacific Standard Time,GMT-08:00 America/Los_Angeles,12/8/2013 5:41:59 PM,2/3/2017 12:00:00 AM
04623ae4-5557-4d36-b3c2-1aaeb3243859,1014255,Elliott Rd & Hwy 99 - Newberg,Starbucks,24960-237084,5036868787,CO,2401 Portland Rd,,,Newberg,OR,US,97132,-122.95,45.30,-480,Pacific Standard Time,GMT-08:00 America/Los_Angeles,3/8/2016 12:00:00 AM,2/3/2017 12:00:00 AM
6ad09bd7-21c0-4cb6-9838-1aaf50cc7436,14431,Cedar Hills Crossing,Starbucks,427-94723,503-626-5233,CO,3205 SW Cedar Hills Blvd.,24,Beaverton Mall,Beaverton,OR,US,970051339,-122.81,45.50,-480,Pacific Standard Time,GMT-08:00 America/Los_Angeles,12/8/2013 5:41:59 PM,2/3/2017 12:00:00 AM
2c6a8e6c-79b7-4945-97d6-1ab38917d4a1,17662,Redmond Way & 158th,Starbucks,349-74803,425-885-9590,CO,15738 Redmond Way,Pad 3,Redmond Center,Redmond,WA,US,980523830,-122.13,47.67,-480,Pacific Standard Time,GMT-08:00 America/Los_Angeles,12/8/2013 5:41:59 PM,2/3/2017 12:00:00 AM
7e68a628-7fbd-4a43-bf60-1af6ee5d07e9,9757,Safeway-Forest Grove #406,Starbucks,74775-79469,503-359-8700,LS,2836 Pacific Ave,,,Forest Grove,OR,US,971161896,-123.10,45.52,-480,Pacific Standard Time,GMT-08:00 America/Los_Angeles,12/8/2013 5:41:59 PM,2/3/2017 12:00:00 AM
af735fbd-b786-4f8c-a70a-1afc6bafbc29,11061,Albertsons-Spokane #258,Starbucks,73116-21391,509-892-2112,LS,13606 E. 32nd Avenue,,,Spokane,WA,US,992160113,-117.22,47.63,-480,Pacific Standard Time,GMT-08:00 America/Los_Angeles,12/8/2013 5:41:59 PM,2/3/2017 12:00:00 AM
7110188c-1466-40d7-9cb6-1b60352b27b3,16120,Safeway-Seattle #1965,Starbucks,74349-84924,206-494-1120,LS,9262 Rainier Ave S,,,Seattle,WA,US,981185570,-122.27,47.52,-480,Pacific Standard Time,GMT-08:00 America/Los_Angeles,12/8/2013 5:41:59 PM,2/3/2017 12:00:00 AM
77143fae-8f1f-4636-a928-1b891e178bc2,15221,Canyon Park,Starbucks,323-270,425-486-0668,CO,22833 Bothell Everett Hwy,,,Bothell,WA,US,980219385,-122.22,47.79,-480,Pacific Standard Time,GMT-08:00 America/Los_Angeles,12/8/2013 5:41:59 PM,2/3/2017 12:00:00 AM
415dc165-04fd-4ef9-aebd-1c092ce0e676,11676,Pike Place,Starbucks,301-67,(206) 448-8762,CO,1912 Pike Place,,,Seattle,WA,US,981011013,-122.34,47.61,-480,Pacific Standard Time,GMT-08:00 America/Los_Angeles,12/8/2013 5:41:59 PM,2/3/2017 12:00:00 AM
c6dbb756-4764-492f-b937-1c5b80f4379b,10511,Queensgate & Duportail,Starbucks,14483-95010,(509) 628-1929,CO,2725 Queensgate Dr,,,W. Richland,WA,US,993529118,-119.31,46.26,-480,Pacific Standard Time,GMT-08:00 America/Los_Angeles,12/8/2013 5:41:59 PM,2/3/2017 12:00:00 AM
d1804a9e-8c1e-4f19-bf5f-1c5c250c687e,8510,Safeway-Orting #1844,Starbucks,74692-94729,360-893-0840,LS,215 Whitesell St NW,,,Orting,WA,US,983609329,-122.21,47.10,-480,Pacific Standard Time,GMT-08:00 America/Los_Angeles,12/8/2013 5:41:59 PM,2/3/2017 12:00:00 AM
67da4ee8-9c6e-4794-b32f-1ca0922cfa9f,69735,Terry & Republican - Seattle,Starbucks,15407-156113,2064674945,CO,442 Terry Avenue N,,,Seattle,WA,US,981011425,-122.34,47.62,-480,Pacific Standard Time,GMT-08:00 America/Los_Angeles,12/8/2013 5:41:59 PM,2/3/2017 12:00:00 AM
781348b0-ec56-4bcd-9e1b-1cab963ad697,1007587,Swedish Orthopedic Institute,Starbucks,22868-212945,2063862143,LS,601 Broadway,,,Seattle,WA,US,98122,-122.32,47.61,-480,Pacific Standard Time,GMT-08:00 America/Los_Angeles,6/7/2016 12:00:00 AM,2/3/2017 12:00:00 AM
c35fec2a-88ee-48f1-a687-1d811d900694,7847,Hwy 507 & Creek St SE- Yelm,Starbucks,13778-105891,360/400-4600,CO,1406 Yelm Ave E,Suite 1,,Yelm,WA,US,985978664,-122.59,46.93,-480,Pacific Standard Time,GMT-08:00 America/Los_Angeles,12/8/2013 5:41:59 PM,2/3/2017 12:00:00 AM
bd36f1f3-c816-404f-b231-1dfc968b3024,13449,Queen Anne Ave N,Starbucks,3355-42599,206-691-3396,CO,425 Queen Anne Avenue N,,,Seattle,WA,US,981094517,-122.36,47.62,-480,Pacific Standard Time,GMT-08:00 America/Los_Angeles,12/8/2013 5:41:59 PM,2/3/2017 12:00:00 AM
f0b09fbf-e1a2-4811-a099-1e3ad51b4206,11311,Columbia Center,Starbucks,101-54,206 4479934,CO,701 Fifth Avenue,,,Seattle,WA,US,981047097,-122.33,47.60,-480,Pacific Standard Time,GMT-08:00 America/Los_Angeles,12/8/2013 5:41:59 PM,2/3/2017 12:00:00 AM
bbedfd88-e7d6-4c43-9956-1e409fcda0d5,12418,Fred Meyer-Warrenton #218,Starbucks,72231-35319,503-861-3000,LS,695 Highway 101,,,Warrenton,OR,US,971469527,-123.90,46.16,-480,Pacific Standard Time,GMT-08:00 America/Los_Angeles,12/8/2013 5:41:59 PM,2/3/2017 12:00:00 AM
92cf502f-b570-48d2-b0ea-1e4106fd7c5f,8145,Safeway-Yakima #1660,Starbucks,74885-97830,509-457-6040,LS,905 E Mead Ave,,,Yakima,WA,US,989033721,-120.49,46.58,-480,Pacific Standard Time,GMT-08:00 America/Los_Angeles,12/8/2013 5:41:59 PM,2/3/2017 12:00:00 AM
446fe5cb-eb4a-4542-b7bc-1e417b8651ae,1007859,Interstate 5 & Rush Road,Starbucks,22424-213024,3607403746,CO,1290 Rush Rd,B,,Napavine,WA,US,98532,-122.91,46.60,-480,Pacific Standard Time,GMT-08:00 America/Los_Angeles,6/9/2014 12:00:00 AM,2/3/2017 12:00:00 AM
9972542c-1722-4318-b734-1e636c9d1c07,1015073,Boones Ferry & SW 65th,Starbucks,487-245066,503-534-2938,CO,17771 Boones Ferry Road,,,Lake Oswego,OR,US,97035,-122.74,45.40,-480,Pacific Standard Time,GMT-08:00 America/Los_Angeles,6/11/2016 12:00:00 AM,2/3/2017 12:00:00 AM
1665d1d5-3919-4724-be2f-1ea4fcaa71c3,7328,Two Union Square,Starbucks,114-101752,206-264-2534,CO,601 Union Street,224B,,Seattle,WA,US,981012341,-122.33,47.61,-480,Pacific Standard Time,GMT-08:00 America/Los_Angeles,12/8/2013 5:41:59 PM,2/3/2017 12:00:00 AM
27e880d2-9584-4184-a56f-1ede6cba8833,9399,12519 N. Division,Starbucks,361-97919,509-468-9461,CO,12519 N Division St,7,,Spokane,WA,US,992181936,-117.40,47.77,-480,Pacific Standard Time,GMT-08:00 America/Los_Angeles,12/8/2013 5:41:59 PM,2/3/2017 12:00:00 AM
94aef505-bf34-467a-b16e-1ee312b96b81,10581,I-405 & NE 44th- Renton,Starbucks,11667-104566,(425) 226-7007,CO,1785 44th Avenue,,,Renton,WA,US,980569000,-122.19,47.53,-480,Pacific Standard Time,GMT-08:00 America/Los_Angeles,12/8/2013 5:41:59 PM,2/3/2017 12:00:00 AM
ab28e0d2-b298-4527-ae45-1f08b076af52,9746,Safeway-Spokane #1242,Starbucks,74777-97827,509-532-0822,LS,2509 E 29th Ave,,,Spokane,WA,US,992234803,-117.37,47.63,-480,Pacific Standard Time,GMT-08:00 America/Los_Angeles,12/8/2013 5:41:59 PM,2/3/2017 12:00:00 AM
19f76378-0617-4a7e-b850-1f1627f62cfa,15910,Lincoln Plaza,Starbucks,3213-496,253-475-5644,CO,2505 S. 38th Street,,,Tacoma,WA,US,984097354,-122.47,47.22,-480,Pacific Standard Time,GMT-08:00 America/Los_Angeles,12/8/2013 5:41:59 PM,2/3/2017 12:00:00 AM
7f194fcf-302d-4668-aa16-1f694dd31c51,8561,Safeway - North Bend #1557,Starbucks,74977-101965,541-751-7000,LS,1735 Virginia Ave,,,North Bend,OR,US,974592346,-124.24,43.41,-480,Pacific Standard Time,GMT-08:00 America/Los_Angeles,12/8/2013 5:41:59 PM,2/3/2017 12:00:00 AM
dd70a998-e686-4e89-b407-1f6de12bfba6,10943,Safeway - Spokane #3248,Starbucks,3968-139824,509-327-4880,LS,902 W Francis Ave,,,Spokane,WA,US,992083639,-117.42,47.72,-480,Pacific Standard Time,GMT-08:00 America/Los_Angeles,12/8/2013 5:41:59 PM,2/3/2017 12:00:00 AM
7ff4b948-fb15-463a-8a0e-1f8c86203b1c,1013586,Fred Meyer - Bothell #457,Starbucks,29236-101220,425-398-7000,LS,21045 Bothell-Everett Highway,,,Bothell,WA,US,980218405,-122.21,47.81,-480,Pacific Standard Time,GMT-08:00 America/Los_Angeles,12/16/2015 12:00:00 AM,2/3/2017 12:00:00 AM
a0262e32-a732-42ee-979a-1fc63668524b,1015003,Fred Meyer Everett #95,Starbucks,25975-239806,425-267-3056,LS,8530 Evergreen Way,,,Everett,WA,US,98208,-122.23,47.92,-480,Pacific Standard Time,GMT-08:00 America/Los_Angeles,8/2/2016 12:00:00 AM,2/3/2017 12:00:00 AM
d06fe7a2-fc00-4a90-bcae-1fd0436add1d,8069,Safeway-Ellensburg #1630,Starbucks,74696-97826,509-925-2700,LS,400 N Ruby St,,,Ellensburg,WA,US,989263152,-120.54,47.00,-480,Pacific Standard Time,GMT-08:00 America/Los_Angeles,12/8/2013 5:41:59 PM,2/3/2017 12:00:00 AM
c8688d4e-2d1c-4231-a0b4-200d7bc592fd,18172,QFC - Meridian #803,Starbucks,73723-102668,253-630-3560,LS,13304 S. E. 240th,,,Kent,WA,US,980425106,-122.16,47.39,-480,Pacific Standard Time,GMT-08:00 America/Los_Angeles,12/8/2013 5:41:59 PM,2/3/2017 12:00:00 AM
9138f386-8ba8-4852-9c52-2046e705aad0,15172,Parkway Supercenter,Starbucks,3267-1860,206-575-1774,CO,17480 Southcenter Parkway,,,Tukwila,WA,US,981883701,-122.26,47.45,-480,Pacific Standard Time,GMT-08:00 America/Los_Angeles,12/8/2013 5:41:59 PM,2/3/2017 12:00:00 AM
79b3e9e3-f364-4042-9666-20605d7d2dde,9074,Southcenter,Starbucks,331-276,(206) 575-8185,CO,333 Strander Blvd,,,Tukwila,WA,US,981882916,-122.26,47.46,-480,Pacific Standard Time,GMT-08:00 America/Los_Angeles,12/8/2013 5:41:59 PM,2/3/2017 12:00:00 AM
23b99b84-f5cb-43e5-ac4f-206483e8678d,8094,Safeway - Redmond #464,Starbucks,74924-101069,425-885-3323,LS,17246 Redmond Way NE,,,Redmond,WA,US,980524403,-122.11,47.67,-480,Pacific Standard Time,GMT-08:00 America/Los_Angeles,12/8/2013 5:41:59 PM,2/3/2017 12:00:00 AM
f5f27740-9465-47b9-9ffd-20bf28195a46,8315,Safeway - Des Moines #1186,Starbucks,74825-97833,253-946-8087,LS,27035 Pacific Hwy S,,,Des Moines,WA,US,981989250,-122.31,47.36,-480,Pacific Standard Time,GMT-08:00 America/Los_Angeles,12/8/2013 5:41:59 PM,2/3/2017 12:00:00 AM
6edc05bc-1569-4efd-8802-20d6159f8cea,1005592,40th & Bridgeport,Starbucks,342-98553,253 5650428,CO,3904 Bridgeport Way W,Suite D,,University Place,WA,US,98466,-122.54,47.22,-480,Pacific Standard Time,GMT-08:00 America/Los_Angeles,12/8/2013 5:41:59 PM,2/3/2017 12:00:00 AM
c817a612-1f8c-432c-ba8d-20e8be07520e,7699,SouthCenter Mall East,Starbucks,14777-126004,206-241-0375,CO,1047 Southcenter Mall,,Southcenter Mall,Tukwila,WA,US,981882824,-122.26,47.46,-480,Pacific Standard Time,GMT-08:00 America/Los_Angeles,12/8/2013 5:41:59 PM,2/3/2017 12:00:00 AM
1b1ee17c-7738-45d2-85e2-2166bd399206,12365,Burien Plaza,Starbucks,3345-32580,206-901-0238,CO,116 SW 148th Street,D-210,Burien Plaza,Burien,WA,US,981661983,-122.33,47.47,-480,Pacific Standard Time,GMT-08:00 America/Los_Angeles,12/8/2013 5:41:59 PM,2/3/2017 12:00:00 AM
6796cace-9cf2-40d7-8244-21a34950213d,16997,SE 126th and Division,Starbucks,14042-108068,(503) 760-1493,CO,12613 SE Division,,,Portland,OR,US,972363131,-122.53,45.50,-480,Pacific Standard Time,GMT-08:00 America/Los_Angeles,12/8/2013 5:41:59 PM,2/3/2017 12:00:00 AM
d5dca62d-7947-4c9c-b85c-234c74b94507,8138,Gage & Keene Rd,Starbucks,10476-95011,509-628-1457,CO,698 Gage Blvd,,,Richland,WA,US,993529512,-119.27,46.23,-480,Pacific Standard Time,GMT-08:00 America/Los_Angeles,12/8/2013 5:41:59 PM,2/3/2017 12:00:00 AM
a62eaed4-0735-4c74-a51d-23aacf1e7c6c,1006835,29th & Willamette - Eugene,Starbucks,22349-219284,5413452245,CO,2830 Willamette St,,,Eugene,OR,US,97405,-123.09,44.03,-480,Pacific Standard Time,GMT-08:00 America/Los_Angeles,9/24/2014 12:00:00 AM,2/3/2017 12:00:00 AM
84edbf4d-b25b-4f69-84dd-23b72e2dbac0,7253,Federal Way Crossing,Starbucks,9302-94431,253-927-0593,CO,1401 South 348th Street,M101,,Federal Way,WA,US,980036882,-122.32,47.29,-480,Pacific Standard Time,GMT-08:00 America/Los_Angeles,12/8/2013 5:41:59 PM,2/3/2017 12:00:00 AM
0cfd5586-0b5e-4070-a00f-23c198335939,13977,Safeway-Renton #1563,Starbucks,74405-52023,425-255-4151,LS,200 S 3rd St,,,Renton,WA,US,980572031,-122.21,47.48,-480,Pacific Standard Time,GMT-08:00 America/Los_Angeles,12/8/2013 5:41:59 PM,2/3/2017 12:00:00 AM
d3fbc31b-39da-48ec-acb9-23fcd8f103a9,1007334,Bainbridge Island Village,Starbucks,21929-213125,2068425463,CO,337 High School Rd NE,,,Bainbridge Island,WA,US,98110,-122.52,47.64,-480,Pacific Standard Time,GMT-08:00 America/Los_Angeles,9/10/2014 12:00:00 AM,2/3/2017 12:00:00 AM
6c34706b-c90e-4b31-a5e9-241b6f24f6f2,14063,Safeway-Moses Lake #3252,Starbucks,74463-94722,509-765-7292,LS,601 S Pioneer Way,,,Moses Lake,WA,US,988374801,-119.27,47.13,-480,Pacific Standard Time,GMT-08:00 America/Los_Angeles,12/8/2013 5:41:59 PM,2/3/2017 12:00:00 AM
5c9a855f-dfd9-41fe-80c6-24947819640f,16874,23rd & Overton,Starbucks,477-5346,503/227-2038,CO,1301 NW 23rd Ave.,,,Portland,OR,US,972102601,-122.70,45.53,-480,Pacific Standard Time,GMT-08:00 America/Los_Angeles,12/8/2013 5:41:59 PM,2/3/2017 12:00:00 AM
8e9edb8e-b948-47a1-b6a8-249deee8f3ef,12144,1217 N. Hamilton,Starbucks,3200-129,(509) 482-7623,CO,1217 N. Hamilton,,,Spokane,WA,US,992021911,-117.40,47.67,-480,Pacific Standard Time,GMT-08:00 America/Los_Angeles,12/8/2013 5:41:59 PM,2/3/2017 12:00:00 AM
c8096946-318f-4b3d-9e47-24ad79b36837,19254,Safeway-Seattle #219,Starbucks,12950-155384,206-722-5552,LS,3900 S Othello St,,,Seattle,WA,US,981183543,-122.28,47.54,-480,Pacific Standard Time,GMT-08:00 America/Los_Angeles,12/8/2013 5:41:59 PM,2/3/2017 12:00:00 AM
02077008-330a-408d-9e0b-24f4636fa6b6,18432,Raleigh Hills,Starbucks,415-51,(503) 291-7191,CO,4735 SW 77th Avenue,,,Portland,OR,US,972251807,-122.76,45.49,-480,Pacific Standard Time,GMT-08:00 America/Los_Angeles,12/8/2013 5:41:59 PM,2/3/2017 12:00:00 AM
da10385a-dd82-4fd9-aa6f-25001eb7acaa,8312,Fred Meyer-Hillsboro #143,Starbucks,72991-93502,503-848-4550,LS,6495 SE Tualatin Valley Hwy,,,Tualatin,OR,US,971237482,-122.91,45.50,-480,Pacific Standard Time,GMT-08:00 America/Los_Angeles,12/8/2013 5:41:59 PM,2/3/2017 12:00:00 AM
44bb1d1c-0a9b-4f28-b181-25633205b1fe,18277,Safeway-Portland #2790,Starbucks,70338-132825,503-205-6746,LS,1303 NW Lovejoy St,,,Portland,OR,US,972092785,-122.68,45.53,-480,Pacific Standard Time,GMT-08:00 America/Los_Angeles,12/8/2013 5:41:59 PM,2/3/2017 12:00:00 AM
9a4a1a0a-709a-4447-b655-25795d4a193a,1015746,Bridgeport Way & 100th - Lakewood,Starbucks,29394-253524,2534423060,CO,10009 Bridgeport Way SW,,,Lakewood,WA,US,984992373,-122.51,47.17,-480,Pacific Standard Time,GMT-08:00 America/Los_Angeles,9/13/2016 12:00:00 AM,2/3/2017 12:00:00 AM
165e2d47-d6d4-469c-aaf1-2598914df9a6,13739,4147 University Way Avenue,Starbucks,7941-95812,206-547-3280,CO,4147 University Way NE,,,Seattle,WA,US,981056213,-122.31,47.66,-480,Pacific Standard Time,GMT-08:00 America/Los_Angeles,12/8/2013 5:41:59 PM,2/3/2017 12:00:00 AM
256406e8-f837-466b-b69b-259d1ddf7b4b,18820,Secure Access SCH Ocean,Starbucks,8890-151149,206-522-5751,CO,"4800 Sand Point Way, NE",,,Seattle,WA,US,981053901,-122.28,47.66,-480,Pacific Standard Time,GMT-08:00 America/Los_Angeles,12/8/2013 5:41:59 PM,2/3/2017 12:00:00 AM
bbe13902-a000-4ed7-acf9-25a6470eed54,18252,Safeway - Spokane #1299,Starbucks,79590-106152,,LS,10100 N Newport Hwy,,,Spokane,WA,US,992181369,-117.40,47.75,-480,Pacific Standard Time,GMT-08:00 America/Los_Angeles,12/8/2013 5:41:59 PM,2/3/2017 12:00:00 AM
5965aa4e-d10b-49b4-877d-25af22c6a3ea,66226,74th & Lakewood Drive - Lakewood,Starbucks,15690-154018,253-473-1340,CO,5422 74th Street West,A,,Lakewood,WA,US,984997900,-122.51,47.19,-480,Pacific Standard Time,GMT-08:00 America/Los_Angeles,12/8/2013 5:41:59 PM,2/3/2017 12:00:00 AM
27450be0-2db8-40c7-a278-25d4907238af,13778,1040 East Marina Road-Hood River,Starbucks,9531-96536,541-386-4691,CO,1040 E. Marina Rd,,,Hood River,OR,US,970312378,-121.50,45.71,-480,Pacific Standard Time,GMT-08:00 America/Los_Angeles,12/8/2013 5:41:59 PM,2/3/2017 12:00:00 AM
bfdea486-bf1c-4c3d-9393-260549b156ad,8728,Hazel Dell,Starbucks,3291-8667,360/993-4365,CO,7720 N.E. Highway 99,,Hazel Dell Fred Meyer,Vancouver,WA,US,986658858,-122.66,45.68,-480,Pacific Standard Time,GMT-08:00 America/Los_Angeles,12/8/2013 5:41:59 PM,2/3/2017 12:00:00 AM
209dea30-46aa-4814-8738-2626e349942f,13127,Fred Meyer-Wood Village #660,Starbucks,72229-35299,503-492-5008,LS,22855 NE Park Lane,,,Wood Village,OR,US,970602606,-122.43,45.53,-480,Pacific Standard Time,GMT-08:00 America/Los_Angeles,12/8/2013 5:41:59 PM,2/3/2017 12:00:00 AM
90ab390a-b7fa-4b9a-9359-267ec55cac34,9081,Medford (B&N),Starbucks,444-282,541-732-1970,CO,1408 Biddle Rd,,Barnes & Noble,Medford,OR,US,975045225,-122.87,42.34,-480,Pacific Standard Time,GMT-08:00 America/Los_Angeles,12/8/2013 5:41:59 PM,2/3/2017 12:00:00 AM
33287f0f-e9d1-4cfd-9d24-2689af493f46,16154,Magnolia,Starbucks,348-76040,(206) 298-3390,CO,3300 W. McGraw St.,100,,Seattle,WA,US,981993246,-122.40,47.64,-480,Pacific Standard Time,GMT-08:00 America/Los_Angeles,12/8/2013 5:41:59 PM,2/3/2017 12:00:00 AM
b8f3c96d-dc77-4e6a-9989-2697c5925f65,16998,NE 181st and Glisan,Starbucks,14043-108070,(503) 666-2197,CO,499 NE 181st Street,,,Portland,OR,US,972306660,-122.48,45.53,-480,Pacific Standard Time,GMT-08:00 America/Los_Angeles,12/8/2013 5:41:59 PM,2/3/2017 12:00:00 AM
e6c8524d-0745-4f37-9266-270567164395,15912,Evergreen Village,Starbucks,3223-1030,(425) 641-4255,CO,1645 140th Avenue N.E.,Space A2,Evergreen Village Shopping Center,Bellevue,WA,US,980052320,-122.15,47.62,-480,Pacific Standard Time,GMT-08:00 America/Los_Angeles,12/8/2013 5:41:59 PM,2/3/2017 12:00:00 AM
f540773b-7206-4240-b497-2746e67c0679,11652,Tigard,Starbucks,418-2004,503-684-5397,CO,16200 SW Pacific HWY,,,Tigard,OR,US,972244053,-122.80,45.40,-480,Pacific Standard Time,GMT-08:00 America/Los_Angeles,12/8/2013 5:41:59 PM,2/3/2017 12:00:00 AM
d3b30468-9d6e-403f-8a36-2750aa8b1019,15166,N. Liberty Lake Rd & E Appleway Ave,Starbucks,3378-68300,509-922-2549,CO,1342 North Liberty Lake Road,,Liberty Lake Town Center,Liberty Lake,WA,US,990198523,-117.10,47.67,-480,Pacific Standard Time,GMT-08:00 America/Los_Angeles,12/8/2013 5:41:59 PM,2/3/2017 12:00:00 AM
5f9b5628-4a9f-4eeb-9e92-2750d7c51ff3,17864,Bridge Street Plaza- Clarkston,Starbucks,11317-102908,509-751-8472,CO,303 Bridge Street,1,,Clarkston,WA,US,994032921,-117.04,46.42,-480,Pacific Standard Time,GMT-08:00 America/Los_Angeles,12/8/2013 5:41:59 PM,2/3/2017 12:00:00 AM
01d5d4ad-67de-4588-800c-27571fea7114,66225,4th & Union - Seattle,Starbucks,15625-153287,206-682-1139,CO,1318 4th Ave,,,Seattle,WA,US,981012504,-122.34,47.61,-480,Pacific Standard Time,GMT-08:00 America/Los_Angeles,12/8/2013 5:41:59 PM,2/3/2017 12:00:00 AM
6167c442-6521-48ae-8d3d-27709ff8b06b,11619,Safeway-Arlington #1522,Starbucks,74700-97010,360-435-3636,LS,20500 Olympic Pl,,,Arlington,WA,US,982235094,-122.13,48.18,-480,Pacific Standard Time,GMT-08:00 America/Los_Angeles,12/8/2013 5:41:59 PM,2/3/2017 12:00:00 AM
8124469e-3c03-473d-ab5e-277fbe0fdef0,18356,Albertsons 2599 @ Bend,Starbucks,73685-104191,,LS,1800 NE 3rd St,,,Bend,OR,US,977013801,-121.30,44.07,-480,Pacific Standard Time,GMT-08:00 America/Los_Angeles,12/8/2013 5:41:59 PM,2/3/2017 12:00:00 AM
fe3185c2-da0d-4989-9876-279fed2bf832,9801,1st & Walker-Seattle,Starbucks,9303-95447,206-624-6045,CO,1962 1st Ave S.,,,Seattle,WA,US,981341406,-122.33,47.58,-480,Pacific Standard Time,GMT-08:00 America/Los_Angeles,12/8/2013 5:41:59 PM,2/3/2017 12:00:00 AM
d55635f2-9983-48e4-aeb7-27a368f2843c,1012943,Dexter Station,Starbucks,3449-233964,2062832211,CO,1101 Dexter Ave,,,Seattle,WA,US,98109,-122.34,47.63,-480,Pacific Standard Time,GMT-08:00 America/Los_Angeles,8/28/2015 12:00:00 AM,2/3/2017 12:00:00 AM
ed038ea8-420b-4d07-ab2c-27ba990cdc04,18496,Centralia Mrkt Sq.,Starbucks,3328-12329,360-807-8801,CO,1161 Harrison Ave.,,Centralia Market Square,Centralia,WA,US,985311852,-122.98,46.73,-480,Pacific Standard Time,GMT-08:00 America/Los_Angeles,12/8/2013 5:41:59 PM,2/3/2017 12:00:00 AM
9e9ac753-2e2f-4d0b-8121-27d2213f4ca8,17515,Fred Meyer - The Dalles #372,Starbucks,79246-100439,541-296-1700,LS,1215 West 6th Street,,,The Dalles,OR,US,970583585,-121.20,45.61,-480,Pacific Standard Time,GMT-08:00 America/Los_Angeles,12/8/2013 5:41:59 PM,2/3/2017 12:00:00 AM
ebdabc0c-5dd1-4de7-b867-282bc8f127af,6449,Target Richland T-2314,Starbucks,76865-118484,509-943-2763,LS,2941 Queensgate Dr,,,Richland,WA,US,993529101,-119.31,46.26,-480,Pacific Standard Time,GMT-08:00 America/Los_Angeles,12/8/2013 5:41:59 PM,2/3/2017 12:00:00 AM
93065caf-a311-4a7b-912f-283b1233c36a,19342,Safeway-Seattle #1586,Starbucks,13187-152144,206-306-0504,LS,12318 15th Ave NE,,,Seattle,WA,US,981254820,-122.31,47.72,-480,Pacific Standard Time,GMT-08:00 America/Los_Angeles,12/8/2013 5:41:59 PM,2/3/2017 12:00:00 AM
16391ab7-300b-465e-b9e4-28545f6c752c,14230,Safeway-Federal Way #1555,Starbucks,74487-51899,253-839-8503,LS,1207 S 320th St,,,Federal Way,WA,US,980035339,-122.32,47.31,-480,Pacific Standard Time,GMT-08:00 America/Los_Angeles,12/8/2013 5:41:59 PM,2/3/2017 12:00:00 AM
b6d16a7b-f0ec-4f3c-829c-2863599b3e7f,11897,257th & Stark,Starbucks,489-14171,503/667-3311,CO,25619 SE Stark St,Bldg 6,,Troutdale,OR,US,970603305,-122.40,45.52,-480,Pacific Standard Time,GMT-08:00 America/Los_Angeles,12/8/2013 5:41:59 PM,2/3/2017 12:00:00 AM
f724764e-6e5d-41bd-a6c7-28d766145f7e,15241,Lake Grove,Starbucks,438-147,(503) 699-3007,CO,16398 SW Boones Ferry Road,,Lake Grove Shopping Center,Lake Oswego,OR,US,970354262,-122.72,45.41,-480,Pacific Standard Time,GMT-08:00 America/Los_Angeles,12/8/2013 5:41:59 PM,2/3/2017 12:00:00 AM
54243f5f-8f96-471b-9fac-291ef875df40,7896,Safeway - Olympia #1173,Starbucks,74936-101468,360-438-3914,LS,1243 Marvin Rd NE,,,Olympia,WA,US,985164701,-122.77,47.06,-480,Pacific Standard Time,GMT-08:00 America/Los_Angeles,12/8/2013 5:41:59 PM,2/3/2017 12:00:00 AM
e525639f-9015-49b2-bf93-29224ab8926c,15224,Crossroads,Starbucks,340-216,425-746-4773,CO,15600 NE 8th,,,Bellevue,WA,US,980083927,-122.13,47.62,-480,Pacific Standard Time,GMT-08:00 America/Los_Angeles,12/8/2013 5:41:59 PM,2/3/2017 12:00:00 AM
62fbd1a5-b997-4737-9a3f-2a044376efdc,15737,Albertsons-Royal #513,Starbucks,73497-52339,541-688-6497,LS,4740 Royal Ave,,,Eugene,OR,US,974021755,-123.18,44.07,-480,Pacific Standard Time,GMT-08:00 America/Los_Angeles,12/8/2013 5:41:59 PM,2/3/2017 12:00:00 AM
536d0a0b-4ce5-4610-9505-2a7ab0c0c906,11877,Issaquah Meadows,Starbucks,3322-20299,425-427-1890,CO,1460 NW Gilman Blvd,Ste K1,,Issaquah,WA,US,980275300,-122.06,47.55,-480,Pacific Standard Time,GMT-08:00 America/Los_Angeles,12/8/2013 5:41:59 PM,2/3/2017 12:00:00 AM
734a2c98-cf12-428a-bcac-2a80afed33a7,7573,Hwy 30 & Gable- St Helens,Starbucks,13327-106751,503-397-1259,CO,"2298 Gable Rd, Suite 130",,,St Helens,OR,US,970513023,-122.83,45.85,-480,Pacific Standard Time,GMT-08:00 America/Los_Angeles,12/8/2013 5:41:59 PM,2/3/2017 12:00:00 AM
8b9fb132-47a6-453d-b22c-2aeae16f2b09,8790,Hawthorne & Nevada,Starbucks,8138-95004,509-465-1531,CO,915 East Hawthorne Road,,,Spokane,WA,US,992181482,-117.40,47.75,-480,Pacific Standard Time,GMT-08:00 America/Los_Angeles,12/8/2013 5:41:59 PM,2/3/2017 12:00:00 AM
cd54bc74-94ec-4916-8775-2af5adca55ed,9056,208th & Benson/Panther Lk.,Starbucks,3244-1827,(253) 859-5317,CO,10700 SE 208th Street,,,Kent,WA,US,980315545,-122.20,47.42,-480,Pacific Standard Time,GMT-08:00 America/Los_Angeles,12/8/2013 5:41:59 PM,2/3/2017 12:00:00 AM
29cb7ca7-c600-4af1-8f11-2af62793e0a5,12204,Safeway-Salmon Creek #1842,Starbucks,74220-35466,360-566-7980,LS,12909 NE 99,,,Salmon Creek,WA,US,98686,-122.65,45.72,-480,Pacific Standard Time,GMT-08:00 America/Los_Angeles,12/8/2013 5:41:59 PM,2/3/2017 12:00:00 AM
64c3ad33-0be4-49d4-91c1-2b3aad55ff59,14505,Interurban Ave,Starbucks,9319-88089,206-244-7062,CO,13038 Interurban Ave,,,Tukwila,WA,US,981683313,-122.27,47.49,-480,Pacific Standard Time,GMT-08:00 America/Los_Angeles,12/8/2013 5:41:59 PM,2/3/2017 12:00:00 AM
a62968df-264d-4df5-bd69-2b7108992b1b,91099,Sunnyside & Misty Dr - Happy Valley,Starbucks,17765-173607,5035589477,CO,14669 SE Sunnyside Road,,,Happy Valley,OR,US,97086,-122.51,45.43,-480,Pacific Standard Time,GMT-08:00 America/Los_Angeles,12/8/2013 5:41:59 PM,2/3/2017 12:00:00 AM
67b2940a-43dc-4d55-8160-2b909c6ea42f,16014,1144 Elliott Ave W - Seattle,Starbucks,9447-95022,206-283-9629,CO,1144  Elliott Avenue West,,,Seattle,WA,US,981193103,-122.37,47.63,-480,Pacific Standard Time,GMT-08:00 America/Los_Angeles,12/8/2013 5:41:59 PM,2/3/2017 12:00:00 AM
4fa5f163-a737-42de-bd98-2bb33810dba4,12571,Safeway-Maple Valley #1471,Starbucks,74703-97837,425-432-2020,LS,26916 Maple Valley Hwy,,,Maple Valley,WA,US,98038,-122.02,47.36,-480,Pacific Standard Time,GMT-08:00 America/Los_Angeles,12/8/2013 5:41:59 PM,2/3/2017 12:00:00 AM
919b2fe9-f13c-45bf-8255-2c9496fba053,1016395,Target N Tacoma T-341,Starbucks,49108-265005,2536272112,LS,3320 S 23rd Street,,,N. Tacoma,WA,US,98405,-122.48,47.24,-480,Pacific Standard Time,GMT-08:00 America/Los_Angeles,11/30/2016 12:00:00 AM,2/3/2017 12:00:00 AM
4b7c0c55-5ef6-453e-bb2e-2ca129c1dc37,14136,Rose Hill - Kirkland,Starbucks,3414-88083,425-827-5247,CO,12209 NE 85th St,,,Kirkland,WA,US,980338036,-122.18,47.68,-480,Pacific Standard Time,GMT-08:00 America/Los_Angeles,12/8/2013 5:41:59 PM,2/3/2017 12:00:00 AM
c469c1ed-5b1b-425b-aa38-2d12b02abf79,17554,Forest Heights- Portland,Starbucks,9337-95115,503-297-0142,CO,2021 NW Miller Road,,,Portland,OR,US,972297515,-122.78,45.54,-480,Pacific Standard Time,GMT-08:00 America/Los_Angeles,12/8/2013 5:41:59 PM,2/3/2017 12:00:00 AM
d8ecb866-3f75-47c3-a480-2dcc1934d126,18613,Division & Wellesley,Starbucks,14719-125944,5094835070,CO,4727 N. Division St,,Northtown Square,Spokane,WA,US,992071403,-117.41,47.70,-480,Pacific Standard Time,GMT-08:00 America/Los_Angeles,12/8/2013 5:41:59 PM,2/3/2017 12:00:00 AM
4e263473-6fb3-40e4-a9b5-2dcc3f4ae91b,13049,Lake Stevens,Starbucks,3303-5987,425-377-1192,CO,8915 Market Place,,,Everett,WA,US,98204,-122.11,48.00,-480,Pacific Standard Time,GMT-08:00 America/Los_Angeles,12/8/2013 5:41:59 PM,2/3/2017 12:00:00 AM
fc606a40-9f54-4f92-9487-2de37f15f11f,17001,242nd and Burnside,Starbucks,14030-108069,(503) 665-1030,CO,1755 NE Burnside,,,Gresham,OR,US,970305730,-122.41,45.50,-480,Pacific Standard Time,GMT-08:00 America/Los_Angeles,12/8/2013 5:41:59 PM,2/3/2017 12:00:00 AM
707cf797-5e95-4d2f-a725-2e7c070e7dc5,12928,Harbour Pointe Retail Town Center,Starbucks,3411-81720,425-493-6848,CO,10100 Mukilteo Speedway,,Harbour Pointe Retail Town Center,Mukilteo,WA,US,982754752,-122.29,47.91,-480,Pacific Standard Time,GMT-08:00 America/Los_Angeles,12/8/2013 5:41:59 PM,2/3/2017 12:00:00 AM
e65c42de-acbb-4d84-bc87-2e8b2aa92b3c,11098,Target Sherwood T-1868,Starbucks,76261-81044,503-610-6000,LS,21365 SW Baler Way,,,Sherwood,OR,US,971408989,-122.84,45.37,-480,Pacific Standard Time,GMT-08:00 America/Los_Angeles,12/8/2013 5:41:59 PM,2/3/2017 12:00:00 AM
71fb99a8-fcfd-4df2-85c8-2e961f2ad4b1,11679,Alderwood Mall,Starbucks,328-2141,425-771-0878,CO,3000 184th St SW,#368,,Lynnwood,WA,US,980374740,-122.27,47.83,-480,Pacific Standard Time,GMT-08:00 America/Los_Angeles,12/8/2013 5:41:59 PM,2/3/2017 12:00:00 AM
8ce13d0b-fb17-4846-939b-2ec0893e3198,1009954,Bethany Village Centre,Starbucks,463-210425,(503) 533-2233,CO,4720 NW Bethany Blvd,F-4,,Portland,OR,US,97229,-122.84,45.55,-480,Pacific Standard Time,GMT-08:00 America/Los_Angeles,7/11/2014 12:00:00 AM,2/3/2017 12:00:00 AM
3dad3b6c-cb13-4457-a9a3-2ecb43828366,7021,Eastgate-Bellevue,Starbucks,2983-103485,425-641-2806,CO,3181 156th Ave SE,,,Bellevue,WA,US,980076541,-122.13,47.58,-480,Pacific Standard Time,GMT-08:00 America/Los_Angeles,12/8/2013 5:41:59 PM,2/3/2017 12:00:00 AM
66436dcd-a457-44a9-95fd-2ef213f3d469,1005347,Bellis Fair Mall,Starbucks,19205-197725,360 6710807,CO,1 Bellis Fair Parkway,3215,,Bellingham,WA,US,98226,-122.49,48.79,-480,Pacific Standard Time,GMT-08:00 America/Los_Angeles,12/8/2013 5:41:59 PM,2/3/2017 12:00:00 AM
512bed6d-5200-4a01-967e-2f22f51a9573,10822,Target Portland NE T-2523,Starbucks,5109-148124,971-230-1930,LS,9401 NE Cascades Pkwy,,,Portland,OR,US,972206824,-122.57,45.58,-480,Pacific Standard Time,GMT-08:00 America/Los_Angeles,12/8/2013 5:41:59 PM,2/3/2017 12:00:00 AM
08a0785d-84f6-4728-8611-2f78cdfe2d27,17151,Safeway - St. Helens #424,Starbucks,79616-104103,503-397-2630,LS,795 Columbia River Hwy,,,St. Helens,OR,US,970511915,-122.83,45.85,-480,Pacific Standard Time,GMT-08:00 America/Los_Angeles,12/8/2013 5:41:59 PM,2/3/2017 12:00:00 AM
baca85b1-c385-414b-ad7e-2fae86489805,1009314,Woodburn Premium Outlet,Starbucks,23688-223266,5039825205,CO,1001 North Arney Road,812,,Woodburn,OR,US,97071,-122.88,45.16,-480,Pacific Standard Time,GMT-08:00 America/Los_Angeles,11/25/2014 12:00:00 AM,2/3/2017 12:00:00 AM
6546fc06-82d3-4b05-824b-301237393e0d,10075,"Belfair Valley Plaza-Belfair, WA",Starbucks,10989-100925,360-275-0939,CO,23965 NE SR3,,,Belfair,WA,US,98528,-122.82,47.45,-480,Pacific Standard Time,GMT-08:00 America/Los_Angeles,12/8/2013 5:41:59 PM,2/3/2017 12:00:00 AM
794ba9d0-f987-4570-9ef7-30babe2323c4,1011555,Albertsons Marysville #471,Starbucks,25424-240773,13606595841,LS,301 Marysville Mall #60,,,Marysville,WA,US,98270,-122.18,48.05,-480,Pacific Standard Time,GMT-08:00 America/Los_Angeles,5/20/2015 12:00:00 AM,2/3/2017 12:00:00 AM
8e2d4078-e21a-43f5-9e14-312a59c9d256,15721,Oak Harbor,Starbucks,3286-2085,360-279-8327,CO,31239 SR 20,Unit 101,Bayview Plaza Shopping Center,Oak Harbor,WA,US,98277,-122.66,48.29,-480,Pacific Standard Time,GMT-08:00 America/Los_Angeles,12/8/2013 5:41:59 PM,2/3/2017 12:00:00 AM
5dbf223d-3d13-4845-b30f-31fda9099cce,9054,Totem Lake West,Starbucks,3224-1161,(425) 820-1334,CO,11400 NE 124th ST,,Totem Lake West Shoppkng Center,Kirkland,WA,US,980344305,-122.19,47.71,-480,Pacific Standard Time,GMT-08:00 America/Los_Angeles,12/8/2013 5:41:59 PM,2/3/2017 12:00:00 AM
3d3d8d8a-0a07-4fef-b382-32029d9e3d08,68158,Target Lynnwood T-338,Starbucks,16155-168545,425-670-1435,LS,18305 Alderwood Mall Pkwy,,,Lynnwood,WA,US,980373961,-122.27,47.83,-480,Pacific Standard Time,GMT-08:00 America/Los_Angeles,12/8/2013 5:41:59 PM,2/3/2017 12:00:00 AM
f943885b-00a1-408f-8411-321aab40e786,13099,Safeway-Lake Stevens #1803,Starbucks,74354-86101,425-249-4000,LS,717 SR-9 NE,,,Lake Stevens,WA,US,98258,-122.10,48.00,-480,Pacific Standard Time,GMT-08:00 America/Los_Angeles,12/8/2013 5:41:59 PM,2/3/2017 12:00:00 AM
fbc82d86-3190-445b-b313-32349711175c,12891,Safeway-Gresham #430,Starbucks,74390-77221,503-492-7270,LS,1455 NE Division,,,Gresham,OR,US,970304270,-122.42,45.51,-480,Pacific Standard Time,GMT-08:00 America/Los_Angeles,12/8/2013 5:41:59 PM,2/3/2017 12:00:00 AM
d6376f4c-63ea-46c5-b9e6-328011a9be95,11205,Fred Meyer - Hillsboro #661,Starbucks,72708-33980,503-747-1100,LS,22075 NW Imbrie Dr.,,,Hillsboro,OR,US,971247578,-122.90,45.55,-480,Pacific Standard Time,GMT-08:00 America/Los_Angeles,12/8/2013 5:41:59 PM,2/3/2017 12:00:00 AM
2d2706e2-24c2-4e09-9d92-32ba459b156c,11960,Doernbecher/Hospital,Starbucks,471-2064,503-418-5350,CO,700 SW Campus Drive,,,Portland,OR,US,97201,-122.69,45.50,-480,Pacific Standard Time,GMT-08:00 America/Los_Angeles,12/8/2013 5:41:59 PM,2/3/2017 12:00:00 AM
ebec7ca6-e8b0-44de-bf45-33704050822a,1007263,Hwy 211 and Hwy 99E,Starbucks,22430-217004,5039812108,CO,1560 N Pacific Hwy,,,Woodburn,OR,US,97071,-122.83,45.15,-480,Pacific Standard Time,GMT-08:00 America/Los_Angeles,6/20/2014 12:00:00 AM,2/3/2017 12:00:00 AM
8333e5df-5908-46cf-a511-33c75a7f6c64,18752,Safeway - Federal Way #3501,Starbucks,3797-141366,253-838-9941,LS,2109 SW 336TH ST,,,Federal Way,WA,US,980232847,-122.36,47.30,-480,Pacific Standard Time,GMT-08:00 America/Los_Angeles,12/8/2013 5:41:59 PM,2/3/2017 12:00:00 AM
8f777719-8e9f-45df-b8a1-33cee9339dbe,9329,Fred Meyer-Johnson Creek #153,Starbucks,72746-71620,503-788-2000,LS,8955 SE 82nd Ave,,,Portland,OR,US,97266,-122.58,45.46,-480,Pacific Standard Time,GMT-08:00 America/Los_Angeles,12/8/2013 5:41:59 PM,2/3/2017 12:00:00 AM
bfd9a11b-dab8-4f2d-9629-33db4cd091dd,11500,Fred Meyer - Puyallup #265,Starbucks,72774-57619,253-840-8158,LS,1100 North Meridian,,,Puyallup,WA,US,983714403,-122.30,47.20,-480,Pacific Standard Time,GMT-08:00 America/Los_Angeles,12/8/2013 5:41:59 PM,2/3/2017 12:00:00 AM
15afd1e6-b273-4a22-8b63-344fcc6ec170,1005436,Target Portland T-2791,Starbucks,19690-184986,503-290-5361,LS,939 SW Morrison,,,Portland,OR,US,97205,-122.68,45.52,-480,Pacific Standard Time,GMT-08:00 America/Los_Angeles,12/8/2013 5:41:59 PM,2/3/2017 12:00:00 AM
91f3dc55-cc5e-4d18-bfa3-3467423852f9,11037,MLK Way & Graham - Seattle,Starbucks,11158-99264,206-725-0718,CO,6310 Martin Luther King Jr. Way South,,,Seattle,WA,US,98118,-122.29,47.55,-480,Pacific Standard Time,GMT-08:00 America/Los_Angeles,12/8/2013 5:41:59 PM,2/3/2017 12:00:00 AM
3f79f388-1737-4960-8eb5-34e964046053,14861,39th & Sandy,Starbucks,491-31999,503/287-3565,CO,1633 NE 39th,,,Portland,OR,US,97232,-122.62,45.53,-480,Pacific Standard Time,GMT-08:00 America/Los_Angeles,12/8/2013 5:41:59 PM,2/3/2017 12:00:00 AM
876dfceb-e430-4b2a-b074-34f4c4b09e82,7616,Lynden Retail - Lynden,Starbucks,13422-103654,360-354-4207,CO,8082 Guide Meridian Ave,101,,Lynden,WA,US,982649239,-122.48,48.93,-480,Pacific Standard Time,GMT-08:00 America/Los_Angeles,12/8/2013 5:41:59 PM,2/3/2017 12:00:00 AM
f76c8180-eb99-4eb7-8dfa-3572eb0be0e7,19209,Safeway - Spokane #1494,Starbucks,3916-136885,509-327-4593,LS,2507 W Wellesley Ave,,,Spokane,WA,US,992055007,-117.45,47.70,-480,Pacific Standard Time,GMT-08:00 America/Los_Angeles,12/8/2013 5:41:59 PM,2/3/2017 12:00:00 AM
54a225b1-91f8-4a82-8bed-35ba350e643e,14798,162nd & 18th,Starbucks,3275-2787,360/604-0972,CO,1900A NE 162nd Ave.,,,Vancouver,WA,US,986843012,-122.51,45.64,-480,Pacific Standard Time,GMT-08:00 America/Los_Angeles,12/8/2013 5:41:59 PM,2/3/2017 12:00:00 AM
baea26cf-d3a5-47f0-87e6-35eef9218eea,1005576,224th & Meridian - Graham,Starbucks,19666-171346,2538757988,CO,22205 Meridian Ave E,,,Graham,WA,US,98338,-122.29,47.05,-480,Pacific Standard Time,GMT-08:00 America/Los_Angeles,12/8/2013 5:41:59 PM,2/3/2017 12:00:00 AM
c4fc71ff-279c-4377-806f-36343a1f0d46,9950,Columbia Tower 40th Floor- Seattle,Starbucks,10302-99442,206-264-0152,CO,701 5th Avenue,4020,Bank of America Tower,Seattle,WA,US,981047097,-122.33,47.60,-480,Pacific Standard Time,GMT-08:00 America/Los_Angeles,12/8/2013 5:41:59 PM,2/3/2017 12:00:00 AM
0c61e574-32f9-4023-9768-366faf7a8e03,8768,Ballard,Starbucks,318-80,(206) 782-2795,CO,2200 NW Market Street,,,Seattle,WA,US,981074024,-122.39,47.67,-480,Pacific Standard Time,GMT-08:00 America/Los_Angeles,12/8/2013 5:41:59 PM,2/3/2017 12:00:00 AM
339113be-1176-4d4f-af7b-36aa623aefe9,1006154,Safeway-Portland(Barbur) #3136,Starbucks,19198-178684,503-452-6212,LS,8145 SW Barbur Blvd,,,Portland,OR,US,97219,-122.70,45.47,-480,Pacific Standard Time,GMT-08:00 America/Los_Angeles,12/8/2013 5:41:59 PM,2/3/2017 12:00:00 AM
06b41690-7886-4cd1-929f-36e20f5114e2,10706,Target Puyallup T-2136,Starbucks,76993-99506,253-864-4605,LS,10302 156th St E,,,Puyallup,WA,US,983749321,-122.29,47.11,-480,Pacific Standard Time,GMT-08:00 America/Los_Angeles,12/8/2013 5:41:59 PM,2/3/2017 12:00:00 AM
0302f397-251f-4eab-8364-37233ce4621e,19291,Safeway - Tacoma #3424,Starbucks,79793-101466,253-752-5570,LS,2411 N Proctor,,,Tacoma,WA,US,984065335,-122.49,47.27,-480,Pacific Standard Time,GMT-08:00 America/Los_Angeles,12/8/2013 5:41:59 PM,2/3/2017 12:00:00 AM
63fb7fb6-b84f-4cfe-811d-372eaf1ae9a2,6488,6607 W. Canal Drive,Starbucks,13914-108406,509-783-1640,CO,6607 West Canal Drive,A,,Kennewick,WA,US,993365077,-119.21,46.23,-480,Pacific Standard Time,GMT-08:00 America/Los_Angeles,12/8/2013 5:41:59 PM,2/3/2017 12:00:00 AM
9f9ababa-7984-4e42-ae41-3744ab53d558,8411,Russell Investments Center-Seattle,Starbucks,10927-102530,206-264-0289,CO,1301 2nd Ave,200,,Seattle,WA,US,981012005,-122.34,47.61,-480,Pacific Standard Time,GMT-08:00 America/Los_Angeles,12/8/2013 5:41:59 PM,2/3/2017 12:00:00 AM
5fb49970-af2d-4b6e-b416-3749a03e6771,10913,"QFC-West Seattle, WA #883",Starbucks,5124-142239,206-923-6390,LS,4550 42nd Ave SW,,,Seattle,WA,US,981164527,-122.38,47.56,-480,Pacific Standard Time,GMT-08:00 America/Los_Angeles,12/8/2013 5:41:59 PM,2/3/2017 12:00:00 AM
3347f564-9ce1-4961-ac37-377385185327,20152,Safeway - Seattle #1550,Starbucks,7136-150645,206-525-6348,LS,7300 Roosevelt Way NE,,,Seattle,WA,US,981155663,-122.32,47.68,-480,Pacific Standard Time,GMT-08:00 America/Los_Angeles,12/8/2013 5:41:59 PM,2/3/2017 12:00:00 AM
16569233-2004-4be5-b9e4-3779efe699d5,63082,"Fred Meyer-Wilsonville, OR #516",Starbucks,15618-154524,503-570-3500,LS,30300 SW Boones Ferry Rd,,,Wilsonville,OR,US,97070,-122.77,45.30,-480,Pacific Standard Time,GMT-08:00 America/Los_Angeles,12/8/2013 5:41:59 PM,2/3/2017 12:00:00 AM
4deb824c-a17a-4e2d-939e-3781ff6cc061,17295,Point at Bridgeport- Tualatin,Starbucks,10696-88066,503-620-0563,CO,7126 SW Hazelfern Rd,Bldg #1,,Tigard,OR,US,97224,-122.75,45.39,-480,Pacific Standard Time,GMT-08:00 America/Los_Angeles,12/8/2013 5:41:59 PM,2/3/2017 12:00:00 AM
3460e351-fa43-4154-ad11-3783db2d70aa,11379,Northgate Way,Starbucks,3363-39519,206-417-1403,CO,2137  North Northgate Way,,,Seattle,WA,US,981339006,-122.33,47.71,-480,Pacific Standard Time,GMT-08:00 America/Los_Angeles,12/8/2013 5:41:59 PM,2/3/2017 12:00:00 AM
d68d7494-2c0c-4a1f-a043-37d0e7853a80,11686,Lloyd Center,Starbucks,410-180,(503) 249-0416,CO,925 Lloyd Center,C114,,Portland,OR,US,97232,-122.66,45.53,-480,Pacific Standard Time,GMT-08:00 America/Los_Angeles,12/8/2013 5:41:59 PM,2/3/2017 12:00:00 AM
a25d3b8a-b212-4703-a284-38247a3973ac,1010432,164th & Mill Plain,Starbucks,3375-220504,3602538035,CO,918 SE 164th Ave.,100,,Vancouver,WA,US,98683,-122.51,45.61,-480,Pacific Standard Time,GMT-08:00 America/Los_Angeles,10/8/2014 12:00:00 AM,2/3/2017 12:00:00 AM
a84e2dc8-8afc-4e5f-ae20-382d3804256f,7820,Safeway-Kent #792,Starbucks,74918-96846,253-630-0063,LS,17051 SE 272nd St,,,Covingtion,WA,US,980424948,-122.11,47.36,-480,Pacific Standard Time,GMT-08:00 America/Los_Angeles,12/8/2013 5:41:59 PM,2/3/2017 12:00:00 AM
055ed060-20da-43e6-ae85-38321a0700b8,1012353,Silverdale & Bucklin,Starbucks,3337-231784,3606620182,CO,3190 NW Bucklin Hill Road,,,Silverdale,WA,US,98383,-122.69,47.65,-480,Pacific Standard Time,GMT-08:00 America/Los_Angeles,8/4/2015 12:00:00 AM,2/3/2017 12:00:00 AM
b7f16707-fe33-4fae-abf7-3859fd3a5431,13051,Battle Ground,Starbucks,3314-9472,360/666-2874,CO,11 N.W. 12th Avenue,101,,Battle Ground,WA,US,986049122,-122.55,45.78,-480,Pacific Standard Time,GMT-08:00 America/Los_Angeles,12/8/2013 5:41:59 PM,2/3/2017 12:00:00 AM
ed25e570-ad67-4bb2-ac70-388bf5147a10,14770,Safeway-Eugene #420,Starbucks,74236-42119,541-485-8658,LS,1500 Coburg Rd,,,Eugene,OR,US,974014802,-123.07,44.08,-480,Pacific Standard Time,GMT-08:00 America/Los_Angeles,12/8/2013 5:41:59 PM,2/3/2017 12:00:00 AM
b8f0e481-c45c-4179-893f-38a25a7533cd,8051,Fred Meyer-Marysville #209,Starbucks,79244-96222,360-653-0700,LS,9925 State Ave,,,Marysville,WA,US,982702253,-122.17,48.09,-480,Pacific Standard Time,GMT-08:00 America/Los_Angeles,12/8/2013 5:41:59 PM,2/3/2017 12:00:00 AM
ddc9b843-5821-4244-932b-38a847f79f45,1016355,6th & Austin - Klamath Falls,Starbucks,24813-238368,(541) 880-8123,CO,6th & Austin,,,Klamath Falls,OR,US,97603,-121.75,42.21,-480,Pacific Standard Time,GMT-08:00 America/Los_Angeles,11/10/2016 12:00:00 AM,2/3/2017 12:00:00 AM
dcf37a1d-a228-4cd7-bae9-38c6d41db850,17675,Fred Meyer - Lacey #186,Starbucks,72747-71600,360-438-6450,LS,700 Sleater Kinney Rd SE,,,Lacey,WA,US,985031150,-122.83,47.04,-480,Pacific Standard Time,GMT-08:00 America/Los_Angeles,12/8/2013 5:41:59 PM,2/3/2017 12:00:00 AM
9dc167b9-3c1e-4e04-978a-38fa17847369,1008642,60th & Columbia,Starbucks,22003-216444,5032821807,CO,6020 NE Columbia Blvd,,,Portland,OR,US,97218,-122.60,45.57,-480,Pacific Standard Time,GMT-08:00 America/Los_Angeles,5/30/2014 12:00:00 AM,2/3/2017 12:00:00 AM
3a5ffd7e-f4cc-4701-9c89-3905d9353497,14506,Benson Plaza,Starbucks,322-98484,425-235-7948,CO,17901 108th Ave SE,,,Renton,WA,US,980556446,-122.20,47.44,-480,Pacific Standard Time,GMT-08:00 America/Los_Angeles,12/8/2013 5:41:59 PM,2/3/2017 12:00:00 AM
75afde44-5802-4adc-8ce8-39141ea0b9a7,1013863,82nd & King,Starbucks,24937-228204,5039430589,CO,10413 SE 82nd Avenue,Suite A,,Portland,OR,US,970862311,-122.58,45.45,-480,Pacific Standard Time,GMT-08:00 America/Los_Angeles,12/15/2015 12:00:00 AM,2/3/2017 12:00:00 AM
c8f1fe2d-5703-4ab5-9314-3a4edf5e8aa7,1015640,Bothell Everett Hwy & 220th St SE,Starbucks,28907-249306,4253753059,CO,22020 17th Ave SE,,,Bothell,WA,US,980218435,-122.21,47.80,-480,Pacific Standard Time,GMT-08:00 America/Los_Angeles,8/19/2016 12:00:00 AM,2/3/2017 12:00:00 AM
df73b08a-308a-4f3a-a3ab-3a4f99b36261,8566,Safeway - Lincoln City #415,Starbucks,74987-104321,541-994-8667,LS,4101 Logan Rd,,,Lincoln City,OR,US,973675056,-124.01,45.00,-480,Pacific Standard Time,GMT-08:00 America/Los_Angeles,12/8/2013 5:41:59 PM,2/3/2017 12:00:00 AM
74089720-dcbb-4e16-bcb3-3a6438d55c22,12942,Grand & Broadway,Starbucks,3714-12516,503-281-3395,CO,1621 NE Grand Avenue,,,Portland,OR,US,972321154,-122.66,45.53,-480,Pacific Standard Time,GMT-08:00 America/Los_Angeles,12/8/2013 5:41:59 PM,2/3/2017 12:00:00 AM
f8dc6e94-081d-49ea-bfcf-3b159b06948b,8207,Safeway - Newcastle #558,Starbucks,74472-94738,425-641-0902,LS,6911 Coal Creek Pkwy SE,,,Newcastle,WA,US,980593136,-122.17,47.54,-480,Pacific Standard Time,GMT-08:00 America/Los_Angeles,12/8/2013 5:41:59 PM,2/3/2017 12:00:00 AM
3e952426-f04c-4c4c-9a73-3bbe0dca323b,9191,Safeway-Bremerton #1524,Starbucks,74314-75585,360-373-8911,LS,1401 NE McWilliams Rd,,,Bremerton,WA,US,983113149,-122.63,47.62,-480,Pacific Standard Time,GMT-08:00 America/Los_Angeles,12/8/2013 5:41:59 PM,2/3/2017 12:00:00 AM
e5b3db60-ae6b-4b4e-9e42-3c6288d7ca88,8330,First & Main St. - Hillsboro,Starbucks,9498-94401,503-846-9299,CO,102 E. Main St.,,503-846-9299,Hillsboro,OR,US,971234028,-122.99,45.52,-480,Pacific Standard Time,GMT-08:00 America/Los_Angeles,12/8/2013 5:41:59 PM,2/3/2017 12:00:00 AM
bc0fbdf7-948e-4d75-a59d-3caac227acc8,8124,Safeway - Aberdeen #1546,Starbucks,74905-100333,360-533-1955,LS,221 W Heron St,,,Aberdeen,WA,US,985206224,-123.82,46.97,-480,Pacific Standard Time,GMT-08:00 America/Los_Angeles,12/8/2013 5:41:59 PM,2/3/2017 12:00:00 AM
b312ec9d-5115-49e3-ae4b-3d1e43a61954,8532,QFC - Northgate #866,Starbucks,79289-98129,206-361-4849,LS,11100 Roosevelt Way NE,,,Seattle,WA,US,981256234,-122.32,47.71,-480,Pacific Standard Time,GMT-08:00 America/Los_Angeles,12/8/2013 5:41:59 PM,2/3/2017 12:00:00 AM
a511d567-5790-4a6f-b902-3d8cd8f44621,17981,QFC - Seattle/Uptown #881,Starbucks,79485-102667,,LS,500 Mercer Avenue,,,Seattle,WA,US,981094654,-122.35,47.62,-480,Pacific Standard Time,GMT-08:00 America/Los_Angeles,12/8/2013 5:41:59 PM,2/3/2017 12:00:00 AM
500dfc17-6d15-4696-87c1-3d9743eed1fd,11038,Safeway - Bellevue #1600,Starbucks,79751-101070,425-749-3885,LS,300 Bellevue Way NE,,,Bellevue,WA,US,980045718,-122.20,47.61,-480,Pacific Standard Time,GMT-08:00 America/Los_Angeles,12/8/2013 5:41:59 PM,2/3/2017 12:00:00 AM
c133c15a-f7d4-4106-86fe-3dd03555e5ee,17922,QFC - Belfair #101,Starbucks,79438-106828,360-275-2050,LS,NE 201 State Route 300,,,Belfair,WA,US,985289403,-122.83,47.45,-480,Pacific Standard Time,GMT-08:00 America/Los_Angeles,12/8/2013 5:41:59 PM,2/3/2017 12:00:00 AM
7e15e3a5-5144-4a26-9535-3de8b399fedf,12728,1200 Westlake Ave,Starbucks,2810-89320,206-216-0306,CO,1200 Westlake Ave N,,,Seattle,WA,US,981093543,-122.34,47.63,-480,Pacific Standard Time,GMT-08:00 America/Los_Angeles,12/8/2013 5:41:59 PM,2/3/2017 12:00:00 AM
4ca717e5-a8cc-487e-8b52-3defa6324534,7086,Bridle Trails Center- Kirkland,Starbucks,10766-1694,425-881-8265,CO,6617 132nd Ave NE,,Bridle Trails Shopping Center,Kirkland,WA,US,980338627,-122.17,47.67,-480,Pacific Standard Time,GMT-08:00 America/Los_Angeles,12/8/2013 5:41:59 PM,2/3/2017 12:00:00 AM
5b177812-d007-483b-948f-3e63204a07da,1012177,Fred Meyer Store #126,Starbucks,26999-237452,541-474-7200,LS,1101 Grants Pass Pkwy,,,Grants Pass,OR,US,97526,-123.32,42.43,-480,Pacific Standard Time,GMT-08:00 America/Los_Angeles,7/1/2015 12:00:00 AM,2/3/2017 12:00:00 AM
631c0815-0784-4c73-b719-3e84e25e8966,14801,Klahanie Village,Starbucks,3221-1031,425/392-1768,CO,4566 Klahanie Dr. S.E.,,,Issaquah,WA,US,980295812,-122.00,47.57,-480,Pacific Standard Time,GMT-08:00 America/Los_Angeles,12/8/2013 5:41:59 PM,2/3/2017 12:00:00 AM
e22c233e-7306-46f8-b8e3-3f884eb65892,12217,Milwaukie Marketplace,Starbucks,3374-67080,503/652-7962,CO,10826 SE Oak Street,,Milwaukie Marketplace,Milwaukie,OR,US,972226694,-122.63,45.44,-480,Pacific Standard Time,GMT-08:00 America/Los_Angeles,12/8/2013 5:41:59 PM,2/3/2017 12:00:00 AM
42587948-ddaa-4d8e-a1ab-3f8fa3c6e420,15247,McLoughlin Blvd & Dunes Dr,Starbucks,498-52140,503/723-2833,CO,1900 SE McLoughlin Blvd,,Oregon City Shopping Center,Oregon City,OR,US,97045,-122.60,45.37,-480,Pacific Standard Time,GMT-08:00 America/Los_Angeles,12/8/2013 5:41:59 PM,2/3/2017 12:00:00 AM
51d31600-de40-45f8-b6a4-3f9c78f74932,13703,Safeway-Kent #1294,Starbucks,74473-94736,253-852-4454,LS,210 Washington Ave S,,,Kent,WA,US,980325721,-122.25,47.38,-480,Pacific Standard Time,GMT-08:00 America/Los_Angeles,12/8/2013 5:41:59 PM,2/3/2017 12:00:00 AM
c4c653cc-ae91-4b17-876c-400538d10367,16741,Glisan Avenue,Starbucks,435-149,(503) 239-5275,CO,4500 NE Glisan,,,Portland,OR,US,972132333,-122.62,45.53,-480,Pacific Standard Time,GMT-08:00 America/Los_Angeles,12/8/2013 5:41:59 PM,2/3/2017 12:00:00 AM
77ae5a10-f99b-4d2e-9b68-4063a64d7ef6,1013218,U of O Erb Memorial Student Union,Starbucks,25591-240768,541-521-8584,CO,1395 University St.,,,Eugene,OR,US,97403,-123.07,44.04,-480,Pacific Standard Time,GMT-08:00 America/Los_Angeles,9/23/2015 12:00:00 AM,2/3/2017 12:00:00 AM
fe9ade92-c077-4076-ba97-4072b4994903,1015512,Safeway - Tacoma #3305,Starbucks,47603-258968,253-535-2033,LS,15805 PACIFIC AVE S,,,TACOMA,WA,US,98444,-122.43,47.11,-480,Pacific Standard Time,GMT-08:00 America/Los_Angeles,8/16/2016 12:00:00 AM,2/3/2017 12:00:00 AM
52f44777-734d-44a3-87bb-409d216b8503,13400,Albertsons 596 @ West Union,Starbucks,73438-22008,503-533-5998,LS,18425 NW West Union Rd,,,Portland,OR,US,972292119,-122.87,45.56,-480,Pacific Standard Time,GMT-08:00 America/Los_Angeles,12/8/2013 5:41:59 PM,2/3/2017 12:00:00 AM
5fd769a7-010c-4b2b-a082-40a9ffaec8e3,11677,Queen Anne,Starbucks,314-8,(206) 301-9477,CO,2135 Queen Anne Ave N,,,Seattle,WA,US,981092310,-122.36,47.64,-480,Pacific Standard Time,GMT-08:00 America/Los_Angeles,12/8/2013 5:41:59 PM,2/3/2017 12:00:00 AM
a1737dfb-82e0-44aa-9e95-4166c0197b6c,15669,Valley River Center,Starbucks,3367-63119,541/683-7474,CO,1079A Valley River Way,,Valley River Center,Eugene,OR,US,974012102,-123.10,44.07,-480,Pacific Standard Time,GMT-08:00 America/Los_Angeles,12/8/2013 5:41:59 PM,2/3/2017 12:00:00 AM
2c322d82-ce7e-432a-8b88-41716509c641,11173,South Mercer Island,Starbucks,3310-18667,206-275-1097,CO,8415 SE 68th Street,Suite 100,,Mercer Island,WA,US,980405248,-122.23,47.54,-480,Pacific Standard Time,GMT-08:00 America/Los_Angeles,12/8/2013 5:41:59 PM,2/3/2017 12:00:00 AM
ac197e3e-d0a3-4664-a50a-42179356eac7,1008959,MLK & Multnomah,Starbucks,21935-209067,503-313-9945,CO,1017 NE MLK Blvd,Retail-2 Rm-160,,Portland,OR,US,97232,-122.66,45.53,-480,Pacific Standard Time,GMT-08:00 America/Los_Angeles,9/15/2015 12:00:00 AM,2/3/2017 12:00:00 AM
c180810e-5715-4378-b9d3-4241225dd48a,10423,QFC-Vancouver #212 (Riverstone),Starbucks,79402-103071,360-253-3016,LS,3505 SE 192nd Ave,,,Vancouver,WA,US,986831436,-122.48,45.59,-480,Pacific Standard Time,GMT-08:00 America/Los_Angeles,12/8/2013 5:41:59 PM,2/3/2017 12:00:00 AM
8c1e57b0-cdb1-409b-a734-42b964dcd5fb,8208,Safeway-Edmonds #1297,Starbucks,74849-98387,425-778-1411,LS,23632 SR-99,,,Edmonds,WA,US,98026,-122.34,47.78,-480,Pacific Standard Time,GMT-08:00 America/Los_Angeles,12/8/2013 5:41:59 PM,2/3/2017 12:00:00 AM
35aa1363-ebfd-4f6e-a66a-433ac73f809b,9699,Sumner,Starbucks,9410-96548,253-863-9256,CO,15005 Main Street East,101,,Sumner,WA,US,983903644,-122.23,47.20,-480,Pacific Standard Time,GMT-08:00 America/Los_Angeles,12/8/2013 5:41:59 PM,2/3/2017 12:00:00 AM
42dfd804-996e-4a3d-868b-433f8f7f6a6a,6685,Cedar Plaza- Mountlake Terrace,Starbucks,11742-103412,425-672-4254,CO,22805 44th Ave W.,,,Mountlake Terrace,WA,US,980435032,-122.29,47.79,-480,Pacific Standard Time,GMT-08:00 America/Los_Angeles,12/8/2013 5:41:59 PM,2/3/2017 12:00:00 AM
3cfdaaa4-a53c-4773-8029-43b8174e06c6,11962,South Salem,Starbucks,429-166,(503) 391-7193,CO,3405 Commercial St SE,s-100,,Salem,OR,US,973023864,-123.04,44.91,-480,Pacific Standard Time,GMT-08:00 America/Los_Angeles,12/8/2013 5:41:59 PM,2/3/2017 12:00:00 AM
1f947d5b-0d5a-4f42-8eaa-43f069ae781d,91390,College & Pacific - Lacey,Starbucks,17936-170385,360-456-1891,CO,1110 College Street SE,,,Lacey,WA,US,98503,-122.82,47.04,-480,Pacific Standard Time,GMT-08:00 America/Los_Angeles,12/8/2013 5:41:59 PM,2/3/2017 12:00:00 AM
563c76f3-c35e-4d6d-82f2-44ccfab7b538,7687,Safeway-Springfield #1094,Starbucks,79768-127826,541-747-0715,LS,1891 Pioneer Pkwy E,,,Springfield,OR,US,974773935,-123.02,44.06,-480,Pacific Standard Time,GMT-08:00 America/Los_Angeles,12/8/2013 5:41:59 PM,2/3/2017 12:00:00 AM
0f4366d9-4164-4e3b-a70c-44e0f7948fbf,8316,Fred Meyer - Bellevue #23,Starbucks,72918-92406,425-865-8560,LS,2041 148th NE,,,Bellevue,WA,US,980073788,-122.14,47.63,-480,Pacific Standard Time,GMT-08:00 America/Los_Angeles,12/8/2013 5:41:59 PM,2/3/2017 12:00:00 AM
5a068bfb-8472-4343-ba35-454af80cb0a8,10053,Sylvan Retail- Portland,Starbucks,11200-104422,503-292-1691,CO,1850 SW Skyline Blvd,,,Portland,OR,US,972212535,-122.73,45.51,-480,Pacific Standard Time,GMT-08:00 America/Los_Angeles,12/8/2013 5:41:59 PM,2/3/2017 12:00:00 AM
d6bf9ba8-2419-4f71-af0e-4550d37f7a52,7854,NE Airport Way & 122nd- Portland,Starbucks,11545-104200,503 252-3880,CO,12518 NE Airport Way,,,Portland,OR,US,972301000,-122.53,45.56,-480,Pacific Standard Time,GMT-08:00 America/Los_Angeles,12/8/2013 5:41:59 PM,2/3/2017 12:00:00 AM
3f648bf9-5861-4eeb-a4de-45596aef09e3,14198,Broadway & Everett Ave,Starbucks,332-94100,425-259-4561,CO,2615 Broadway,,,Everett,WA,US,982013044,-122.20,47.98,-480,Pacific Standard Time,GMT-08:00 America/Los_Angeles,12/8/2013 5:41:59 PM,2/3/2017 12:00:00 AM
80e94f10-6e5d-4ff2-9a3d-458947c53147,15242,Scholls Ferry/Tigard,Starbucks,447-896,(503) 579-2333,CO,12700 SW Dakota,#120,Scholls Center,Tigard,OR,US,972230802,-122.81,45.44,-480,Pacific Standard Time,GMT-08:00 America/Los_Angeles,12/8/2013 5:41:59 PM,2/3/2017 12:00:00 AM
a85cc334-7f52-4498-890c-45a4e90e918a,68814,Safeway-Bothell #1864,Starbucks,79794-84473,425-482-2767,LS,24040 Bothell-Everett Hwy,,,Bothell,WA,US,980219358,-122.21,47.78,-480,Pacific Standard Time,GMT-08:00 America/Los_Angeles,12/8/2013 5:41:59 PM,2/3/2017 12:00:00 AM
7d5608f7-f6be-465f-86ce-45b07851e52b,1009360,Westlake and Mercer,Starbucks,23730-232404,2066434723,CO,515 Westlake Ave N,,,Seattle,WA,US,981094304,-122.34,47.62,-480,Pacific Standard Time,GMT-08:00 America/Los_Angeles,10/7/2016 12:00:00 AM,2/3/2017 12:00:00 AM
fd52e7d8-8ea1-4869-9733-45f82dcce779,8314,QFC - Redmond Ridge #878,Starbucks,79242-98130,425-636-0420,LS,23475 NE Novelty Hill Rd,,,Redmond,WA,US,980535501,-122.03,47.70,-480,Pacific Standard Time,GMT-08:00 America/Los_Angeles,12/8/2013 5:41:59 PM,2/3/2017 12:00:00 AM
9b2222c1-8713-47f9-82d9-46835d9c7ed9,13041,Trent & Argonne,Starbucks,3230-842,509-922-8675,CO,8901 E Trent,Suite 114,,Spokane Valley,WA,US,992122376,-117.28,47.68,-480,Pacific Standard Time,GMT-08:00 America/Los_Angeles,12/8/2013 5:41:59 PM,2/3/2017 12:00:00 AM
76cf36b3-0f27-4e07-92dd-46dd9a38b06d,18615,The Lodge,Starbucks,13009-108563,425-452-5534,CO,545 BELLEVUE SQUARE,,,Bellevue,WA,US,98004,-122.20,47.62,-480,Pacific Standard Time,GMT-08:00 America/Los_Angeles,12/8/2013 5:41:59 PM,2/3/2017 12:00:00 AM
c8b7ae44-7e5c-471d-b3ca-4702d48e61d2,10545,Safeway - Battle Ground #4313,Starbucks,79736-103811,,LS,904 West Main Street,,,Battle Ground,WA,US,986049112,-122.55,45.78,-480,Pacific Standard Time,GMT-08:00 America/Los_Angeles,12/8/2013 5:41:59 PM,2/3/2017 12:00:00 AM
49ef6e3d-c70c-4ab4-b30a-4748d40d4cee,1006545,23rd & Union - Tacoma,Starbucks,19673-139604,2532720849,CO,3401 S 23rd St,,,Tacoma,WA,US,98405,-122.48,47.24,-480,Pacific Standard Time,GMT-08:00 America/Los_Angeles,1/12/2014 12:00:00 AM,2/3/2017 12:00:00 AM
cf49feb4-604b-4595-81d6-4759302f428f,1013434,Fred Meyer - Mill Creek #458,Starbucks,26749-101217,425-357-2000,LS,12906 Bothell-Everett Highway,,,Everett,WA,US,98208,-122.21,47.88,-480,Pacific Standard Time,GMT-08:00 America/Los_Angeles,11/18/2015 12:00:00 AM,2/3/2017 12:00:00 AM
13dcd2a9-23e3-477b-844e-47997ab1890f,7031,QFC - Issaquah #821,Starbucks,79327-100351,425-392-4475,LS,1540 NW Gilman Blvd,,,Issaquah,WA,US,980275309,-122.06,47.55,-480,Pacific Standard Time,GMT-08:00 America/Los_Angeles,12/8/2013 5:41:59 PM,2/3/2017 12:00:00 AM
1f012ebc-5df3-490c-ae43-48558bec9fe6,7327,James Tower,Starbucks,75364-102761,206-325-6750,LS,550 17th Ave,,,Seattle,WA,US,981225788,-122.31,47.61,-480,Pacific Standard Time,GMT-08:00 America/Los_Angeles,12/8/2013 5:41:59 PM,2/3/2017 12:00:00 AM
0b3380cb-d80e-4919-a4e7-48b0ea6a0d3c,8661,Lancaster & Silverton - Salem,Starbucks,14370-108622,503/391-7334,CO,3270 Lancaster Dr. NE,,,Salem,OR,US,973051352,-122.98,44.97,-480,Pacific Standard Time,GMT-08:00 America/Los_Angeles,12/8/2013 5:41:59 PM,2/3/2017 12:00:00 AM
1b12f957-0120-4cea-b6d8-4912cabcb324,13995,Safeway-Tacoma #1437,Starbucks,74408-87986,253-471-1630,LS,1302 S 38th St,,,Tacoma,WA,US,984183919,-122.45,47.22,-480,Pacific Standard Time,GMT-08:00 America/Los_Angeles,12/8/2013 5:41:59 PM,2/3/2017 12:00:00 AM
798d4489-fe74-4aa4-9416-4963aed00a86,12517,SE 27th - Mercer Island,Starbucks,3393-76582,206-275-3115,CO,7620 SE 27th St,,,Mercer Island,WA,US,980402805,-122.24,47.59,-480,Pacific Standard Time,GMT-08:00 America/Los_Angeles,12/8/2013 5:41:59 PM,2/3/2017 12:00:00 AM
91e6b4b3-4f85-4ef4-8d1f-497756ebd9c4,8949,1609 West Dravus,Starbucks,3329-20339,206-285-6230,CO,1607 West Dravus Street,,,Seattle,WA,US,981191720,-122.38,47.65,-480,Pacific Standard Time,GMT-08:00 America/Los_Angeles,12/8/2013 5:41:59 PM,2/3/2017 12:00:00 AM
45df7cd4-113d-48e5-94be-498fc07135ba,13416,Tigard Marketplace,Starbucks,3366-51021,503/598-0638,CO,13560 SW Pacific Hwy,,Tigard Marketplace,Tigard,OR,US,972234833,-122.78,45.42,-480,Pacific Standard Time,GMT-08:00 America/Los_Angeles,12/8/2013 5:41:59 PM,2/3/2017 12:00:00 AM
dc22ec0e-238d-42d4-b6d7-49ed0d15cce2,14634,Wallace & Glen Creek- Salem,Starbucks,9611-96899,503-362-2119,CO,1124 Wallace Rd NW,105,,Salem,OR,US,973043191,-123.05,44.95,-480,Pacific Standard Time,GMT-08:00 America/Los_Angeles,12/8/2013 5:41:59 PM,2/3/2017 12:00:00 AM
bcc1840b-7a66-4535-9099-49f39e96324d,10825,Safeway-Tacoma #486,Starbucks,74960-90744,253-565-6215,LS,3842 Bridgeport Way W.,,,Tacoma,WA,US,984664427,-122.54,47.22,-480,Pacific Standard Time,GMT-08:00 America/Los_Angeles,12/8/2013 5:41:59 PM,2/3/2017 12:00:00 AM
d2b6aef9-c0dd-41f2-b101-49f637fe08fa,15232,Juanita Village,Starbucks,372-64400,425-825-7372,CO,9721 NE 119th Way,,Juanita Village,Kirkland,WA,US,980348955,-122.21,47.71,-480,Pacific Standard Time,GMT-08:00 America/Los_Angeles,12/8/2013 5:41:59 PM,2/3/2017 12:00:00 AM
63e77262-3ecd-43df-b33f-4a23442fa93f,14124,Safeway-Pullman #2639,Starbucks,74404-92180,509-334-0803,LS,430 SE Bishop Blvd,,,Pullman,WA,US,991635503,-117.18,46.72,-480,Pacific Standard Time,GMT-08:00 America/Los_Angeles,12/8/2013 5:41:59 PM,2/3/2017 12:00:00 AM
48d3e3da-7b6e-471a-b3ab-4a668dc31060,8036,Safeway - Tacoma #1436,Starbucks,74826-99752,253-537-2124,LS,1624 72nd St E,,,Tacoma,WA,US,984045401,-122.41,47.19,-480,Pacific Standard Time,GMT-08:00 America/Los_Angeles,12/8/2013 5:41:59 PM,2/3/2017 12:00:00 AM
022363d4-d5f2-482d-ad07-4aeceb3d6da7,1009779,Standard Plaza - Portland,Starbucks,24166-236326,5032244001,CO,1100 SW 6th Ave,1105,,Portland,OR,US,97204,-122.68,45.52,-480,Pacific Standard Time,GMT-08:00 America/Los_Angeles,9/13/2014 12:00:00 AM,2/3/2017 12:00:00 AM
50a8cef8-5b00-40dc-be4e-4b729da16fb5,12764,Safeway-Portland #2448,Starbucks,74421-82462,503-205-1849,LS,1030 SW Jefferson,,,Portland,OR,US,972013449,-122.68,45.52,-480,Pacific Standard Time,GMT-08:00 America/Los_Angeles,12/8/2013 5:41:59 PM,2/3/2017 12:00:00 AM
e68d4af8-726b-40f6-8fc1-4b8637e2fdde,14940,9th & Taylor,Starbucks,3301-12515,503-295-0404,CO,906 SW Taylor Street,,,Portland,OR,US,972052501,-122.68,45.52,-480,Pacific Standard Time,GMT-08:00 America/Los_Angeles,12/8/2013 5:41:59 PM,2/3/2017 12:00:00 AM
9ff48315-42e2-402b-9325-4bf4a56f9166,8565,Fred Meyer-Medford #195,Starbucks,79353-103328,541-779-6158,LS,2424 Crater Lake Highway,,,Medford,OR,US,975044181,-122.87,42.35,-480,Pacific Standard Time,GMT-08:00 America/Los_Angeles,12/8/2013 5:41:59 PM,2/3/2017 12:00:00 AM
3f6bfc06-5f20-498a-be36-4c4b547eec57,16927,Valley Mall Pkwy & 5th St NE,Starbucks,3350-39559,509-886-4778,CO,500 A Valley Mall Parkway,,The Valley Mall Plaza,East Wenatchee,WA,US,988023812,-120.29,47.41,-480,Pacific Standard Time,GMT-08:00 America/Los_Angeles,12/8/2013 5:41:59 PM,2/3/2017 12:00:00 AM
e20448f4-fdbf-4515-986c-4c6040577f2c,18611,15th Ave E,Starbucks,5184-148704,206323-1568,CO,328 15th Ave E,,,Seattle,WA,US,981125103,-122.31,47.62,-480,Pacific Standard Time,GMT-08:00 America/Los_Angeles,12/8/2013 5:41:59 PM,2/3/2017 12:00:00 AM
0336d4a6-5273-4b9c-9dd0-4ce93c8e2c7d,10205,Bales Thriftway Farmington,Starbucks,79457-101211,503-649-8597,LS,17675 SW Farmington Rd,,,Aloha,OR,US,970073208,-122.86,45.48,-480,Pacific Standard Time,GMT-08:00 America/Los_Angeles,12/8/2013 5:41:59 PM,2/3/2017 12:00:00 AM
61ec7939-c8fb-4810-ac94-4cf7caaced20,18348,Safeway - Port Angeles #1922,Starbucks,79652-104215,,LS,2709 E. HIGHWAY 101,,,Port Angeles,WA,US,983628767,-123.38,48.11,-480,Pacific Standard Time,GMT-08:00 America/Los_Angeles,12/8/2013 5:41:59 PM,2/3/2017 12:00:00 AM
90484a1c-041a-4e92-a2d6-4d2d0745e038,1005920,Target Bellevue T-339,Starbucks,20879-208264,425-562-0830,LS,4053 Factoria Square Mall SE,,,Bellevue,WA,US,98006,-122.17,47.57,-480,Pacific Standard Time,GMT-08:00 America/Los_Angeles,12/8/2013 5:41:59 PM,2/3/2017 12:00:00 AM
d5c3bea3-b66e-4a86-b5a0-4dc8b0484660,1007575,QFC-Enumclaw #863,Starbucks,22703-138544,360-825-5155,LS,1009 Monroe St,,,Enumclaw,WA,US,980222993,-121.99,47.20,-480,Pacific Standard Time,GMT-08:00 America/Los_Angeles,12/8/2015 12:00:00 AM,2/3/2017 12:00:00 AM
65a448d6-377f-4e41-b883-4dda3f46b277,92471,"18th and Andresen- Vancouver,WA",Starbucks,17940-153464,3608828474,CO,2265 NE Andresen Rd.,Suite 104,,Vancouver,WA,US,98661,-122.60,45.64,-480,Pacific Standard Time,GMT-08:00 America/Los_Angeles,12/8/2013 5:41:59 PM,2/3/2017 12:00:00 AM
5ef0c0ac-e153-4f06-b87d-4e589b13765a,8209,Safeway-Everett #1484,Starbucks,74694-94732,425-258-3552,LS,4128 Rucker Ave,,,Everett,WA,US,982032211,-122.21,47.96,-480,Pacific Standard Time,GMT-08:00 America/Los_Angeles,12/8/2013 5:41:59 PM,2/3/2017 12:00:00 AM
62c178e2-bae8-4e1f-800f-4e752afd340b,6953,Safeway - Port Townsend #538,Starbucks,74267-130085,360-385-2806,LS,442 W Sims Way,,,Port Townsend,WA,US,983681811,-122.78,48.11,-480,Pacific Standard Time,GMT-08:00 America/Los_Angeles,12/8/2013 5:41:59 PM,2/3/2017 12:00:00 AM
7d4c74ec-8027-462e-87b7-4eaa902b679f,1011547,Target Medford T-613,Starbucks,24908-237594,541-779-0856,LS,2000 Crater Lake Hwy,,,Medford,OR,US,97504,-122.88,42.35,-480,Pacific Standard Time,GMT-08:00 America/Los_Angeles,5/20/2015 12:00:00 AM,2/3/2017 12:00:00 AM
59ae5f6e-438a-49a3-84fb-4ec0048bd66c,17188,PDX D 4,Starbucks,75917-104380,503-281-4086,LS,"7000 NE Airport Way, MB#23",,,Portland,OR,US,972181031,-122.59,45.59,-480,Pacific Standard Time,GMT-08:00 America/Los_Angeles,12/8/2013 5:41:59 PM,2/3/2017 12:00:00 AM
be88655e-5229-43f8-af76-4f20dbe0d8a6,8883,Safeway-La Grande #1827,Starbucks,74262-69540,541-663-2700,LS,2111 Adams Ave,,,La Grande,OR,US,978502921,-118.08,45.32,-480,Pacific Standard Time,GMT-08:00 America/Los_Angeles,12/8/2013 5:41:59 PM,2/3/2017 12:00:00 AM
945d41e3-0846-4a51-8a56-4fca29e1f409,15762,Fred Meyer-Brookings #30,Starbucks,72947-94717,541-4691610,LS,325 5th St,,,Brookings,OR,US,974159658,-124.29,42.05,-480,Pacific Standard Time,GMT-08:00 America/Los_Angeles,12/8/2013 5:41:59 PM,2/3/2017 12:00:00 AM
8fb869dd-1ca3-4b4c-9ed0-50c2075d7d6d,18278,Hwy 62 & Delta Waters - Medford,Starbucks,14320-112784,541-773-5746,CO,1730 Delta Waters Rd,102,,Medford,OR,US,975049174,-122.86,42.36,-480,Pacific Standard Time,GMT-08:00 America/Los_Angeles,12/8/2013 5:41:59 PM,2/3/2017 12:00:00 AM
8912ef28-0582-4ba5-b5de-50dd323a3711,8726,MLK Way,Starbucks,3302-12330,206-721-1543,CO,2921 Martin Luther King Jr. Wy,,,Seattle,WA,US,981446005,-122.30,47.58,-480,Pacific Standard Time,GMT-08:00 America/Los_Angeles,12/8/2013 5:41:59 PM,2/3/2017 12:00:00 AM
c5b4181f-a2ce-4d56-bd51-50dd69555d2f,15234,Downtown Olympia,Starbucks,381-207,(360) 753-7771,CO,550 Capital Way South,Space C,,Olympia,WA,US,98501,-122.90,47.04,-480,Pacific Standard Time,GMT-08:00 America/Los_Angeles,12/8/2013 5:41:59 PM,2/3/2017 12:00:00 AM
a6e10e27-b704-497c-acdb-515ce394c71d,9070,University Way,Starbucks,305-71,(206) 634-1390,CO,4555 University Wy NE,,,Seattle,WA,US,981054510,-122.31,47.66,-480,Pacific Standard Time,GMT-08:00 America/Los_Angeles,12/8/2013 5:41:59 PM,2/3/2017 12:00:00 AM
ff29bf9a-ee7e-4574-933e-5164f740791f,12319,E. Olive Way,Starbucks,3281-6226,206-568-5185,CO,1600 E Olive Wy,,,Seattle,WA,US,981025613,-122.32,47.62,-480,Pacific Standard Time,GMT-08:00 America/Los_Angeles,12/8/2013 5:41:59 PM,2/3/2017 12:00:00 AM
91c889fd-83f8-4ade-8e45-519f7498d9c8,20489,Brewery Blocks - Portland,Starbucks,15510-158404,5032270708,CO,1039 NW Couch Street,,,Portland,OR,US,972094116,-122.68,45.52,-480,Pacific Standard Time,GMT-08:00 America/Los_Angeles,12/8/2013 5:41:59 PM,2/3/2017 12:00:00 AM
784ee047-1129-46db-98b7-51a986fe4775,8088,Safeway - Sandy #782,Starbucks,74929-103073,503-668-2330,LS,37601 Hwy 26,,,Sandy,OR,US,970559313,-122.28,45.40,-480,Pacific Standard Time,GMT-08:00 America/Los_Angeles,12/8/2013 5:41:59 PM,2/3/2017 12:00:00 AM
c7654abc-9f61-49f0-a97b-51a98b662391,8691,196th & 40th,Starbucks,3276-2845,425-778-1367,CO,4028 196th Street SW,Ste. A,,Lynnwood,WA,US,980366770,-122.29,47.82,-480,Pacific Standard Time,GMT-08:00 America/Los_Angeles,12/8/2013 5:41:59 PM,2/3/2017 12:00:00 AM
12b6c09a-c9f5-4dfc-bb9c-51be2548b15a,1006177,University Village South,Starbucks,20088-202265,206-523-1718,CO,2617 NE 46th St,,,Seattle,WA,US,98105,-122.30,47.66,-480,Pacific Standard Time,GMT-08:00 America/Los_Angeles,12/8/2013 5:41:59 PM,2/3/2017 12:00:00 AM
3566cc19-624d-49d7-be34-51d08c9b2ccd,1006824,102nd Ave SE & S 240th St- Kent,Starbucks,22161-204484,2538540344,CO,23930 102nd Ave SE,,,Kent,WA,US,98031,-122.20,47.39,-480,Pacific Standard Time,GMT-08:00 America/Los_Angeles,5/28/2014 12:00:00 AM,2/3/2017 12:00:00 AM
102a2845-65ac-47c5-89fa-51dc35c440a5,16404,Safeway-Lakewood #1645,Starbucks,74258-64219,253-581-2072,LS,10223 Gravelly Lake Dr SW,,,Lakewood,WA,US,984995004,-122.52,47.16,-480,Pacific Standard Time,GMT-08:00 America/Los_Angeles,12/8/2013 5:41:59 PM,2/3/2017 12:00:00 AM
cf6cb27e-0956-4f55-b2b1-5234e5f94803,18094,Fred Meyer-Tacoma #390,Starbucks,79408-96226,,LS,4505 S 19th St,,,Tacoma,WA,US,984051183,-122.50,47.24,-480,Pacific Standard Time,GMT-08:00 America/Los_Angeles,12/8/2013 5:41:59 PM,2/3/2017 12:00:00 AM
26a9059a-9029-4ad3-a627-52b06521c132,11593,Target Issaquah T-996,Starbucks,76259-95144,425-392-3357,LS,755 NW Gilman Blvd,,,Issaquah,WA,US,980275357,-122.05,47.54,-480,Pacific Standard Time,GMT-08:00 America/Los_Angeles,12/8/2013 5:41:59 PM,2/3/2017 12:00:00 AM
3e6e7b4f-6b7f-4304-8edf-52cd97704e46,10369,Safeway - Tacoma #1978,Starbucks,79534-103065,253-759-9251,LS,2637 North Pearl Street,,,Tacoma,WA,US,984072416,-122.52,47.27,-480,Pacific Standard Time,GMT-08:00 America/Los_Angeles,12/8/2013 5:41:59 PM,2/3/2017 12:00:00 AM
c3f4781c-eaea-463a-bfe8-532f79f378d6,1006662,The Dalles,Starbucks,21268-206225,5412961235,CO,1200 West 6th Street,200,,The Dalles,OR,US,97058,-121.20,45.61,-480,Pacific Standard Time,GMT-08:00 America/Los_Angeles,3/10/2014 12:00:00 AM,2/3/2017 12:00:00 AM
0772d460-6255-4f11-bda7-534d0edbf3a9,1016813,SE TV Hwy & 24th Ave - Hillsboro,Starbucks,26784-245565,9717274174,CO,2505 Tualatin Valley Hwy,,,Hillsboro,OR,US,97123,-122.96,45.50,-480,Pacific Standard Time,GMT-08:00 America/Los_Angeles,1/19/2017 12:00:00 AM,2/3/2017 12:00:00 AM
7501da9c-f2d9-413b-8aa3-535d5053cfcd,14429,Safeway-St. Johns #1951,Starbucks,74458-82467,503-205-1599,LS,8330 N Ivanhoe St,,,Portland,OR,US,972034824,-122.75,45.59,-480,Pacific Standard Time,GMT-08:00 America/Los_Angeles,12/8/2013 5:41:59 PM,2/3/2017 12:00:00 AM
688c85b9-e72f-49ac-a494-544c3c5dc93a,6569,"Cornelius Pass & Butler, Hillsboro",Starbucks,13903-108317,503-640-5067,CO,7399 NE Butler St.,,Crossroads at Orenco,Hillsboro,OR,US,971249434,-122.90,45.54,-480,Pacific Standard Time,GMT-08:00 America/Los_Angeles,12/8/2013 5:41:59 PM,2/3/2017 12:00:00 AM
587e3ab0-15ad-4eaa-9e30-544d59593795,16055,Lynnwood Square,Starbucks,350-230,425-778-4034,CO,19720 44TH Avenue W,Suite K,,Lynnwood,WA,US,980366741,-122.29,47.82,-480,Pacific Standard Time,GMT-08:00 America/Los_Angeles,12/8/2013 5:41:59 PM,2/3/2017 12:00:00 AM
840f7f3e-55a3-4409-aaf9-544fdd7f4b0c,9803,Parkland-Tacoma,Starbucks,8137-95952,253-539-3049,CO,12821 Pacific Ave S.,,,Tacoma,WA,US,984445070,-122.43,47.14,-480,Pacific Standard Time,GMT-08:00 America/Los_Angeles,12/8/2013 5:41:59 PM,2/3/2017 12:00:00 AM
387bc8cf-dd8b-4e94-96a4-5491a26c0d83,16039,Safeway-Salem #1629,Starbucks,74417-83343,503-566-5540,LS,1265 Center St,,,Salem,OR,US,973012297,-123.02,44.94,-480,Pacific Standard Time,GMT-08:00 America/Los_Angeles,12/8/2013 5:41:59 PM,2/3/2017 12:00:00 AM
48c32b86-fcd4-48ee-a158-54aa8d7b0d53,10287,Hall & Nimbus- Beaverton,Starbucks,10466-100969,503-644-8215,CO,8400 SW Nimbus Ave,120,,Beaverton,OR,US,970087133,-122.79,45.46,-480,Pacific Standard Time,GMT-08:00 America/Los_Angeles,12/8/2013 5:41:59 PM,2/3/2017 12:00:00 AM
fe675749-f1ee-4456-95c8-54edfc374ab1,16783,Mt.Vernon/Haggens,Starbucks,3299-11377,360/848-9629,CO,2601 E. Division,,,Mt Vernon,WA,US,982744748,-122.31,48.42,-480,Pacific Standard Time,GMT-08:00 America/Los_Angeles,12/8/2013 5:41:59 PM,2/3/2017 12:00:00 AM
41a86b15-ff6f-45fc-b630-55120a1b14f7,8887,Southcenter Mall Center,Starbucks,3364-63160,206-988-4988,CO,506 Southcenter Blvd.,,Southcenter Mall,Tukwila,WA,US,98188,-122.26,47.46,-480,Pacific Standard Time,GMT-08:00 America/Los_Angeles,12/8/2013 5:41:59 PM,2/3/2017 12:00:00 AM
8d2955af-e01d-454f-b5f6-554ac6b245a3,1005562,Issaquah Highlands - Issaquah,Starbucks,19354-180264,(425)391-8270,CO,903 NE Park Drive,,,Issaquah,WA,US,98029,-122.02,47.54,-480,Pacific Standard Time,GMT-08:00 America/Los_Angeles,12/8/2013 5:41:59 PM,2/3/2017 12:00:00 AM
d1c73014-3871-47ae-9996-56409c2787e6,1015997,Columbia Center Mall,Starbucks,49254-266485,5094402950,LS,1321 N. Columbia Center Blvd,,,Kennewick,WA,US,99336,-119.23,46.23,-480,Pacific Standard Time,GMT-08:00 America/Los_Angeles,10/4/2016 12:00:00 AM,2/3/2017 12:00:00 AM
4bcc296b-587b-4ccc-bee7-56ac4b50003a,8109,Market & Garland,Starbucks,10477-69600,509-482-8587,CO,3907 North Market Street,B,,Spokane,WA,US,992075809,-117.37,47.69,-480,Pacific Standard Time,GMT-08:00 America/Los_Angeles,12/8/2013 5:41:59 PM,2/3/2017 12:00:00 AM
3acc7f3b-39d7-412c-98cd-56c2c3efeac3,18390,California & Fauntleroy,Starbucks,3202-6,(206) 938-6371,CO,6501 California Ave,,(new address is across the street),Seattle,WA,US,981361899,-122.39,47.54,-480,Pacific Standard Time,GMT-08:00 America/Los_Angeles,12/8/2013 5:41:59 PM,2/3/2017 12:00:00 AM
45fa5d1a-42c7-4308-9a4c-570b51944fdf,17964,QFC-Seattle #805 (Manhattan),Starbucks,72576-108242,206-243-9340,LS,17847 1st Ave S,,,Seattle,WA,US,981481728,-122.34,47.44,-480,Pacific Standard Time,GMT-08:00 America/Los_Angeles,12/8/2013 5:41:59 PM,2/3/2017 12:00:00 AM
6d1a9a78-1fd2-4095-893c-57130122c5eb,7821,QFC - Redmond #820,Starbucks,79333-101222,425-885-2311,LS,15800 Redmond Way NE,,,Redmond,WA,US,980523829,-122.13,47.68,-480,Pacific Standard Time,GMT-08:00 America/Los_Angeles,12/8/2013 5:41:59 PM,2/3/2017 12:00:00 AM
af184808-5e4d-426e-8682-572bbe5b788e,15833,Thrashers Crnr,Starbucks,3295-2805,425-485-1255,CO,2020 Maltby Road,,,Bothell,WA,US,980218669,-122.21,47.81,-480,Pacific Standard Time,GMT-08:00 America/Los_Angeles,12/8/2013 5:41:59 PM,2/3/2017 12:00:00 AM
b460d1e4-1a6f-46d9-a841-5767651c8836,7604,Fred Meyer-#377 Tillamook,Starbucks,79495-103827,,LS,2500 North Main St,,,Tillamook,OR,US,971417725,-123.85,45.47,-480,Pacific Standard Time,GMT-08:00 America/Los_Angeles,12/8/2013 5:41:59 PM,2/3/2017 12:00:00 AM
394ea07d-e962-438a-93ab-576bd2a1edab,10601,Casino & Evergreen,Starbucks,14101-112126,(425) 347-1341,CO,8407 Evergreen Way,101,,Everett,WA,US,982082625,-122.23,47.92,-480,Pacific Standard Time,GMT-08:00 America/Los_Angeles,12/8/2013 5:41:59 PM,2/3/2017 12:00:00 AM
4d36093b-286b-4c00-80b9-57839308d4b1,1012526,The Junction - California & Alaska,Starbucks,24837-236918,2066593373,CO,4233 SW Alaska St.,,,Seattle,WA,US,98116,-122.39,47.56,-480,Pacific Standard Time,GMT-08:00 America/Los_Angeles,8/18/2015 12:00:00 AM,2/3/2017 12:00:00 AM
c04c6ce6-6a37-429c-aee0-57b430e50ebd,11961,Beaverton,Starbucks,408-14,(503) 626-6549,CO,11405 SW Beaverton-Hillsdale Hwy,,,Beaverton,OR,US,970052929,-122.80,45.49,-480,Pacific Standard Time,GMT-08:00 America/Los_Angeles,12/8/2013 5:41:59 PM,2/3/2017 12:00:00 AM
6bb09af9-dc4b-467b-80fc-57c094b0636c,20036,Safeway - Seattle #1993,Starbucks,5076-148145,206-494-1518,LS,2201 E Madison,,,Seattle,WA,US,981125336,-122.30,47.62,-480,Pacific Standard Time,GMT-08:00 America/Los_Angeles,12/8/2013 5:41:59 PM,2/3/2017 12:00:00 AM
d3dee013-c0ab-4755-9e81-57ef19449e2d,11065,Albertsons 475 @ Port Orchard,Starbucks,73343-23310,360-895-2292,LS,1434 Olney Ave. S. E.,,,Port Orchard,WA,US,983664041,-122.61,47.54,-480,Pacific Standard Time,GMT-08:00 America/Los_Angeles,12/8/2013 5:41:59 PM,2/3/2017 12:00:00 AM
d1883ef1-6472-4f5f-b1c3-57fdfb4db0c2,116306,N. Center Dr & Tomahawk Island Dr,Starbucks,17747-173586,5032854642,CO,12235 N. Center Ave,,,Portland,OR,US,972177806,-122.68,45.61,-480,Pacific Standard Time,GMT-08:00 America/Los_Angeles,12/8/2013 5:41:59 PM,2/3/2017 12:00:00 AM
2e432e64-28be-4023-9ead-5815d3d6cc78,17000,Piedmont,Starbucks,14047-108074,(503) 283-0671,CO,6003 NE MLK Drive,,,Portland,OR,US,972134035,-122.66,45.57,-480,Pacific Standard Time,GMT-08:00 America/Los_Angeles,12/8/2013 5:41:59 PM,2/3/2017 12:00:00 AM
4d77779a-4297-4af0-814b-5835d9b068d6,1016270,Citizens Dr & SW Town Center,Starbucks,482-247985,5035829569,CO,8656 SW Citizens Dr,,,Wilsonville,OR,US,97070,-122.77,45.30,-480,Pacific Standard Time,GMT-08:00 America/Los_Angeles,12/11/2016 12:00:00 AM,2/3/2017 12:00:00 AM
ab87f45a-03a2-4464-af6f-58691085eb8f,8525,W. 27th Ave & Hwy 395,Starbucks,9486-95006,509-586-4201,CO,4008 West 27th Ave,101,,Kennewick,WA,US,993372484,-119.18,46.19,-480,Pacific Standard Time,GMT-08:00 America/Los_Angeles,12/8/2013 5:41:59 PM,2/3/2017 12:00:00 AM
7e24d700-6047-45d7-8bde-587d47b52bc1,9546,1102 Supermall Way,Starbucks,9320-96196,253-833-1549,CO,1102 Supermall Way SW,Suite 106,,Auburn,WA,US,980016574,-122.25,47.30,-480,Pacific Standard Time,GMT-08:00 America/Los_Angeles,12/8/2013 5:41:59 PM,2/3/2017 12:00:00 AM
f9eeedf8-a178-49a2-9469-587e39ebee6b,17654,McVey,Starbucks,464-1598,503-675-1334,CO,1175 McVey Ave.,#7,,Lake Oswego,OR,US,970344721,-122.68,45.41,-480,Pacific Standard Time,GMT-08:00 America/Los_Angeles,12/8/2013 5:41:59 PM,2/3/2017 12:00:00 AM
e6537c83-f072-4aa0-a50e-587f4da93374,6414,Commercial & Oakhill - Salem,Starbucks,14305-115144,503-363-0172,CO,3904 Commercial Street SE,,,Salem,OR,US,973023837,-123.04,44.90,-480,Pacific Standard Time,GMT-08:00 America/Los_Angeles,12/8/2013 5:41:59 PM,2/3/2017 12:00:00 AM
62055f3d-a2c4-4149-ad7d-5888963a9b41,11719,Pearl District,Starbucks,466-1595,(503) 221-7426,CO,1134 NW Glisan Street,Unit #108,McKenzie Lofts Building,Portland,OR,US,97209,-122.68,45.53,-480,Pacific Standard Time,GMT-08:00 America/Los_Angeles,12/8/2013 5:41:59 PM,2/3/2017 12:00:00 AM
6b75368f-def1-425c-ab7f-58ce99ec0a83,1007089,15th Ave & NW 53rd - Ballard,Starbucks,19991-199464,2067830322,CO,5221 15th Ave NW,,,Seattle,WA,US,98107,-122.38,47.67,-480,Pacific Standard Time,GMT-08:00 America/Los_Angeles,2/23/2014 12:00:00 AM,2/3/2017 12:00:00 AM
ed4d2717-1294-4518-87a4-590d3fd55303,89776,Target Seattle Downtown T-2786,Starbucks,16891-168546,206-494-3250,LS,1401 2nd Ave,,,Seattle,WA,US,981012007,-122.34,47.61,-480,Pacific Standard Time,GMT-08:00 America/Los_Angeles,12/8/2013 5:41:59 PM,2/3/2017 12:00:00 AM
68477399-d8ae-4aa5-9d05-596455692a7b,11592,Target Bonney Lake T-1957,Starbucks,76296-95449,253-862-5660,LS,9400 192nd Ave E,,,Bonney Lake,WA,US,983918564,-122.17,47.17,-480,Pacific Standard Time,GMT-08:00 America/Los_Angeles,12/8/2013 5:41:59 PM,2/3/2017 12:00:00 AM
c88fee7e-d01e-4bce-848f-5979fc4fc277,10931,Hwy 410 & 214th - Bonney Lake,Starbucks,14570-114364,253/862-7135,CO,21102 Highway 410,,,Bonney Lake,WA,US,98391,-122.15,47.17,-480,Pacific Standard Time,GMT-08:00 America/Los_Angeles,12/8/2013 5:41:59 PM,2/3/2017 12:00:00 AM
4396c42a-4ae8-41aa-9749-59923d0c937e,14860,Albertsons-Troutdale #536,Starbucks,73418-26487,503-667-1722,LS,25691 SE Stark,,,Troutdale,OR,US,970603305,-122.40,45.52,-480,Pacific Standard Time,GMT-08:00 America/Los_Angeles,12/8/2013 5:41:59 PM,2/3/2017 12:00:00 AM
832bfee3-3575-47e8-a4da-59941fe2f6e7,12730,Snohomish,Starbucks,3392-76380,360-563-9242,CO,1101 Avenue D,Building A,Kla Ha Ya Village,Snohomish,WA,US,982902083,-122.10,47.93,-480,Pacific Standard Time,GMT-08:00 America/Los_Angeles,12/8/2013 5:41:59 PM,2/3/2017 12:00:00 AM
20e9cd0b-fa8d-41a1-8b4e-5a2be57f6caf,18186,Pacific hwy & S 240th,Starbucks,13729-108005,206-824-3479,CO,24130 Pacific Highway South,101,,Kent,WA,US,980325011,-122.30,47.38,-480,Pacific Standard Time,GMT-08:00 America/Los_Angeles,12/8/2013 5:41:59 PM,2/3/2017 12:00:00 AM
066487c6-c51a-44af-b896-5a40c865570d,1016383,Willamette & Walling - West Linn,Starbucks,494-253968,5036990247,CO,18900 Willamette Drive,,,West Linn,OR,US,97068,-122.64,45.39,-480,Pacific Standard Time,GMT-08:00 America/Los_Angeles,11/12/2016 12:00:00 AM,2/3/2017 12:00:00 AM
3c1875a9-426a-4a28-940b-5a4db8ec73ac,13717,Cornell & Stucki,Starbucks,2866-25929,503-645-5029,CO,2002 NW Stucki Avenue,,,Hillsboro,OR,US,971247714,-122.88,45.53,-480,Pacific Standard Time,GMT-08:00 America/Los_Angeles,12/8/2013 5:41:59 PM,2/3/2017 12:00:00 AM
22e160f6-86c3-4352-9e7b-5a7d9b934131,15909,Main & Post,Starbucks,3269-2645,509-747-1305,CO,721 W. Main,,,Spokane,WA,US,992010607,-117.42,47.66,-480,Pacific Standard Time,GMT-08:00 America/Los_Angeles,12/8/2013 5:41:59 PM,2/3/2017 12:00:00 AM
e3ad8210-c3bd-4546-8d89-5acb58e719c8,16138,Washington Shoe Building,Starbucks,3362-50980,206-624-2561,CO,400 Occidental Avenue,,,Seattle,WA,US,981042836,-122.33,47.60,-480,Pacific Standard Time,GMT-08:00 America/Los_Angeles,12/8/2013 5:41:59 PM,2/3/2017 12:00:00 AM
af30d99a-cd52-4967-a45d-5b1b0025f5a0,18449,Orenco Station,Starbucks,472-1839,5036400740,CO,6221 NE Cornell Rd,,Orenco Station Town Center,Hillsboro,OR,US,971249074,-122.92,45.53,-480,Pacific Standard Time,GMT-08:00 America/Los_Angeles,12/8/2013 5:41:59 PM,2/3/2017 12:00:00 AM
263a6d83-9e9e-4fc3-984a-5b9f31adec5c,8599,132nd Ave SE & SE Kent Kangley Rd,Starbucks,10475-101376,253-638-1283,CO,13121 Kent Kangley Road,101,Kent Meridian Shopping Center,Kent,WA,US,980308959,-122.17,47.36,-480,Pacific Standard Time,GMT-08:00 America/Los_Angeles,12/8/2013 5:41:59 PM,2/3/2017 12:00:00 AM
d034fa29-41dc-4fa9-bd87-5bdff964bdd6,66166,Sunset Dr. & James St Road,Starbucks,321-153984,3607340702,CO,1185 East Sunset Drive,,,Bellingham,WA,US,982263508,-122.46,48.77,-480,Pacific Standard Time,GMT-08:00 America/Los_Angeles,12/8/2013 5:41:59 PM,2/3/2017 12:00:00 AM
f129c9cf-dc69-4656-911b-5bfc6f3a3a78,10747,Pacific Ave- Woodland,Starbucks,13917-96519,360-225-4709,CO,1999 Pacific Ave,,,Woodland,WA,US,986748601,-122.75,45.91,-480,Pacific Standard Time,GMT-08:00 America/Los_Angeles,12/8/2013 5:41:59 PM,2/3/2017 12:00:00 AM
2317fe5d-5609-4aa4-9825-5c50766c6edb,1007539,Safeway - Camas #1287,Starbucks,22179-101962,,LS,800 NE 3rd,,,Camas,WA,US,986071638,-122.40,45.59,-480,Pacific Standard Time,GMT-08:00 America/Los_Angeles,8/13/2014 12:00:00 AM,2/3/2017 12:00:00 AM
10d8c454-bb85-4fc0-bf0e-5c5ab8a6b639,8220,116th & Canyon Rd,Starbucks,9856-98167,253-531-8952,CO,11601 Canyon Rd East,100,,Puyallup,WA,US,983734365,-122.36,47.15,-480,Pacific Standard Time,GMT-08:00 America/Los_Angeles,12/8/2013 5:41:59 PM,2/3/2017 12:00:00 AM
7e146d43-7b60-409f-a146-5ce1bca961d5,1009527,Target Puyallup T-342,Starbucks,23887-233394,253-840-2900,LS,3310 S Meridian,,,Puyallup,WA,US,98373,-122.29,47.16,-480,Pacific Standard Time,GMT-08:00 America/Los_Angeles,11/11/2014 12:00:00 AM,2/3/2017 12:00:00 AM
95de3ba9-5923-4986-90b7-5d0b12b997d6,18335,303 River Rd - Puyallup,Starbucks,10767-94482,253-840-4207,CO,303 River Rd,,,Puyallup,WA,US,983714168,-122.30,47.20,-480,Pacific Standard Time,GMT-08:00 America/Los_Angeles,12/8/2013 5:41:59 PM,2/3/2017 12:00:00 AM
a172a167-6dd7-4607-9208-5d2d23a4d62b,11983,Issaquah Commons,Starbucks,375-186,425-313-1689,CO,725 NW Gilman Blvd,,,Issaquah,WA,US,980275316,-122.05,47.54,-480,Pacific Standard Time,GMT-08:00 America/Los_Angeles,12/8/2013 5:41:59 PM,2/3/2017 12:00:00 AM
6719aa6f-d679-4164-801d-5d3f07691863,18751,QFC - Wallingford #869,Starbucks,5123-146524,206-632-9253,LS,1801 N 45th St,,,Seattle,WA,US,981036859,-122.34,47.66,-480,Pacific Standard Time,GMT-08:00 America/Los_Angeles,12/8/2013 5:41:59 PM,2/3/2017 12:00:00 AM
3404443a-b4c3-47fc-9b39-5d91824b1d64,1016341,Old Fairhaven Parkway & 30th,Starbucks,29097-249405,3609224820,CO,3105 Old Fairhaven Parkway,,,Bellingham,WA,US,98225,-122.48,48.71,-480,Pacific Standard Time,GMT-08:00 America/Los_Angeles,10/29/2016 12:00:00 AM,2/3/2017 12:00:00 AM
3d2bca05-2c2e-4893-91ef-5e335ad2ef6a,7819,QFC - Seattle/Rainier #849,Starbucks,79347-100350,206-725-2418,LS,2707 Rainier Avenue South,,,Seattle,WA,US,981445332,-122.30,47.58,-480,Pacific Standard Time,GMT-08:00 America/Los_Angeles,12/8/2013 5:41:59 PM,2/3/2017 12:00:00 AM
4735692f-84fa-4340-a876-5e3f02239a63,11969,Lake Oswego - State Street,Starbucks,440-13,(503) 699-8581,CO,47 North State Street,,,Lake Oswego,OR,US,970343969,-122.66,45.42,-480,Pacific Standard Time,GMT-08:00 America/Los_Angeles,12/8/2013 5:41:59 PM,2/3/2017 12:00:00 AM
4f033111-40b7-499a-ba31-5e9a28f3b20f,18129,Albertsons 1413 @ Thomas Lake,Starbucks,73684-104216,425-338-3956,LS,3322 132nd St SE,,,Bothell,WA,US,980125654,-122.19,47.88,-480,Pacific Standard Time,GMT-08:00 America/Los_Angeles,12/8/2013 5:41:59 PM,2/3/2017 12:00:00 AM
4bfec936-3af3-4f94-90b2-5ec4ef65e776,1010148,University of Washington HUB,Starbucks,24357-233395,206-616-2553,LS,4001 Stevens Wy NE,,,Seattle,WA,US,98195,-122.31,47.66,-480,Pacific Standard Time,GMT-08:00 America/Los_Angeles,9/22/2015 12:00:00 AM,2/3/2017 12:00:00 AM
1f4ff10e-40cf-4540-9010-5f103267d963,6571,"820 Ocean Beach Hwy-Longview, WA",Starbucks,13507-107891,360-423-3035,CO,808 Ocean Beach Hwy,,,Longview,WA,US,986324011,-122.93,46.15,-480,Pacific Standard Time,GMT-08:00 America/Los_Angeles,12/8/2013 5:41:59 PM,2/3/2017 12:00:00 AM
f28171ff-a26b-47ff-8b21-5f642b8ae1c0,10422,Sequim Village Market Place,Starbucks,9940-96882,360-681-2449,CO,1095 W. Washington Street,,,Sequim,WA,US,983823306,-123.13,48.08,-480,Pacific Standard Time,GMT-08:00 America/Los_Angeles,12/8/2013 5:41:59 PM,2/3/2017 12:00:00 AM
391ddf00-288e-403f-af90-5fcf1159d07c,16744,Century Square,Starbucks,113-64,2066251255,CO,1501 Fourth Avenue,,,Seattle,WA,US,981013225,-122.34,47.61,-480,Pacific Standard Time,GMT-08:00 America/Los_Angeles,12/8/2013 5:41:59 PM,2/3/2017 12:00:00 AM
8b080a02-7e2e-4b9d-bc31-5ff5fa7c902b,1008657,Broadway & 10th,Starbucks,22817-205264,4252528960,CO,1010 N Broadway,,,Everett,WA,US,98201,-122.20,48.00,-480,Pacific Standard Time,GMT-08:00 America/Los_Angeles,10/3/2014 12:00:00 AM,2/3/2017 12:00:00 AM
6f5f1a6c-96df-4239-afd5-60066edbabb7,8880,Safeway-Seattle #3540,Starbucks,74240-52021,206-824-2737,LS,21401 Pacific Hwy S,,,Des Moines,WA,US,981986074,-122.30,47.41,-480,Pacific Standard Time,GMT-08:00 America/Los_Angeles,12/8/2013 5:41:59 PM,2/3/2017 12:00:00 AM
26327437-b03a-4e7e-ad4e-6010541916ab,9836,Safeway-Omak #1194,Starbucks,5074-148144,(509) 826-3404,LS,607 Omache Rd,,,Omak,WA,US,98841,-119.51,48.42,-480,Pacific Standard Time,GMT-08:00 America/Los_Angeles,12/8/2013 5:41:59 PM,2/3/2017 12:00:00 AM
a3fe1089-3e3b-4d01-ae1e-6020477da04b,7371,Hwy 99 & 185th- Shoreline,Starbucks,10990-102548,206-542-2093,CO,18336 Midvale Ave. N.,114,,Shoreline,WA,US,981334509,-122.34,47.76,-480,Pacific Standard Time,GMT-08:00 America/Los_Angeles,12/8/2013 5:41:59 PM,2/3/2017 12:00:00 AM
7f3365d4-ef81-4037-90e0-605b1b4bc63c,11377,Fred Meyer -Tumwater #659,Starbucks,72724-33982,360-753-7900,LS,555 Trosper Rd SW,,,Tumwater,WA,US,985127375,-122.91,47.00,-480,Pacific Standard Time,GMT-08:00 America/Los_Angeles,12/8/2013 5:41:59 PM,2/3/2017 12:00:00 AM
47464d11-66ba-4fd6-a844-6094043c498f,15193,North Creek Plaza,Starbucks,3356-40986,425-488-7759,CO,18404 120th Avenue NE,101,North Creek Plaza,Bothell,WA,US,980119520,-122.18,47.76,-480,Pacific Standard Time,GMT-08:00 America/Los_Angeles,12/8/2013 5:41:59 PM,2/3/2017 12:00:00 AM
fe9f8a94-f8ea-483c-8d63-60bc25110d85,11082,Fred Meyer-University Place,Starbucks,72176-22483,253-460-4000,LS,6305 Bridgeport Way W,,,University Place,WA,US,984675117,-122.53,47.20,-480,Pacific Standard Time,GMT-08:00 America/Los_Angeles,12/8/2013 5:41:59 PM,2/3/2017 12:00:00 AM
c6331ca1-f3c7-40c0-ba62-60c0db037820,13861,"SEA SeaTac Concourse A, Space 2",Starbucks,75667-93767,,LS,2580 S 156th St,,,Seattle,WA,US,981581132,-122.30,47.44,-480,Pacific Standard Time,GMT-08:00 America/Los_Angeles,12/8/2013 5:41:59 PM,2/3/2017 12:00:00 AM
d1fa9a02-d69b-40e0-a957-60cce8a544b5,18753,Roy St Coffee & Tea,Coffee House Holdings,6193-149684,206-325-2211,CO,700 Broadway E,,,Seattle,WA,US,981024698,-122.32,47.63,-480,Pacific Standard Time,GMT-08:00 America/Los_Angeles,12/8/2013 5:41:59 PM,2/3/2017 12:00:00 AM
2a0e3a13-1915-41ba-be39-60e49cd14813,17822,Oregon Way & Industrial- Longview,Starbucks,11666-104343,360-423-0235,CO,94 Oregon Way,100,,Longview,WA,US,986321126,-122.95,46.12,-480,Pacific Standard Time,GMT-08:00 America/Los_Angeles,12/8/2013 5:41:59 PM,2/3/2017 12:00:00 AM
cd4af84b-404d-4296-a391-61030548cb7a,6998,Safeway #307 - Walla Walla,Starbucks,79704-117084,,LS,215 E ROSE ST,,,WALLA WALLA,WA,US,993621216,-118.34,46.07,-480,Pacific Standard Time,GMT-08:00 America/Los_Angeles,12/8/2013 5:41:59 PM,2/3/2017 12:00:00 AM
40e3ad07-8023-42da-a57a-6122c1e6a20c,15246,Sherwood,Starbucks,497-12791,503/925-9262,CO,20661 SW Roy Rogers Rd,501,Sherwood Crossroads,Sherwood,OR,US,971409277,-122.84,45.37,-480,Pacific Standard Time,GMT-08:00 America/Los_Angeles,12/8/2013 5:41:59 PM,2/3/2017 12:00:00 AM
07cecdfe-4156-42d7-8767-6171489c72ed,19340,Fred Meyer - Santa Clara #325,Starbucks,79424-106086,541-461-1400,LS,60 Division St,,,Eugene,OR,US,974045427,-123.13,44.10,-480,Pacific Standard Time,GMT-08:00 America/Los_Angeles,12/8/2013 5:41:59 PM,2/3/2017 12:00:00 AM
425055fe-0d97-42ad-b444-61b8af1d707d,12405,Sequoia Pkwy,Starbucks,493-34280,503-620-7211,CO,15350 SW Sequoia Pkwy,,,Portland,OR,US,972247172,-122.75,45.41,-480,Pacific Standard Time,GMT-08:00 America/Los_Angeles,12/8/2013 5:41:59 PM,2/3/2017 12:00:00 AM
0228265d-7e9e-4bb4-89d8-621cb5602671,18304,Marysville Gateway Center,Starbucks,11157-103655,360 658-0648,CO,3725 116TH ST NE,,,MARYSVILLE,WA,US,982718423,-122.18,48.10,-480,Pacific Standard Time,GMT-08:00 America/Los_Angeles,12/8/2013 5:41:59 PM,2/3/2017 12:00:00 AM
9ed2a266-03c3-40a8-a922-621ec37249cc,9012,NE 139th & 20th - Salmon Creek,Starbucks,3349-39259,360/576-4448,CO,14300 NE 20th Avenue,203,Crossroads Center,Vancouver,WA,US,98686,-122.65,45.72,-480,Pacific Standard Time,GMT-08:00 America/Los_Angeles,12/8/2013 5:41:59 PM,2/3/2017 12:00:00 AM
0dcce371-b8d5-43e9-bec4-6250d50ac9e7,1016229,Fred Meyer - Renton #31,Starbucks,48902-263948,425-235-5350,LS,17801 108TH Avenue SE,,,Renton,WA,US,98055,-122.20,47.44,-480,Pacific Standard Time,GMT-08:00 America/Los_Angeles,10/25/2016 12:00:00 AM,2/3/2017 12:00:00 AM
eecbe1a0-a0a3-4a0b-8f47-627241f98bbf,7211,W. Sunset Hwy & S Hayford Rd,Starbucks,10177-98958,509-455-3502,CO,10510 W. SR2,STE 8,,Airway Heights,WA,US,99224,-117.56,47.64,-480,Pacific Standard Time,GMT-08:00 America/Los_Angeles,12/8/2013 5:41:59 PM,2/3/2017 12:00:00 AM
6ce4d706-4ef4-4fdb-87ca-629ecd993f6b,17403,212th & W. Valley Hwy,Starbucks,11318-103672,425-251-1242,CO,6719 S 211th St,,,Kent,WA,US,980322331,-122.25,47.41,-480,Pacific Standard Time,GMT-08:00 America/Los_Angeles,12/8/2013 5:41:59 PM,2/3/2017 12:00:00 AM
9515d2c8-28b9-42ba-9926-6326f8f95dbf,12625,Albertsons - Redmond #2072,Starbucks,73692-104218,425-836-8112,LS,3925 236th Ave NE,,,Redmond,WA,US,980538455,-122.03,47.65,-480,Pacific Standard Time,GMT-08:00 America/Los_Angeles,12/8/2013 5:41:59 PM,2/3/2017 12:00:00 AM
3d354d56-dc89-4250-8f66-63741ee68ab0,11526,Safeway-Silverdale #1680,Starbucks,74269-51939,360-692-4488,LS,2890 NW Bucklin Hill Rd,,,Silverdale,WA,US,983838513,-122.69,47.65,-480,Pacific Standard Time,GMT-08:00 America/Los_Angeles,12/8/2013 5:41:59 PM,2/3/2017 12:00:00 AM
24c253de-3ef7-4de3-8265-63ee2881c79c,16406,Safeway-Enumclaw #494,Starbucks,74268-51739,360-825-5023,LS,152 Roosevelt Ave E,,,Enumclaw,WA,US,980228241,-121.98,47.20,-480,Pacific Standard Time,GMT-08:00 America/Los_Angeles,12/8/2013 5:41:59 PM,2/3/2017 12:00:00 AM
37dd8f7d-f038-4e0a-a1aa-63f669d33505,12710,Safeway-Seattle #1885,Starbucks,74395-50719,206-494-1885,LS,516 1st Ave W,,,Seattle,WA,US,981094522,-122.36,47.62,-480,Pacific Standard Time,GMT-08:00 America/Los_Angeles,12/8/2013 5:41:59 PM,2/3/2017 12:00:00 AM
781790b0-f6d7-42a8-8052-64de8fc12b58,11727,Station Drive DuPont,Starbucks,3242-1699,(253) 912-9974,CO,1100 Station Drive,,,DuPont,WA,US,983279763,-122.62,47.09,-480,Pacific Standard Time,GMT-08:00 America/Los_Angeles,12/8/2013 5:41:59 PM,2/3/2017 12:00:00 AM
2962720a-12b9-44b8-a1f9-6530e6e01103,18497,Normandy Park,Starbucks,3334-25607,206-988-6912,CO,17829 1st Ave South,,Manhattan Village Shopping Center,Normandy Park,WA,US,981481728,-122.34,47.44,-480,Pacific Standard Time,GMT-08:00 America/Los_Angeles,12/8/2013 5:41:59 PM,2/3/2017 12:00:00 AM
f631821f-8edf-4408-b399-653a1f95701b,16754,Renton Village,Starbucks,374-88,425-227-9262,CO,601 S. Grady Way,#E,,Renton,WA,US,980573229,-122.21,47.47,-480,Pacific Standard Time,GMT-08:00 America/Los_Angeles,12/8/2013 5:41:59 PM,2/3/2017 12:00:00 AM
301a0067-fd40-4289-b412-6594403c7fbc,17440,QFC - Lynnwood #855,Starbucks,79401-103049,425-743-1127,LS,17525-F Highway 99,,,Lynnwood,WA,US,980373105,-122.30,47.84,-480,Pacific Standard Time,GMT-08:00 America/Los_Angeles,12/8/2013 5:41:59 PM,2/3/2017 12:00:00 AM
64cb701e-2df8-452a-8a25-65c808ec5a17,16491,27th & 67th,Starbucks,8703-94187,253-460-3089,CO,6720 Regents  Boulevard W,,Regents Plaza,Tacoma,WA,US,984665400,-122.53,47.24,-480,Pacific Standard Time,GMT-08:00 America/Los_Angeles,12/8/2013 5:41:59 PM,2/3/2017 12:00:00 AM
b793d7dc-2fae-4b2c-8aca-65e8672920a0,11304,Goose Hollow,Starbucks,3390-75081,503/295-9503,CO,1710 SW Jefferson Street,,Collins Circle,Portland,OR,US,972012571,-122.69,45.52,-480,Pacific Standard Time,GMT-08:00 America/Los_Angeles,12/8/2013 5:41:59 PM,2/3/2017 12:00:00 AM
b6bb982d-7c58-4dc3-b32f-662470784e0f,11970,Garden Home Marketplace,Starbucks,454-723,(503) 244-3741,CO,7315 SW Garden Home Road,,,Portland,OR,US,972239522,-122.75,45.47,-480,Pacific Standard Time,GMT-08:00 America/Los_Angeles,12/8/2013 5:41:59 PM,2/3/2017 12:00:00 AM
06465073-b1e8-49aa-a4a7-662d1b503c82,11837,Fred Meyer - Issaquah #658,Starbucks,72707-33979,425-416-1112,LS,6100  East Lake Sammamish SE,,,Issaquah,WA,US,980298926,-122.04,47.55,-480,Pacific Standard Time,GMT-08:00 America/Los_Angeles,12/8/2013 5:41:59 PM,2/3/2017 12:00:00 AM
54c73d75-7896-4462-89a9-665bb6ea8f6d,14913,7th & Pike - Seattle,Starbucks,3298-4659,206-264-8921,CO,1524 7th Ave,,Elliott Hotel,Seattle,WA,US,981011704,-122.33,47.61,-480,Pacific Standard Time,GMT-08:00 America/Los_Angeles,12/8/2013 5:41:59 PM,2/3/2017 12:00:00 AM
04488782-38ae-4e5b-8ef1-666c76753f81,18460,"SEA SeaTac North Satellite, Gt N-12",Starbucks,72301-4310,206-433-5131,LS,2580 S 156th St,,Seattle-Tacoma International Airport,Seattle,WA,US,981581132,-122.30,47.45,-480,Pacific Standard Time,GMT-08:00 America/Los_Angeles,12/8/2013 5:41:59 PM,2/3/2017 12:00:00 AM
4933cfd5-2ba8-4eb5-9e04-66ba4204c9a0,1014432,Berkeley & Union - Tillicum,Starbucks,26032-243045,2532440967,CO,15305 Union Ave SW,,,Lakewood,WA,US,984982065,-122.56,47.12,-480,Pacific Standard Time,GMT-08:00 America/Los_Angeles,3/15/2016 12:00:00 AM,2/3/2017 12:00:00 AM
924cb12a-5c64-4c7a-a840-66f636b462ee,11781,Safeway-Port Angeles #1492,Starbucks,74256-51879,360-457-0788,LS,110 E 3rd St,,,Port Angeles,WA,US,983623010,-123.43,48.12,-480,Pacific Standard Time,GMT-08:00 America/Los_Angeles,12/8/2013 5:41:59 PM,2/3/2017 12:00:00 AM
9095cc6d-9ff6-469f-b961-66fa64bbc24e,1006087,Safeway - Issaquah 3006,Starbucks,20180-202744,425-369-3113,LS,1451  Highlands Dr NE,,,Issaquah,WA,US,98029,-122.02,47.54,-480,Pacific Standard Time,GMT-08:00 America/Los_Angeles,12/8/2013 5:41:59 PM,2/3/2017 12:00:00 AM
1c4901c5-4c9c-478d-acd3-6772b969ca9b,13037,Frontier Village,Starbucks,3215-287,425-334-9831,CO,511 State Road 9 N.E.,Ste. A56,Lake Stevens Shopping Center,Lake Stevens,WA,US,982589408,-122.11,48.00,-480,Pacific Standard Time,GMT-08:00 America/Los_Angeles,12/8/2013 5:41:59 PM,2/3/2017 12:00:00 AM
552eef31-7467-43d9-9672-6778f0b0edcb,18379,South Hill,Starbucks,362-253,(509) 534-8971,CO,2525 E 29th Avenue,,,Spokane,WA,US,992234855,-117.37,47.63,-480,Pacific Standard Time,GMT-08:00 America/Los_Angeles,12/8/2013 5:41:59 PM,2/3/2017 12:00:00 AM
ba88f2c3-ea51-417c-8a8d-67a367002392,1016362,Fred Meyer Happy Valley #694,Starbucks,48908-259870,971-999-6243,LS,17005 SE Sunnyside Rd,,,Happy Valley,OR,US,97015,-122.49,45.43,-480,Pacific Standard Time,GMT-08:00 America/Los_Angeles,11/8/2016 12:00:00 AM,2/3/2017 12:00:00 AM
2018fd36-9337-49a8-8098-67ded7a73ad0,65918,148th St. SW & Highway 99,Starbucks,15546-154509,425-787-2347,CO,3625 148th St SW,A101,,Lynnwood,WA,US,980875577,-122.28,47.86,-480,Pacific Standard Time,GMT-08:00 America/Los_Angeles,12/8/2013 5:41:59 PM,2/3/2017 12:00:00 AM
3d2f347d-b3bc-44cc-ae83-6809937d40f5,1012719,Teavana - Alderwood Mall,Teavana,28520-249846,425-774-7740,CO,3000 184th St.N.W.,#218,Alderwood Mall,LYNNWOOD,WA,US,98037,-122.27,47.83,-480,Pacific Standard Time,GMT-08:00 America/Los_Angeles,7/9/2015 12:00:00 AM,2/3/2017 12:00:00 AM
59048903-ca20-4005-b5ad-6829438dce77,17844,35th & Fauntleroy,Starbucks,11668-103809,206-932-4230,CO,4408 Fauntleroy Way SW,,,Seattle,WA,US,981264440,-122.38,47.56,-480,Pacific Standard Time,GMT-08:00 America/Los_Angeles,12/8/2013 5:41:59 PM,2/3/2017 12:00:00 AM
dd678cff-8387-478b-975b-68979f64771b,1012801,Teavana - Tacoma Mall,Teavana,28605-249865,253-475-0103,CO,4502 S. Steele St.,#818,Tacoma Mall,Tacoma,WA,US,98409,-122.47,47.22,-480,Pacific Standard Time,GMT-08:00 America/Los_Angeles,7/11/2015 12:00:00 AM,2/3/2017 12:00:00 AM
fff5c98e-296e-4237-b4e5-68f26dacfbd5,18300,Hwy 99 & Airport Rd - Everett,Starbucks,10765-102544,425-348-7310,CO,11802 Evergreen Way,,,Everett,WA,US,982044620,-122.26,47.89,-480,Pacific Standard Time,GMT-08:00 America/Los_Angeles,12/8/2013 5:41:59 PM,2/3/2017 12:00:00 AM
2a0c7fef-04d4-4648-86dd-69ba8d788df2,1009606,Target Spokane T-2857,Starbucks,23948-217224,509-822-3274,LS,4915 S Regal St,,,Spokane,WA,US,99217,-117.37,47.60,-480,Pacific Standard Time,GMT-08:00 America/Los_Angeles,8/2/2014 12:00:00 AM,2/3/2017 12:00:00 AM
4f935c23-fb5c-4cba-bc9b-69c12d8f6cf4,9436,Nolan Town Center- Redmond,Starbucks,9533-96575,541-548-9679,CO,885 SW Rimrock Way,1,,Redmond,OR,US,977562566,-121.19,44.27,-480,Pacific Standard Time,GMT-08:00 America/Los_Angeles,12/8/2013 5:41:59 PM,2/3/2017 12:00:00 AM
5983c910-3f85-48bb-833b-69d4f0fa587b,87107,Safeway-Seattle #423,Starbucks,17117-177224,206-524-7064,LS,7340 35th Ave NE,,,Seattle,WA,US,981155919,-122.29,47.68,-480,Pacific Standard Time,GMT-08:00 America/Los_Angeles,12/8/2013 5:41:59 PM,2/3/2017 12:00:00 AM
cd635322-9bb1-456c-894a-69d66b44ef3d,8172,Safeway - Yakima #462,Starbucks,74931-101204,509-453-8833,LS,205 N 5th Ave,,,Yakima,WA,US,989022643,-120.52,46.60,-480,Pacific Standard Time,GMT-08:00 America/Los_Angeles,12/8/2013 5:41:59 PM,2/3/2017 12:00:00 AM
df99f604-2cb6-4099-b605-6a3709c12704,9579,QFC-Inglemore #838,Starbucks,79206-96481,425-821-4885,LS,14130 Juanita Dr NE,,,Bothell,WA,US,980114927,-122.24,47.73,-480,Pacific Standard Time,GMT-08:00 America/Los_Angeles,12/8/2013 5:41:59 PM,2/3/2017 12:00:00 AM
349ad5d5-b110-4800-b0bc-6a742f52cd51,11984,Carnation,Starbucks,380-205,4253336767,CO,31722 Eugene Street,#8,,Carnation,WA,US,98014,-121.92,47.65,-480,Pacific Standard Time,GMT-08:00 America/Los_Angeles,12/8/2013 5:41:59 PM,2/3/2017 12:00:00 AM
6602b2b5-f829-461f-95bc-6b7025f42349,12172,Essex House,Starbucks,414-1704,(503) 226-7119,CO,1300 SW Third Avenue,,,Portland,OR,US,972015867,-122.68,45.51,-480,Pacific Standard Time,GMT-08:00 America/Los_Angeles,12/8/2013 5:41:59 PM,2/3/2017 12:00:00 AM
f10bc825-ac4e-435a-b553-6b7da51394d3,9048,Multnomah,Starbucks,417-185,(503) 245-1961,CO,7737 SW Capitol Highway,,,Portland,OR,US,972192458,-122.71,45.47,-480,Pacific Standard Time,GMT-08:00 America/Los_Angeles,12/8/2013 5:41:59 PM,2/3/2017 12:00:00 AM
b3308e7d-fec2-4b85-bac6-6be1dceb5286,13040,Ellensburg Campus,Starbucks,3227-1275,5099257877,CO,908 E. 10th Street,,,Ellensburg,WA,US,989262935,-120.53,47.00,-480,Pacific Standard Time,GMT-08:00 America/Los_Angeles,12/8/2013 5:41:59 PM,2/3/2017 12:00:00 AM
2f8f4eea-785b-4268-9bc0-6c4a272fcf13,11286,North Tigard,Starbucks,3389-75082,503/639-0925,CO,11636 SW Pacific Highway,,,Tigard,OR,US,972238674,-122.75,45.44,-480,Pacific Standard Time,GMT-08:00 America/Los_Angeles,12/8/2013 5:41:59 PM,2/3/2017 12:00:00 AM
02db1200-38ca-4d53-ada5-6c4d4d5cef8f,66381,Western Washington University,Starbucks,16456-84474,360-650-4595,LS,156 E College Way,,,Bellingham,WA,US,982255946,-122.49,48.73,-480,Pacific Standard Time,GMT-08:00 America/Los_Angeles,12/8/2013 5:41:59 PM,2/3/2017 12:00:00 AM
2c1b7386-cfbc-4c65-ae63-6c5e8dadf5db,1016738,Haggen - Snohomish #3482,Starbucks,50201-271144,14252934229,LS,1301 Ave D,,,Snohomish,WA,US,98290,-122.10,47.93,-480,Pacific Standard Time,GMT-08:00 America/Los_Angeles,12/28/2016 12:00:00 AM,2/3/2017 12:00:00 AM
b46710aa-54dc-4ce1-8a88-6c83c22ede1f,1013190,Haggen Stanwood #55,Starbucks,29025-252167,13606294400,LS,26603 72nd Ave NW,,,Stanwood,WA,US,98292,-122.33,48.24,-480,Pacific Standard Time,GMT-08:00 America/Los_Angeles,11/24/2015 12:00:00 AM,2/3/2017 12:00:00 AM
f5ed1cc9-c12d-4021-9fdf-6cabce9eae2f,14427,1134 Lancaster Dr,Starbucks,8738-84545,503-375-3606,CO,1134 Lancaster Drive NE,,,Salem,OR,US,973012933,-122.98,44.94,-480,Pacific Standard Time,GMT-08:00 America/Los_Angeles,12/8/2013 5:41:59 PM,2/3/2017 12:00:00 AM
b8e86e19-fce0-4820-9012-6cf7ed00326e,87153,Safeway-Portland #3134,Starbucks,16862-170379,503-236-7070,LS,2800 SE Hawthorne Blvd,,,Portland,OR,US,972142945,-122.64,45.51,-480,Pacific Standard Time,GMT-08:00 America/Los_Angeles,12/8/2013 5:41:59 PM,2/3/2017 12:00:00 AM
f4dc56ff-3dac-4e5e-aa0c-6d5426605d71,6895,QFC - Maple Valley/Wilderness Vlg #,Starbucks,72586-108362,425-432-9961,LS,22131 SE 237th,,,Maple Valley,WA,US,980388533,-122.05,47.39,-480,Pacific Standard Time,GMT-08:00 America/Los_Angeles,12/8/2013 5:41:59 PM,2/3/2017 12:00:00 AM
ba12ee46-6945-4c2c-a85f-6d8e58d2065a,18355,Safeway - Hermiston #444,Starbucks,79635-104199,,LS,990 Hwy 395 South,,,Hermiston,OR,US,978382623,-119.29,45.83,-480,Pacific Standard Time,GMT-08:00 America/Los_Angeles,12/8/2013 5:41:59 PM,2/3/2017 12:00:00 AM
94f73ed4-1eb4-4fc7-b010-6db6eabe89c9,13764,Highway 99 & 200th - Lynnwood,Starbucks,3715-81300,425-776-5600,CO,19931 Highway 99,,,Lynnwood,WA,US,980366043,-122.32,47.82,-480,Pacific Standard Time,GMT-08:00 America/Los_Angeles,12/8/2013 5:41:59 PM,2/3/2017 12:00:00 AM
750beb36-4fa9-4f0b-8d80-6db94b7db678,11968,Oak Grove,Starbucks,434-154,503-659-3653,CO,14620 SE McLoughlin Blvd,,,Milwaukie,OR,US,972671415,-122.63,45.42,-480,Pacific Standard Time,GMT-08:00 America/Los_Angeles,12/8/2013 5:41:59 PM,2/3/2017 12:00:00 AM
27d9a6f2-0970-48fc-9ac4-6e0897eccec9,11939,Overlake,Starbucks,3332-26387,425-644-7824,CO,2020 - 148th Ave NE,,,Redmond,WA,US,980525527,-122.14,47.63,-480,Pacific Standard Time,GMT-08:00 America/Los_Angeles,12/8/2013 5:41:59 PM,2/3/2017 12:00:00 AM
884775b3-46f2-48c4-b975-6e1a224d90bc,6691,QFC - Mt. Lake Terrace #857,Starbucks,72574-102112,425-771-3962,LS,22803 44th Avenue W,,,Mountlake Terrace,WA,US,980435032,-122.29,47.79,-480,Pacific Standard Time,GMT-08:00 America/Los_Angeles,12/8/2013 5:41:59 PM,2/3/2017 12:00:00 AM
c4e6fe73-40b5-4a7c-bace-6e3fda98557a,12602,Safeway-Gresham #1070,Starbucks,74498-77303,503-674-7080,LS,1001 SW Highland Dr,,,Gresham,OR,US,970806354,-122.48,45.49,-480,Pacific Standard Time,GMT-08:00 America/Los_Angeles,12/8/2013 5:41:59 PM,2/3/2017 12:00:00 AM
d085a1c1-abd1-4188-9e0e-6e4f9c5e9488,9335,Safeway-Baker City #4381,Starbucks,74286-76340,541-523-7276,LS,1205 Campbell,,,Baker City,OR,US,978142271,-117.82,44.78,-480,Pacific Standard Time,GMT-08:00 America/Los_Angeles,12/8/2013 5:41:59 PM,2/3/2017 12:00:00 AM
52e254ff-fdc3-4ccd-8426-6e50cb50bdd9,10298,Safeway - Portland #1451,Starbucks,79540-104109,503-261-2550,LS,221 NE 122nd Ave,,,Portland,OR,US,972204106,-122.54,45.52,-480,Pacific Standard Time,GMT-08:00 America/Los_Angeles,12/8/2013 5:41:59 PM,2/3/2017 12:00:00 AM
ad7cd24a-22cc-40c1-a279-6e5a063a62c0,11106,3 Bellevue Cntr,Starbucks,3313-9258,(425) 646-9602,CO,601 108th Avenue NE,,,Bellevue,WA,US,980044383,-122.20,47.62,-480,Pacific Standard Time,GMT-08:00 America/Los_Angeles,12/8/2013 5:41:59 PM,2/3/2017 12:00:00 AM
b6a40251-d72e-46a5-8e74-6e8e23732cb8,1014686,128th St SW & 4th Ave W - Everett,Starbucks,3271-246405,4253552478,CO,12811 4th Ave West,,,Everett,WA,US,98204,-122.24,47.88,-480,Pacific Standard Time,GMT-08:00 America/Los_Angeles,5/14/2016 12:00:00 AM,2/3/2017 12:00:00 AM
bdbe198a-3ef4-4a1a-bbf8-6ea1229324eb,6775,Hwy 213 - Oregon City,Starbucks,10330-99342,503-655-2916,CO,19574 Mollala Ave.,,,Oregon City,OR,US,970454547,-122.58,45.32,-480,Pacific Standard Time,GMT-08:00 America/Los_Angeles,12/8/2013 5:41:59 PM,2/3/2017 12:00:00 AM
6dae3f33-32db-44f5-87e5-6eaee0f8e814,18325,NE MLK and Weidler,Starbucks,14046-108073,(503) 233-3167,CO,1503 NE MLK,,,Portland,OR,US,972321137,-122.66,45.53,-480,Pacific Standard Time,GMT-08:00 America/Los_Angeles,12/8/2013 5:41:59 PM,2/3/2017 12:00:00 AM
7457b507-711b-4d61-ba34-6eaf720f3476,12032,Murphys Corner/Frd Myr,Starbucks,3256-782,425-357-0698,CO,12906 Bothell-Everett Hwy,,,Everett,WA,US,982086688,-122.21,47.88,-480,Pacific Standard Time,GMT-08:00 America/Los_Angeles,12/8/2013 5:41:59 PM,2/3/2017 12:00:00 AM
f2640cc3-c30e-4dde-b507-6eea797dbbc2,1014342,NE 4th Street and Union Ave NE,Starbucks,29901-255125,4257574783,CO,4112 NE 4th Street,,,Renton,WA,US,98059,-122.16,47.49,-480,Pacific Standard Time,GMT-08:00 America/Los_Angeles,2/24/2016 12:00:00 AM,2/3/2017 12:00:00 AM
0ea6b802-432e-42e1-b6b3-6f5ca39bdf45,13747,1700 Canyon Rd,Starbucks,2808-84540,5099259233,CO,1614 Canyon Rd,101,,Ellensburg,WA,US,98926,-120.54,46.98,-480,Pacific Standard Time,GMT-08:00 America/Los_Angeles,12/8/2013 5:41:59 PM,2/3/2017 12:00:00 AM
464664ea-62f9-486b-b778-70a48f1504f9,9545,Fred Meyer-Corvallis #70,Starbucks,72912-94362,541-754-5559,LS,777 Kings Blvd,,,Corvallis,OR,US,973305620,-123.27,44.58,-480,Pacific Standard Time,GMT-08:00 America/Los_Angeles,12/8/2013 5:41:59 PM,2/3/2017 12:00:00 AM
3fa0f37e-0dc7-421d-9bef-70fdf2d6ca54,1009505,Zulily Headquarters,Starbucks,23868-222206,2063006722,CO,2601 Elliott Ave,101,,Seattle,WA,US,98121,-122.35,47.61,-480,Pacific Standard Time,GMT-08:00 America/Los_Angeles,8/11/2015 12:00:00 AM,2/3/2017 12:00:00 AM
92b867a0-e041-4696-af2d-7141feda6eb8,12372,Heritage Village,Starbucks,3342-29815,509-464-1589,CO,9335 N Newport Highway,Suite A,Heritage Village Shopping Center,Spokane,WA,US,992181215,-117.41,47.74,-480,Pacific Standard Time,GMT-08:00 America/Los_Angeles,12/8/2013 5:41:59 PM,2/3/2017 12:00:00 AM
481f451a-1c89-42f6-a617-715ff3f214d3,7428,Downtown Edmonds,Starbucks,10764-99936,425-778-6093,CO,502 Main Street,,,Edmonds,WA,US,980203148,-122.38,47.81,-480,Pacific Standard Time,GMT-08:00 America/Los_Angeles,12/8/2013 5:41:59 PM,2/3/2017 12:00:00 AM
a908fb8d-a76e-4db0-9dbd-71649e129b59,1013277,N. Greene & E. Augusta,Starbucks,27399-247488,5097890206,CO,1605 N. Greene Street,,,Spokane,WA,US,99207,-117.36,47.67,-480,Pacific Standard Time,GMT-08:00 America/Los_Angeles,9/23/2015 12:00:00 AM,2/3/2017 12:00:00 AM
d0d4223a-8f22-417a-a415-716f32cc4c8a,8749,Seattle Municipal Building,Starbucks,111-5,2066225789,CO,700 5th Ave.,4th floor,,Seattle,WA,US,981045058,-122.33,47.60,-480,Pacific Standard Time,GMT-08:00 America/Los_Angeles,12/8/2013 5:41:59 PM,2/3/2017 12:00:00 AM
5102ff75-3de1-4a95-bf94-718c1581f343,17979,Safeway-North City #497,Starbucks,79523-97968,,LS,17202 15th Ave NE,,,Seattle,WA,US,981555130,-122.31,47.75,-480,Pacific Standard Time,GMT-08:00 America/Los_Angeles,12/8/2013 5:41:59 PM,2/3/2017 12:00:00 AM
bb524def-ebf6-4ba6-972c-71c7ade60385,7514,Fred Meyer-Portland #125,Starbucks,79496-94713,,LS,6615 NE Glisan St,,,Portland,OR,US,972135068,-122.60,45.53,-480,Pacific Standard Time,GMT-08:00 America/Los_Angeles,12/8/2013 5:41:59 PM,2/3/2017 12:00:00 AM
1e3d6817-d3d1-4b10-a491-71f49dfd571c,15647,130th & Aurora,Starbucks,3300-9280,206-368-9366,CO,13025 Aurora Avenue North,,,Seattle,WA,US,981337506,-122.35,47.72,-480,Pacific Standard Time,GMT-08:00 America/Los_Angeles,12/8/2013 5:41:59 PM,2/3/2017 12:00:00 AM
3d6c5084-9541-4e75-94f6-7208da860212,1014553,Hwy 3 & Finn Hill Rd,Starbucks,8934-231785,,CO,21215 Olhava Way 101,,,Poulsbo,WA,US,983709457,-122.66,47.76,-480,Pacific Standard Time,GMT-08:00 America/Los_Angeles,4/19/2016 12:00:00 AM,2/3/2017 12:00:00 AM
28bbb719-4da2-4d1b-b039-72677a08df08,9552,35th and 73rd-Wedgwood,Starbucks,2958-97759,206-517-2877,CO,7303 35th Avenue NE,,,Seattle,WA,US,981155918,-122.29,47.68,-480,Pacific Standard Time,GMT-08:00 America/Los_Angeles,12/8/2013 5:41:59 PM,2/3/2017 12:00:00 AM
f3e9b584-b996-4a16-a697-72792c2519e3,1006253,Leavenworth,Starbucks,3326-179884,5095487559,CO,932 Front St,Building A,,Leavenworth,WA,US,98826,-120.66,47.60,-480,Pacific Standard Time,GMT-08:00 America/Los_Angeles,12/8/2013 5:41:59 PM,2/3/2017 12:00:00 AM
0f101fec-9500-4935-9a0f-72b1e02d187e,1012908,Sodexo @ Gonzaga University Center,Starbucks,25789-229745,5093137214,LS,1027 N Hamilton St.,,,Spokane,WA,US,99202,-117.40,47.67,-480,Pacific Standard Time,GMT-08:00 America/Los_Angeles,8/25/2015 12:00:00 AM,2/3/2017 12:00:00 AM
0bb0ceb3-0899-4d27-9bc3-72b33e6d0e09,6837,Cascade Station- Portland,Starbucks,11544-103918,503-281-4946,CO,10119 NE Cascade Parkway,,,Portland,OR,US,972206815,-122.56,45.57,-480,Pacific Standard Time,GMT-08:00 America/Los_Angeles,12/8/2013 5:41:59 PM,2/3/2017 12:00:00 AM
99c2b6ad-2443-4e4c-b219-72b5f4c4d73c,1006595,196th & Hwy 99,Starbucks,19847-188825,425-672-0481,CO,6208 196th St SW,101,Lynnwood Crossing,Lynnwood,WA,US,98036,-122.32,47.82,-480,Pacific Standard Time,GMT-08:00 America/Los_Angeles,2/13/2014 12:00:00 AM,2/3/2017 12:00:00 AM
e92abbde-5fb3-498c-a94d-72f8a5e59245,12189,Tumwater,Starbucks,3372-65440,360-352-4340,CO,5312 Little Rock Road SW,,Fred Meyer Center,Tumwater,WA,US,985127390,-122.92,47.00,-480,Pacific Standard Time,GMT-08:00 America/Los_Angeles,12/8/2013 5:41:59 PM,2/3/2017 12:00:00 AM
52a1ad61-9b2a-444b-8ed6-7322d1eaa0a7,10389,Cooper Point Village- Olympia,Starbucks,10795-101754,360-352-5616,CO,315 Cooper Point Road NW,101,,Olympia,WA,US,985024446,-122.94,47.05,-480,Pacific Standard Time,GMT-08:00 America/Los_Angeles,12/8/2013 5:41:59 PM,2/3/2017 12:00:00 AM
abe59590-1b08-465e-a2d5-7388a268326b,1011532,Safeway #1556 - Coos Bay,Starbucks,74986-112847,,LS,230 East Johnson,,,Coos Bay,OR,US,974201478,-124.21,43.36,-480,Pacific Standard Time,GMT-08:00 America/Los_Angeles,1/15/2015 12:00:00 AM,2/3/2017 12:00:00 AM
bae1fe22-344c-4300-88c7-73a0668945b4,12380,McMinnville Market Center,Starbucks,8736-94344,503-472-8640,CO,829 SW Keck Drive,,,McMinnville,OR,US,971286692,-123.21,45.20,-480,Pacific Standard Time,GMT-08:00 America/Los_Angeles,12/8/2013 5:41:59 PM,2/3/2017 12:00:00 AM
654851ea-bf4f-4af0-80d9-73e4d4a3f480,90143,Albertsons 3411 @ Tacoma,Starbucks,16384-168764,253-852-5844,LS,8611 Steilacoom Blvd SW,,,Lakewood,WA,US,984984716,-122.55,47.18,-480,Pacific Standard Time,GMT-08:00 America/Los_Angeles,12/8/2013 5:41:59 PM,2/3/2017 12:00:00 AM
eda0d447-c1fc-411b-bb5a-741a4f4a75a2,1013702,Albertsons #577 Klamath Falls,Starbucks,29464-253164,541-882-7269,LS,5500 S 6th St,,,Klamath Falls,OR,US,97603,-121.72,42.21,-480,Pacific Standard Time,GMT-08:00 America/Los_Angeles,12/1/2015 12:00:00 AM,2/3/2017 12:00:00 AM
ad57757f-4546-48c6-9494-74275f96673e,17097,Safeway - Lynden #1930,Starbucks,79585-104972,360-318-0688,LS,8071 GUIDE MERIDIAN RD. #101,,,LYNDEN,WA,US,982649236,-122.49,48.93,-480,Pacific Standard Time,GMT-08:00 America/Los_Angeles,12/8/2013 5:41:59 PM,2/3/2017 12:00:00 AM
6aa31809-d9ee-4806-bb20-744d6ab2d27e,18811,Secure Access SCH River,Starbucks,8068-151148,206-522-5734,CO,4800 Sand Point Way NE,,,Seattle,WA,US,981053901,-122.28,47.66,-480,Pacific Standard Time,GMT-08:00 America/Los_Angeles,12/8/2013 5:41:59 PM,2/3/2017 12:00:00 AM
992d21cf-42f4-4c5c-928d-745ccae3d3cd,16792,Lakemont / Bellevue,Starbucks,3255-48,425-649-2062,CO,4851 Lakemont Blvd SE,Ste D,Lakemont Village,Bellevue,WA,US,980065501,-122.11,47.56,-480,Pacific Standard Time,GMT-08:00 America/Los_Angeles,12/8/2013 5:41:59 PM,2/3/2017 12:00:00 AM
0852fc92-3fbf-4a17-a95f-749825b9a690,9788,Safeway - Burien #1664,Starbucks,74768-98727,206-243-3043,LS,138 SW 148th St,,,Burien,WA,US,981661924,-122.34,47.47,-480,Pacific Standard Time,GMT-08:00 America/Los_Angeles,12/8/2013 5:41:59 PM,2/3/2017 12:00:00 AM
4fe780ff-d2e7-4354-bd8c-74e3932d85b8,14426,Barbur & Capitol,Starbucks,8737-94357,503-244-9884,CO,10010 S.W. Barbur Blvd.,,,Portland,OR,US,972195903,-122.72,45.45,-480,Pacific Standard Time,GMT-08:00 America/Los_Angeles,12/8/2013 5:41:59 PM,2/3/2017 12:00:00 AM
d1ad2f1d-1b0b-41c3-ada0-75798687ccf7,17983,Fred Meyer-Redmond #650,Starbucks,73742-94701,,LS,944 SW 9th St,,,Redmond,OR,US,977561193,-121.18,44.27,-480,Pacific Standard Time,GMT-08:00 America/Los_Angeles,12/8/2013 5:41:59 PM,2/3/2017 12:00:00 AM
7e47ee27-d806-4f4d-ba0a-75a694870cc1,9053,Wilderness Village,Starbucks,3210-47,425-413-9353,CO,22131 S.E. 237th Street,,,Maple Valley,WA,US,980388533,-122.05,47.39,-480,Pacific Standard Time,GMT-08:00 America/Los_Angeles,12/8/2013 5:41:59 PM,2/3/2017 12:00:00 AM
54fa74a8-b9db-4fee-9bc0-760fb5db2e43,17437,Wood Village Town Center- W Village,Starbucks,10291-99827,503-465-2146,CO,22352 Park Lane,"Bldg P2, Suite A",,Wood Village,OR,US,970602665,-122.43,45.53,-480,Pacific Standard Time,GMT-08:00 America/Los_Angeles,12/8/2013 5:41:59 PM,2/3/2017 12:00:00 AM
37285f11-3b00-4956-b086-762b55398b8f,1014984,Barnett & Medical Ctr. Dr - Medford,Starbucks,24852-161024,5418410682,CO,2676 E Barnett Rd,,,Medford,OR,US,97504,-122.83,42.32,-480,Pacific Standard Time,GMT-08:00 America/Los_Angeles,6/7/2016 12:00:00 AM,2/3/2017 12:00:00 AM
21f2ec1a-4e06-4b87-80c3-763909448b7c,1015093,Iowa & King - Bellingham,Starbucks,28855-251127,3608691807,CO,814 Iowa St,,,Bellingham,WA,US,982254247,-122.46,48.76,-480,Pacific Standard Time,GMT-08:00 America/Los_Angeles,6/21/2016 12:00:00 AM,2/3/2017 12:00:00 AM
06bfc713-8380-4917-a7e7-763ca7ccc4be,13702,Target Vancouver NW T-1883,Starbucks,76243-90660,360-713-0004,LS,8801 NE Hazel Dell Ave,,,Vancouver,WA,US,986658145,-122.67,45.69,-480,Pacific Standard Time,GMT-08:00 America/Los_Angeles,12/8/2013 5:41:59 PM,2/3/2017 12:00:00 AM
64682af7-f73d-4da3-b6d8-768b8d237751,8944,Safeway-Kirkland #1142,Starbucks,74160-30879,425-822-8821,LS,12519 NE 85th St.,,,Kirkland,WA,US,980338048,-122.17,47.68,-480,Pacific Standard Time,GMT-08:00 America/Los_Angeles,12/8/2013 5:41:59 PM,2/3/2017 12:00:00 AM
d0134a0e-6d11-413a-a6df-76a7f8a1387f,18155,132nd & Seattle Hill RD.-Snohmish,Starbucks,10533-100814,425-338-1327,CO,4809 132nd St SE,,,Everett,WA,US,982086241,-122.17,47.88,-480,Pacific Standard Time,GMT-08:00 America/Los_Angeles,12/8/2013 5:41:59 PM,2/3/2017 12:00:00 AM
d577ba4b-c196-4b12-9622-76aad8231df2,7698,College St & Yelm Hwy - Lacey,Starbucks,3247-121144,360-491-8927,CO,4700 AVERY LANE SE,,Lacey Crossroads,LACEY,WA,US,985035603,-122.82,47.00,-480,Pacific Standard Time,GMT-08:00 America/Los_Angeles,12/8/2013 5:41:59 PM,2/3/2017 12:00:00 AM
0eb8a3fd-4dfa-4cf1-9e71-76cc01cd2beb,15233,Highlands Center,Starbucks,377-260,(509) 735-9464,CO,2801 W Clearwater,,,Kennewick,WA,US,993362946,-119.16,46.21,-480,Pacific Standard Time,GMT-08:00 America/Los_Angeles,12/8/2013 5:41:59 PM,2/3/2017 12:00:00 AM
9be4ed2d-0824-4f2c-9887-76d77683032a,7265,Target Redmond T-995,Starbucks,76527-99430,425-556-9533,LS,17700 NE 76th St,,,Redmond,WA,US,980523300,-122.10,47.67,-480,Pacific Standard Time,GMT-08:00 America/Los_Angeles,12/8/2013 5:41:59 PM,2/3/2017 12:00:00 AM
45b08f6e-67a3-4941-8a64-76e61faf41e6,15158,Kearney Plaza,Starbucks,3380-73820,503/227-2724,CO,1102 NW Lovejoy Street,,Kearney Plaza,Portland,OR,US,972093470,-122.68,45.53,-480,Pacific Standard Time,GMT-08:00 America/Los_Angeles,12/8/2013 5:41:59 PM,2/3/2017 12:00:00 AM
6c612cf8-11ef-4069-8a3a-77177194b33b,15644,Cascade Summit,Starbucks,484-19399,503-723-0085,CO,22750 Salamo Road,,,West Linn,OR,US,970689240,-122.65,45.36,-480,Pacific Standard Time,GMT-08:00 America/Los_Angeles,12/8/2013 5:41:59 PM,2/3/2017 12:00:00 AM
cf26f5c1-032f-42e2-bf1e-773f3a88d8e4,15690,Hawk's Prairie,Starbucks,3368-63159,360-491-1190,CO,1401 Marvin Rd NE,#109,Hawk's Prairie Village,Lacey,WA,US,985165711,-122.77,47.06,-480,Pacific Standard Time,GMT-08:00 America/Los_Angeles,12/8/2013 5:41:59 PM,2/3/2017 12:00:00 AM
1239f04b-6a28-4609-ab8e-7767a7ea5b40,10277,SEA SeaTac CT-26,Starbucks,75588-99867,206-433-5603,LS,2580 S 156th St,,Seattle-Tacoma International Airport,Seattle,WA,US,981581132,-122.30,47.44,-480,Pacific Standard Time,GMT-08:00 America/Los_Angeles,12/8/2013 5:41:59 PM,2/3/2017 12:00:00 AM
15481bba-9e81-407c-aa0d-77913f79df14,12612,Bakerview-Bellingham,Starbucks,9378-94210,360-734-0133,CO,1031 W. Bakerview Rd,,,Bellingham,WA,US,982269123,-122.51,48.79,-480,Pacific Standard Time,GMT-08:00 America/Los_Angeles,12/8/2013 5:41:59 PM,2/3/2017 12:00:00 AM
d20045d2-28d0-4870-a46e-7799ac9444bf,8686,4th & Seneca,Starbucks,392-218,(206) 623-0860,CO,1125 4th Avenue,,,Seattle,WA,US,981013003,-122.33,47.61,-480,Pacific Standard Time,GMT-08:00 America/Los_Angeles,12/8/2013 5:41:59 PM,2/3/2017 12:00:00 AM
38674c58-1fa3-4b6f-bd78-7808e7e2e1c7,20204,Albertsons-Springfield #574,Starbucks,15849-161546,541-746-1653,LS,5755 Main St,,,Springfield,OR,US,974785426,-122.93,44.05,-480,Pacific Standard Time,GMT-08:00 America/Los_Angeles,12/8/2013 5:41:59 PM,2/3/2017 12:00:00 AM
52ed3152-044c-4a5b-8d32-780dfd926859,14626,Safeway - Bend #514,Starbucks,74906-101473,541-312-6480,LS,642 E 3rd,,,Bend,OR,US,97701,-121.30,44.06,-480,Pacific Standard Time,GMT-08:00 America/Los_Angeles,12/8/2013 5:41:59 PM,2/3/2017 12:00:00 AM
d5524c72-0799-4d25-a631-784a02cb99a2,1016073,Martin Way & Sleater Kinney,Starbucks,3404-238264,3609235910,CO,4131 Martin Way E,,,Olympia,WA,US,985165391,-122.83,47.05,-480,Pacific Standard Time,GMT-08:00 America/Los_Angeles,10/5/2016 12:00:00 AM,2/3/2017 12:00:00 AM
5244e196-8a3d-42d2-849c-789a23cc3061,63080,Fred Meyer-Kirkland #391,Starbucks,15544-94698,425-820-3200,LS,12221 120th Ave NE,,,Kirkland,WA,US,980346905,-122.18,47.71,-480,Pacific Standard Time,GMT-08:00 America/Los_Angeles,12/8/2013 5:41:59 PM,2/3/2017 12:00:00 AM
034cdb86-483f-4d3c-8333-78a4fe0220e8,16894,Albertsons-Millcreek #458,Starbucks,73197-21687,425-745-8121,LS,16304 Bothell Everett Highway,,,Mill Creek,WA,US,980121226,-122.22,47.85,-480,Pacific Standard Time,GMT-08:00 America/Los_Angeles,12/8/2013 5:41:59 PM,2/3/2017 12:00:00 AM
56f60239-36a4-4786-99b6-78a665ecfa83,13072,Safeway-Renton #519,Starbucks,74176-30379,425-228-1740,LS,17230 140th SE,,,Renton,WA,US,980587014,-122.15,47.45,-480,Pacific Standard Time,GMT-08:00 America/Los_Angeles,12/8/2013 5:41:59 PM,2/3/2017 12:00:00 AM
92cf2d36-f766-40ee-90aa-78b068370887,13837,37th & Broadway,Starbucks,8740-94503,425-252-4086,CO,3625 Broadway,Suite A,,Everett,WA,US,982015027,-122.20,47.97,-480,Pacific Standard Time,GMT-08:00 America/Los_Angeles,12/8/2013 5:41:59 PM,2/3/2017 12:00:00 AM
5f5c0d2e-7801-428d-9410-78b2e04fb069,1007047,Tulalip Outlet South,Starbucks,22109-214866,360-716-2545,CO,10600 Quil Ceda Blvd,,,Marysville,WA,US,98271,-122.19,48.09,-480,Pacific Standard Time,GMT-08:00 America/Los_Angeles,2/23/2014 12:00:00 AM,2/3/2017 12:00:00 AM
e2ed1d97-8ca4-4529-ae5e-78bf70a4e247,66296,Safeway - Vancouver #400,Starbucks,16106-106263,,LS,3707 Main St,,,Vancouver,WA,US,986632227,-122.67,45.65,-480,Pacific Standard Time,GMT-08:00 America/Los_Angeles,12/8/2013 5:41:59 PM,2/3/2017 12:00:00 AM
85bb0b82-08c3-4e90-aebf-78c2657fbd03,12926,Evergreen Way & 75th,Starbucks,3813-78203,425-347-7933,CO,7430 Evergreen Way,,,Everett,WA,US,982035664,-122.22,47.93,-480,Pacific Standard Time,GMT-08:00 America/Los_Angeles,12/8/2013 5:41:59 PM,2/3/2017 12:00:00 AM
00f58593-2d36-4a60-9d10-798e3eff2e4f,1015488,Parkway & Terry Lane - Grants Pass,Starbucks,24938-228284,5413730367,CO,201 NE Terry Lane,,,Grants Pass,OR,US,97526,-123.30,42.44,-480,Pacific Standard Time,GMT-08:00 America/Los_Angeles,9/13/2016 12:00:00 AM,2/3/2017 12:00:00 AM
f20c2547-6536-4fe0-bc2d-79b06dbfb9b9,1009518,Target Everett T-337,Starbucks,23881-233392,425-353-1357,LS,405 SE Everett Mall Wy,,,Everett,WA,US,98208,-122.23,47.91,-480,Pacific Standard Time,GMT-08:00 America/Los_Angeles,12/12/2014 12:00:00 AM,2/3/2017 12:00:00 AM
f7f07556-fe8f-48ba-9160-79b0e7def864,16999,SE 36th and Powell,Starbucks,14041-108067,(503) 231-2543,CO,3623 SE Powell,,,Portland,OR,US,972021879,-122.63,45.50,-480,Pacific Standard Time,GMT-08:00 America/Los_Angeles,12/8/2013 5:41:59 PM,2/3/2017 12:00:00 AM
4fdb470e-87af-42b4-b521-79d2e65699e7,11127,QFC-Seattle/Broadway Mkt #887,Starbucks,72908-95926,206-328-6920,LS,417 Broadway E,,,Seattle,WA,US,981025009,-122.32,47.62,-480,Pacific Standard Time,GMT-08:00 America/Los_Angeles,12/8/2013 5:41:59 PM,2/3/2017 12:00:00 AM
2eef3bd0-4fbf-48ea-9b72-79dca9922962,6438,Fred Meyer-Roseburg #281,Starbucks,73839-96219,541-672-8581,LS,929 NW Garden Valley Rd,,,Roseburg,OR,US,974711900,-123.37,43.23,-480,Pacific Standard Time,GMT-08:00 America/Los_Angeles,12/8/2013 5:41:59 PM,2/3/2017 12:00:00 AM
99312194-eead-4abc-b038-7a7ff4bb3984,13053,Factoria Boulevard,Starbucks,3336-25627,(425) 562-7041,CO,3720 SE 128th Street,,Loehmann's Plaza,Bellevue,WA,US,980061141,-122.17,47.58,-480,Pacific Standard Time,GMT-08:00 America/Los_Angeles,12/8/2013 5:41:59 PM,2/3/2017 12:00:00 AM
fa4d9232-e96b-4825-9a48-7a8b219ceadc,14975,228th & NE 4th - Sammamish,Starbucks,3274-2082,425-369-9480,CO,340 228 Ave. NE,,,Sammamish,WA,US,980747285,-122.04,47.61,-480,Pacific Standard Time,GMT-08:00 America/Los_Angeles,12/8/2013 5:41:59 PM,2/3/2017 12:00:00 AM
5b57fa60-b6bf-42b1-b789-7a994d06001f,13050,505 Union Stn,Starbucks,3307-9256,206-381-8965,CO,505 5th Ave South,,505 Union Station,Seattle,WA,US,981043891,-122.33,47.60,-480,Pacific Standard Time,GMT-08:00 America/Los_Angeles,12/8/2013 5:41:59 PM,2/3/2017 12:00:00 AM
8b509c42-c8b9-40ed-9be6-7aac08ff19ee,16164,Shoreline - 20121 Aurora Ave N,Starbucks,3371-49499,206-533-9520,CO,20121 Aurora Ave N,Suite A,,Shoreline,WA,US,981333121,-122.35,47.78,-480,Pacific Standard Time,GMT-08:00 America/Los_Angeles,12/8/2013 5:41:59 PM,2/3/2017 12:00:00 AM
dc664091-4b04-410c-9ecb-7b1fa8ddb03a,15131,Safeway-Eugene #4288,Starbucks,74312-78800,541-485-3664,LS,145 East 18th St,,,Eugene,OR,US,974014107,-123.09,44.04,-480,Pacific Standard Time,GMT-08:00 America/Los_Angeles,12/8/2013 5:41:59 PM,2/3/2017 12:00:00 AM
34d55d2a-8f6d-46db-a4b2-7b6f0b5382ba,7227,Safeway - Molalla #1751,Starbucks,74976-104178,503-829-4848,LS,1525 W Main Street,,,Molalla,OR,US,970387362,-122.60,45.15,-480,Pacific Standard Time,GMT-08:00 America/Los_Angeles,12/8/2013 5:41:59 PM,2/3/2017 12:00:00 AM
6d3efe26-81d2-4a8b-b0c9-7b79c3348383,18562,506 N. Sullivan,Starbucks,3284-2766,509-924-1085,CO,506 N. Sullivan,,,Veradale,WA,US,990378543,-117.20,47.66,-480,Pacific Standard Time,GMT-08:00 America/Los_Angeles,12/8/2013 5:41:59 PM,2/3/2017 12:00:00 AM
22a60a2b-234e-44a7-b3dd-7bbbb119a902,7762,Martinazzi Square - Tualatin,Starbucks,14371-106825,503-612-1614,CO,19321 SW Martinazzi Ave,,,Tualatin,OR,US,970626354,-122.76,45.38,-480,Pacific Standard Time,GMT-08:00 America/Los_Angeles,12/8/2013 5:41:59 PM,2/3/2017 12:00:00 AM
def6173d-0d17-4841-9eb8-7c18f64ef244,18667,Fairchild AFB,Starbucks,70075-130844,,LS,101 W Spaatz Rd,,,Fairchild AFB,WA,US,990119447,-117.65,47.64,-480,Pacific Standard Time,GMT-08:00 America/Los_Angeles,12/8/2013 5:41:59 PM,2/3/2017 12:00:00 AM
0edf26d8-5136-400b-aeea-7d3e3b836c74,15089,Greentree Plaza,Starbucks,2921-78441,425-356-2267,CO,515 SE Everett Mall Way,A,,Everett,WA,US,982083214,-122.23,47.91,-480,Pacific Standard Time,GMT-08:00 America/Los_Angeles,12/8/2013 5:41:59 PM,2/3/2017 12:00:00 AM
0031b06e-2332-4abd-8162-7da3104302c5,13272,Albertsons - Shattuck Rd #505,Starbucks,73396-24377,503-246-1713,LS,5415 S.W. Beav.-Hillsdale Hwy.,,,Portland,OR,US,972211918,-122.73,45.49,-480,Pacific Standard Time,GMT-08:00 America/Los_Angeles,12/8/2013 5:41:59 PM,2/3/2017 12:00:00 AM
d8f1270f-ca64-4602-b1b2-7dcdbf8537b9,8192,Safeway-Juanita #2734,Starbucks,74707-96845,425-821-9224,LS,10020 NE 137th St,,,Kirkland,WA,US,980345221,-122.21,47.72,-480,Pacific Standard Time,GMT-08:00 America/Los_Angeles,12/8/2013 5:41:59 PM,2/3/2017 12:00:00 AM
a2dfddf5-ae71-4751-ace5-7dd01066740d,20211,Douglas Way & Boones Ferry Road,Starbucks,15430-155525,503-635-2266,CO,15645 Boons Ferry Rd - Lake Oswego,,,Lake Oswego,OR,US,970353432,-122.72,45.41,-480,Pacific Standard Time,GMT-08:00 America/Los_Angeles,12/8/2013 5:41:59 PM,2/3/2017 12:00:00 AM
e478775a-7895-4ace-bb20-7dddf4e83b89,16411,Fred Meyer-Eugene #417,Starbucks,72731-66880,541-484-4223,LS,3333 W 11th Ave,,,Eugene,OR,US,974023038,-123.14,44.05,-480,Pacific Standard Time,GMT-08:00 America/Los_Angeles,12/8/2013 5:41:59 PM,2/3/2017 12:00:00 AM
651fe2a4-a55f-4054-ba7d-7e6ea7e9e06d,1012796,S. 1st Street & E. Nob Hill Blvd,Starbucks,28600-249790,5094949640,CO,1312 S 1st Street,,,Yakima,WA,US,98902,-120.50,46.59,-480,Pacific Standard Time,GMT-08:00 America/Los_Angeles,7/11/2015 12:00:00 AM,2/3/2017 12:00:00 AM
ee9667f0-ac57-4fa2-b901-7e7fb3ca2fec,7703,83rd Ave & Steilacoom Blvd,Starbucks,11156-103992,253-588-0194,CO,"8223 Steilacoom Blvd, Lakewood",,,Lakewood,WA,US,984986156,-122.55,47.18,-480,Pacific Standard Time,GMT-08:00 America/Los_Angeles,12/8/2013 5:41:59 PM,2/3/2017 12:00:00 AM
70099862-2753-4b29-8e31-7ea7d8a8ba42,1007342,Pike Street Roastery,Starbucks,22344-217764,(206)624-0173,CO,1124 Pike St,,,Seattle,WA,US,98101,-122.33,47.61,-480,Pacific Standard Time,GMT-08:00 America/Los_Angeles,12/24/2014 12:00:00 AM,2/3/2017 12:00:00 AM
7699a235-1455-4123-ad24-7f50d016e342,7427,Galbreath Way & Weber,Starbucks,10479-85965,509-659-0622,CO,103 W Galbreath Way,103A,,Ritzville,WA,US,991692128,-118.37,47.12,-480,Pacific Standard Time,GMT-08:00 America/Los_Angeles,12/8/2013 5:41:59 PM,2/3/2017 12:00:00 AM
5c224155-ffca-4c5f-a8f5-7f5bc798c16f,16273,Sprague & Pine,Starbucks,8935-95003,509-926-8497,CO,12328 E. Sprague Ave,,,Spokane,WA,US,992160720,-117.24,47.66,-480,Pacific Standard Time,GMT-08:00 America/Los_Angeles,12/8/2013 5:41:59 PM,2/3/2017 12:00:00 AM
04b52aa5-caf3-4c61-a23b-7fcc70fe14a7,16774,Clackamas  Town Center,Starbucks,8841-85602,503-659-0953,CO,12000 SE 82nd Avenue,Space #H125 (For Mailing purposes #1148),Clackamas Town Center,Happy Valley,OR,US,97266,-122.57,45.44,-480,Pacific Standard Time,GMT-08:00 America/Los_Angeles,12/8/2013 5:41:59 PM,2/3/2017 12:00:00 AM
87a2a373-bb18-4698-8d17-806363d3d3a3,15603,Safeway-Salem #1935,Starbucks,74324-79121,503-364-4192,LS,5660 Commercial St SE,,,Salem,OR,US,973061215,-123.02,44.87,-480,Pacific Standard Time,GMT-08:00 America/Los_Angeles,12/8/2013 5:41:59 PM,2/3/2017 12:00:00 AM
b9a4be90-a349-451e-b602-80b70020b1df,15970,Safeway-Sequim #1448,Starbucks,74255-51779,360-681-2905,LS,680F W Washington,,,Sequim,WA,US,983823264,-123.12,48.08,-480,Pacific Standard Time,GMT-08:00 America/Los_Angeles,12/8/2013 5:41:59 PM,2/3/2017 12:00:00 AM
70cbc2e9-5656-4566-8c6f-80d1b8792492,17152,Crossroads Center - Springfield,Starbucks,11201-103053,541-726-2763,CO,3348 Gateway Street,,,Springfield,OR,US,974771054,-123.04,44.08,-480,Pacific Standard Time,GMT-08:00 America/Los_Angeles,12/8/2013 5:41:59 PM,2/3/2017 12:00:00 AM
2dec076b-2479-4f22-ba5f-80d961f63aa7,14925,37th & Meridian/Puyallup,Starbucks,3288-1874,253/435-9804,CO,3705 South Meridian,Suite A,,Puyallup,WA,US,983733709,-122.29,47.16,-480,Pacific Standard Time,GMT-08:00 America/Los_Angeles,12/8/2013 5:41:59 PM,2/3/2017 12:00:00 AM
4900e1e0-f05d-4dd1-94eb-8110e09d99a8,8253,Safeway - Medford #1643,Starbucks,74815-99768,541-774-4340,LS,3169 Crater Lake Hwy,,,Medford,OR,US,975049179,-122.86,42.36,-480,Pacific Standard Time,GMT-08:00 America/Los_Angeles,12/8/2013 5:41:59 PM,2/3/2017 12:00:00 AM
196f7f91-6f90-4b1d-be08-811b9bc42d77,18523,Albertsons-Mukilteo #469,Starbucks,73196-21481,425-347-3060,LS,12811 Beverly Park Rd,,,Lynnwood,WA,US,980875126,-122.28,47.88,-480,Pacific Standard Time,GMT-08:00 America/Los_Angeles,12/8/2013 5:41:59 PM,2/3/2017 12:00:00 AM
a0221a25-3e0d-4b56-8c63-813cd486db51,13045,Kent Kangley & Black Diamond Rd,Starbucks,3258-1900,425-413-4110,CO,26910 Maple Valley Hwy  #J,,,Maple Valley,WA,US,98038,-122.02,47.36,-480,Pacific Standard Time,GMT-08:00 America/Los_Angeles,12/8/2013 5:41:59 PM,2/3/2017 12:00:00 AM
1268e69b-3e86-49b9-9a7a-81746f262fed,15123,Safeway-Wenatchee #1449,Starbucks,74466-94471,509-663-5336,LS,501 N Miller St,,,Wenatchee,WA,US,988012041,-120.32,47.43,-480,Pacific Standard Time,GMT-08:00 America/Los_Angeles,12/8/2013 5:41:59 PM,2/3/2017 12:00:00 AM
3b278db8-1eab-4029-a286-81ad3e7043dd,11780,Safeway-Marysville #1485,Starbucks,74250-51859,360-658-8483,LS,1258 State Ave,,,Marysville,WA,US,982703602,-122.18,48.06,-480,Pacific Standard Time,GMT-08:00 America/Los_Angeles,12/8/2013 5:41:59 PM,2/3/2017 12:00:00 AM
460a5630-1229-420f-9422-81b5dd1fef5f,1006591,Riverstone Marketplace - Vancouver,Starbucks,3406-196584,3602538317,CO,3401 SE 192nd Ave,100,,Vancouver,WA,US,98683,-122.48,45.60,-480,Pacific Standard Time,GMT-08:00 America/Los_Angeles,1/24/2014 12:00:00 AM,2/3/2017 12:00:00 AM
a3c50752-88dd-44f2-903d-81eb9fc2ae25,8123,Safeway - Spokane #342,Starbucks,74913-100330,509-327-4974,LS,W 1616 NW Blvd,,,Spokane,WA,US,99205,-117.44,47.68,-480,Pacific Standard Time,GMT-08:00 America/Los_Angeles,12/8/2013 5:41:59 PM,2/3/2017 12:00:00 AM
6518751e-594b-463a-b37b-81ee66e0f37a,10288,20th & Burnside- Portland,Starbucks,11374-103921,503-227-3008,CO,1972 West Burnside St,,,Portland,OR,US,972092086,-122.69,45.52,-480,Pacific Standard Time,GMT-08:00 America/Los_Angeles,12/8/2013 5:41:59 PM,2/3/2017 12:00:00 AM
a7784d28-b94b-484b-85e7-8205da1c3a26,8705,Safeway-Tigard (King City) #1478,Starbucks,74448-81040,503-598-6001,LS,15570 SW Pacific Hwy,,,Tigard,OR,US,972243522,-122.79,45.41,-480,Pacific Standard Time,GMT-08:00 America/Los_Angeles,12/8/2013 5:41:59 PM,2/3/2017 12:00:00 AM
1235fb11-7967-4191-9eed-8217e0a43484,1008728,83rd & Aurora,Starbucks,19475-189065,(206)782-2478,CO,8301 Aurora Ave. N,,,Seattle,WA,US,98103,-122.34,47.69,-480,Pacific Standard Time,GMT-08:00 America/Los_Angeles,6/2/2014 12:00:00 AM,2/3/2017 12:00:00 AM
2852f82f-0167-4ab1-b0d2-821952000a8e,11174,Houghton Plaza,Starbucks,3333-26407,4258938661,CO,6733 108th Ave NE,,,Kirkland,WA,US,980337056,-122.20,47.67,-480,Pacific Standard Time,GMT-08:00 America/Los_Angeles,12/8/2013 5:41:59 PM,2/3/2017 12:00:00 AM
76392e35-113d-454f-a307-8232e3831251,1016213,Fred Meyer-Kent #172,Starbucks,47756-257705,2538595500,LS,10201 SE 240TH,,,Kent,WA,US,98031,-122.21,47.39,-480,Pacific Standard Time,GMT-08:00 America/Los_Angeles,11/2/2016 12:00:00 AM,2/3/2017 12:00:00 AM
308e2c45-bb48-4111-a7a4-82445043ff8c,7828,McChord AFB BX,Starbucks,75305-99363,253-964-4430,LS,Bldg 504,,,McChord AFB,WA,US,98438,-122.49,47.13,-480,Pacific Standard Time,GMT-08:00 America/Los_Angeles,12/8/2013 5:41:59 PM,2/3/2017 12:00:00 AM
af30396d-159f-448e-b998-82caa3175ce0,17865,Burlington Retail Center,Starbucks,9939-98166,360-757-1872,CO,1839 S. Burlington Blvd,130,,Burlington,WA,US,982333230,-122.34,48.45,-480,Pacific Standard Time,GMT-08:00 America/Los_Angeles,12/8/2013 5:41:59 PM,2/3/2017 12:00:00 AM
7d3b528b-9603-45b9-98cc-83450c2c46ff,1016606,Albertsons - Milton #3113,Starbucks,47664-259184,2539522029,LS,2800 MILTON WAY,,,MILTON,WA,US,983549344,-122.30,47.25,-480,Pacific Standard Time,GMT-08:00 America/Los_Angeles,11/15/2016 12:00:00 AM,2/3/2017 12:00:00 AM
396a361f-6ff7-4e7c-b66d-835282e633a2,1012509,Teavana - Vancouver Mall WA,Teavana,28378-250014,360-253-9504,CO,8700 N.E. Vancouver Mall,#126,Vancouver Mall WA,Vancouver,WA,US,98662,-122.58,45.66,-480,Pacific Standard Time,GMT-08:00 America/Los_Angeles,7/4/2015 12:00:00 AM,2/3/2017 12:00:00 AM
1eeb629a-28d2-4082-bd8c-83c13c65c427,1007893,Safeway - Bellingham #3285,Starbucks,23339-229084,360-647-8311,LS,1275 E Sunset Dr,,,Bellingham,WA,US,98226,-122.46,48.77,-480,Pacific Standard Time,GMT-08:00 America/Los_Angeles,2/18/2015 12:00:00 AM,2/3/2017 12:00:00 AM
5ff62510-cfa7-44fa-bd2e-83d2db745bfa,13250,Albertsons-Kingston #186,Starbucks,73155-21463,360-297-1800,LS,8196 SR 104 & Hansville Road,,,Kingston,WA,US,98346,-122.54,47.81,-480,Pacific Standard Time,GMT-08:00 America/Los_Angeles,12/8/2013 5:41:59 PM,2/3/2017 12:00:00 AM
d86da16b-7fcb-488a-a3e9-83e6afdbec42,17980,Safeway - Seattle #1143,Starbucks,74260-112986,206-782-7464,LS,8340 15th Ave NW,,,Seattle,WA,US,98117,-122.38,47.69,-480,Pacific Standard Time,GMT-08:00 America/Los_Angeles,12/8/2013 5:41:59 PM,2/3/2017 12:00:00 AM
9e18b718-342f-4d65-a42c-83e8235e4220,10085,Young's Bay Plaza- Warrenton,Starbucks,10467-100979,503-861-5633,CO,171 South Hwy 101,,,Warrenton,OR,US,971469314,-123.90,46.16,-480,Pacific Standard Time,GMT-08:00 America/Los_Angeles,12/8/2013 5:41:59 PM,2/3/2017 12:00:00 AM
39ae71e3-315c-440e-bd5c-83ed0043eccd,18608,Target Northgate T-1284,Starbucks,4140-147524,206-494-0897,LS,302 NE Northgate Way,,,Seattle,WA,US,981256047,-122.33,47.71,-480,Pacific Standard Time,GMT-08:00 America/Los_Angeles,12/8/2013 5:41:59 PM,2/3/2017 12:00:00 AM
30f9baed-d123-44e4-99da-8425237d4527,16191,Safeway-Spokane #3255,Starbucks,74252-52020,509-482-1987,LS,933 E Mission Ave,,,Spokane,WA,US,992021923,-117.40,47.67,-480,Pacific Standard Time,GMT-08:00 America/Los_Angeles,12/8/2013 5:41:59 PM,2/3/2017 12:00:00 AM
71d8fe2d-8ba2-46fe-996b-843e2c947147,116457,Secure Access SCH Forest,Starbucks,18871-182704,2065250013,CO,4500 40th Ave NE,,,Seattle,WA,US,98105,-122.28,47.66,-480,Pacific Standard Time,GMT-08:00 America/Los_Angeles,12/8/2013 5:41:59 PM,2/3/2017 12:00:00 AM
3f522296-1bcc-4af6-b2a1-847176eed493,1006840,Swedish First Hill Lobby,Starbucks,22358-212944,2062152601,LS,747 Broadway,,,Seattle,WA,US,98122,-122.32,47.61,-480,Pacific Standard Time,GMT-08:00 America/Los_Angeles,5/23/2014 12:00:00 AM,2/3/2017 12:00:00 AM
58930bf6-16e1-402c-984f-847738fd657f,13750,Fairwood,Starbucks,8797-94625,425-793-1134,CO,14022 SE Petrovitsky Rd,,,Renton,WA,US,980588933,-122.15,47.45,-480,Pacific Standard Time,GMT-08:00 America/Los_Angeles,12/8/2013 5:41:59 PM,2/3/2017 12:00:00 AM
555cc9c2-c23a-4259-866d-84807e56de5f,16054,Poulsbo,Starbucks,335-280,(360) 779-6500,CO,19673 7th Ave NE,Ste D,,Poulsbo,WA,US,983707531,-122.64,47.74,-480,Pacific Standard Time,GMT-08:00 America/Los_Angeles,12/8/2013 5:41:59 PM,2/3/2017 12:00:00 AM
6460b80b-2179-42c8-bd78-848af43be6cf,16062,Aurora Village,Starbucks,394-221,(206) 542-9608,CO,1295 North 205th,,,Seattle,WA,US,981333214,-122.34,47.78,-480,Pacific Standard Time,GMT-08:00 America/Los_Angeles,12/8/2013 5:41:59 PM,2/3/2017 12:00:00 AM
97d3e489-671e-4770-a75f-8523ab7f8792,14103,Fred Meyer - Newberg #220,Starbucks,72793-57539,503-537-1358,LS,3300 Portland Road Suite 100,,,Newberg,OR,US,971325412,-122.94,45.31,-480,Pacific Standard Time,GMT-08:00 America/Los_Angeles,12/8/2013 5:41:59 PM,2/3/2017 12:00:00 AM
da1e65a9-c149-4190-b9bb-85a3f7473d63,8752,US Bank Centre,Starbucks,109-62,(206) 467-0972,CO,1420 Fifth Avenue,,,Seattle,WA,US,981014087,-122.34,47.61,-480,Pacific Standard Time,GMT-08:00 America/Los_Angeles,12/8/2013 5:41:59 PM,2/3/2017 12:00:00 AM
a8ea1f24-fdb5-4c60-92b9-861da9b6b649,6567,Fred Meyer - Snohomish #681,Starbucks,73783-118004,360-563-3700,LS,56th & Bickford Road,,,Snohomish,WA,US,98290,-122.11,47.94,-480,Pacific Standard Time,GMT-08:00 America/Los_Angeles,12/8/2013 5:41:59 PM,2/3/2017 12:00:00 AM
7d61c417-d387-4da1-bd4b-864c840ca44f,15230,Downtown - Bellevue,Starbucks,366-256,(425) 635-7494,CO,626 106TH AVE NE,,,Bellevue,WA,US,980045003,-122.20,47.62,-480,Pacific Standard Time,GMT-08:00 America/Los_Angeles,12/8/2013 5:41:59 PM,2/3/2017 12:00:00 AM
9d652a14-93fb-4422-ba18-86700efceb57,11654,21st & Lovejoy,Starbucks,428-156,(503) 224-9686,CO,1012 NW 21st Ave,,,Portland,OR,US,972091512,-122.69,45.53,-480,Pacific Standard Time,GMT-08:00 America/Los_Angeles,12/8/2013 5:41:59 PM,2/3/2017 12:00:00 AM
c1f19b73-68b9-4a49-9362-867e4e391c70,14961,Albertsons-Battle Ground #592,Starbucks,73168-21448,360-687-4130,LS,2108 W. Main St,,,Battle Ground,WA,US,986049143,-122.56,45.78,-480,Pacific Standard Time,GMT-08:00 America/Los_Angeles,12/8/2013 5:41:59 PM,2/3/2017 12:00:00 AM
cbf686db-3e98-4817-a844-8690e01b8265,15902,Safeway-Kirkland #526,Starbucks,74679-94733,425-821-2112,LS,14444 124th Ave NE,,,Kirkland,WA,US,980344801,-122.17,47.73,-480,Pacific Standard Time,GMT-08:00 America/Los_Angeles,12/8/2013 5:41:59 PM,2/3/2017 12:00:00 AM
ccd80510-03b2-4416-a3d8-86eea1cc6f95,12376,Albertsons - Tigard #3542,Starbucks,73188-21449,541-746-1653,LS,14300 SW Barrows Rd,,,Tigard,OR,US,972232063,-122.82,45.43,-480,Pacific Standard Time,GMT-08:00 America/Los_Angeles,12/8/2013 5:41:59 PM,2/3/2017 12:00:00 AM
cd647775-3076-4238-9e39-86eeb403c26c,1016015,64th St NE & 47th Ave NE,Starbucks,26209-243989,4253096153,CO,4711 64th Street NE,,,Marysville,WA,US,982704495,-122.17,48.05,-480,Pacific Standard Time,GMT-08:00 America/Los_Angeles,10/5/2016 12:00:00 AM,2/3/2017 12:00:00 AM
7ea0c0ec-6dff-4aee-9b2b-8760e703b183,1005401,Kelsey Creek - Bellevue,Starbucks,3309-155508,4253789496,CO,180 148th Ave SE,,,Bellevue,WA,US,98007,-122.14,47.61,-480,Pacific Standard Time,GMT-08:00 America/Los_Angeles,12/8/2013 5:41:59 PM,2/3/2017 12:00:00 AM
ec61e45f-9138-4d47-87ac-8776b167bc16,10063,Bangor Submarine Base,Starbucks,75379-103825,360-779-6894,LS,2600 Ohio Street,,,Silverdale,WA,US,983152601,-122.71,47.69,-480,Pacific Standard Time,GMT-08:00 America/Los_Angeles,12/8/2013 5:41:59 PM,2/3/2017 12:00:00 AM
a883de3c-4ec0-42e5-89c8-87f790adbee7,17346,QFC-Portland #205 (Mt. Tabor),Starbucks,79416-103054,503-963-8220,LS,5544 East Burnside St,,,Portland,OR,US,972151259,-122.61,45.52,-480,Pacific Standard Time,GMT-08:00 America/Los_Angeles,12/8/2013 5:41:59 PM,2/3/2017 12:00:00 AM
15569847-6cc5-4edb-bd60-8860a8713be5,17963,Alderwood Mall Kiosk,Starbucks,11705-105904,425-774-5715,CO,3000 184th St SW,5559,Alderwood Mall,Lynnwood,WA,US,980374718,-122.27,47.83,-480,Pacific Standard Time,GMT-08:00 America/Los_Angeles,12/8/2013 5:41:59 PM,2/3/2017 12:00:00 AM
14d86fae-2ad6-43a4-a99a-88df2fc76fff,12318,Burlingame,Starbucks,473-4109,503/977-9866,CO,8510 SW Terwilliger Blvd.,,,Portland,OR,US,972194564,-122.68,45.46,-480,Pacific Standard Time,GMT-08:00 America/Los_Angeles,12/8/2013 5:41:59 PM,2/3/2017 12:00:00 AM
5ff2adf4-fad8-4266-b91d-88dfec6033e9,8019,QFC - Issaquah/Pine Lake #824,Starbucks,79291-101214,425-891-4680,LS,2902 228th Ave SE,,,Issaquah,WA,US,98027,-122.03,47.58,-480,Pacific Standard Time,GMT-08:00 America/Los_Angeles,12/8/2013 5:41:59 PM,2/3/2017 12:00:00 AM
35c71654-458c-497e-b13a-893950bc2084,8774,Twin Lakes/Fred Meyer,Starbucks,3245-1808,253-927-0528,CO,33702 21st Ave SW,#1,,Federal Way,WA,US,980237780,-122.36,47.30,-480,Pacific Standard Time,GMT-08:00 America/Los_Angeles,12/8/2013 5:41:59 PM,2/3/2017 12:00:00 AM
8067914a-0b0b-404e-a068-8941bda1511d,1011101,Target Springfield T-612,Starbucks,25110-237489,541-741-0410,LS,2750 Gateway St,,,Springfield,OR,US,97477,-123.04,44.07,-480,Pacific Standard Time,GMT-08:00 America/Los_Angeles,11/11/2014 12:00:00 AM,2/3/2017 12:00:00 AM
81c11ff6-df9f-473a-904a-89734974f798,113946,SW 11th Ave & SW Alder St,Starbucks,19506-196586,5032249235,CO,1050 SW Alder St,,,Portland,OR,US,97205,-122.68,45.52,-480,Pacific Standard Time,GMT-08:00 America/Los_Angeles,12/8/2013 5:41:59 PM,2/3/2017 12:00:00 AM
ea9b08ab-9687-4743-b0db-899fc9618cc8,16417,Pier 55,Starbucks,2937-84565,206-554-7060,CO,1101 Alaskan Way,102,,Seattle,WA,US,981012981,-122.34,47.60,-480,Pacific Standard Time,GMT-08:00 America/Los_Angeles,12/8/2013 5:41:59 PM,2/3/2017 12:00:00 AM
ca5a7270-2c99-45ef-a347-89cbaa7d7dc7,14309,Mill Creek Town Center,Starbucks,8848-93589,425-316-9057,CO,15517 Main Street,,,Mill Creek,WA,US,980127366,-122.22,47.86,-480,Pacific Standard Time,GMT-08:00 America/Los_Angeles,12/8/2013 5:41:59 PM,2/3/2017 12:00:00 AM
f6619508-dee3-4f87-86d2-89ec64d13b44,1011096,Target Fairview T-1406,Starbucks,24890-237501,503-674-9109,LS,21500 NE Halsey St,,,Fairview,OR,US,97024,-122.44,45.53,-480,Pacific Standard Time,GMT-08:00 America/Los_Angeles,11/25/2014 12:00:00 AM,2/3/2017 12:00:00 AM
cd465dce-13b1-4f4b-b858-89ef11eb4d6d,14992,1101 Madison St,Starbucks,112-63,(206) 624-0281,CO,1101 Madison Street,,,Seattle,WA,US,981041306,-122.32,47.61,-480,Pacific Standard Time,GMT-08:00 America/Los_Angeles,12/8/2013 5:41:59 PM,2/3/2017 12:00:00 AM
efbf1abd-bf04-4fdd-bf97-8a12cb5f42a3,13997,Safeway-Bonney Lake #544,Starbucks,74412-87985,253-862-1212,LS,21301 Hwy 410,,,Bonney Lake,WA,US,98390,-122.15,47.17,-480,Pacific Standard Time,GMT-08:00 America/Los_Angeles,12/8/2013 5:41:59 PM,2/3/2017 12:00:00 AM
e5d8ce2d-f055-4ec7-9f94-8a1b6d5e903b,11644,Barnes & Miller,Starbucks,467-1566,(503) 296-9597,CO,7515 SW Barnes Rd,#104,,Portland,OR,US,972256200,-122.75,45.52,-480,Pacific Standard Time,GMT-08:00 America/Los_Angeles,12/8/2013 5:41:59 PM,2/3/2017 12:00:00 AM
ac5f6977-d3db-44bb-b05d-8a5a61285a95,10299,Safeway - Junction City #386,Starbucks,79550-106261,541-998-4520,LS,1755 Ivy Street,,,Junction City,OR,US,974482017,-123.21,44.23,-480,Pacific Standard Time,GMT-08:00 America/Los_Angeles,12/8/2013 5:41:59 PM,2/3/2017 12:00:00 AM
03bec203-8bd2-4be9-8c2a-8ace7faec73e,1013713,7th & Westlake - Seattle,Starbucks,25577-237354,2064968523,CO,2011 7th Ave,R2,,Seattle,WA,US,981212601,-122.34,47.62,-480,Pacific Standard Time,GMT-08:00 America/Los_Angeles,12/15/2015 12:00:00 AM,2/3/2017 12:00:00 AM
b5db02f0-1baf-4290-a972-8bdd5754efa7,11725,George Washington Wy & McMurray,Starbucks,3206-12,(509) 943-0820,CO,1759 George Washington Way,Ste B-8,,Richland,WA,US,993542303,-119.28,46.30,-480,Pacific Standard Time,GMT-08:00 America/Los_Angeles,12/8/2013 5:41:59 PM,2/3/2017 12:00:00 AM
ebf4d4c8-3497-4fa6-aecd-8c19e4ecde3a,12460,Fred Meyer-Newport #227,Starbucks,72230-35300,541-265-4581,LS,150 NE 20th St,,,Newport,OR,US,973651851,-124.05,44.65,-480,Pacific Standard Time,GMT-08:00 America/Los_Angeles,12/8/2013 5:41:59 PM,2/3/2017 12:00:00 AM
43db7f45-633e-40d2-a506-8c24c9aa4f31,11414,SEA SeaTac Concourse B,Starbucks,72304-6095,206-433-5131,LS,2580 S 156th St,,Seattle-Tacoma International Airport,Seattle,WA,US,981581132,-122.30,47.44,-480,Pacific Standard Time,GMT-08:00 America/Los_Angeles,12/8/2013 5:41:59 PM,2/3/2017 12:00:00 AM
5f3d16d6-7427-409f-acdc-8c6add1aaa15,14297,340th and Hoyt,Starbucks,8776-94101,253-838-1023,CO,34024 Hoyt Road SW,,340 & Hoyt Road,Federal Way,WA,US,980233224,-122.38,47.30,-480,Pacific Standard Time,GMT-08:00 America/Los_Angeles,12/8/2013 5:41:59 PM,2/3/2017 12:00:00 AM
cb650183-be51-4a34-af70-8c6c7f490909,11980,Puyallup,Starbucks,353-235,253-845-6988,CO,4423 S Meridian Street,,,Puyallup,WA,US,983733302,-122.29,47.15,-480,Pacific Standard Time,GMT-08:00 America/Los_Angeles,12/8/2013 5:41:59 PM,2/3/2017 12:00:00 AM
de3f43f5-497a-4c99-b559-8c94fc78647c,9349,Moses Lake,Starbucks,3383-4593,5097644740,CO,1790 Kittleson Road NE,B,Moses Lake Freeway Ctr,Moses Lake,WA,US,988379749,-119.25,47.10,-480,Pacific Standard Time,GMT-08:00 America/Los_Angeles,12/8/2013 5:41:59 PM,2/3/2017 12:00:00 AM
8a3b8cc3-a569-42c6-9cfb-8c989373a2a2,10339,QFC - Issaquah/Klahanie #840,Starbucks,79387-101216,425-392-2776,LS,4570 Klahanie Dr SE,,,Issaquah,WA,US,980295812,-122.00,47.57,-480,Pacific Standard Time,GMT-08:00 America/Los_Angeles,12/8/2013 5:41:59 PM,2/3/2017 12:00:00 AM
56fa04d6-9bbc-4c33-a61d-8cc3124de05e,8600,North Road 68 & Wrigley Dr,Starbucks,9786-95012,509-547-1126,CO,5204 Road 68,,,Pasco,WA,US,993019275,-119.19,46.27,-480,Pacific Standard Time,GMT-08:00 America/Los_Angeles,12/8/2013 5:41:59 PM,2/3/2017 12:00:00 AM
02a7e242-ad43-4f5f-825d-8cf6ebb92818,62909,Swedish Health Services-Issaquah Ca,Starbucks,15939-159684,4253137099,LS,751 NE Blakely Dr,,,Issaquah,WA,US,980296201,-122.02,47.54,-480,Pacific Standard Time,GMT-08:00 America/Los_Angeles,12/8/2013 5:41:59 PM,2/3/2017 12:00:00 AM
7c7fb931-c0f7-48af-9a37-8d2efeeb8af2,18522,Safeway-Clackmas #1231,Starbucks,74103-22841,503-698-1121,LS,12032 SE Sunnyside Road,,,Clackamas,OR,US,970158382,-122.54,45.43,-480,Pacific Standard Time,GMT-08:00 America/Los_Angeles,12/8/2013 5:41:59 PM,2/3/2017 12:00:00 AM
c08c9327-cbf2-4b08-97b9-8d4ee192ea97,11668,Target Beaverton T-344,Starbucks,76160-92403,503-626-8345,LS,10775 SW Beaverton-Hillsdale Hwy,,,Beaverton,OR,US,970053094,-122.79,45.49,-480,Pacific Standard Time,GMT-08:00 America/Los_Angeles,12/8/2013 5:41:59 PM,2/3/2017 12:00:00 AM
05e5862d-e732-40f8-b2d4-8d6f4c25c90d,16431,Albertsons - Cornell Rd #591,Starbucks,73479-40442,503-681-8927,LS,888 NE 25th Ave,,,Hillsboro,OR,US,971245975,-122.96,45.53,-480,Pacific Standard Time,GMT-08:00 America/Los_Angeles,12/8/2013 5:41:59 PM,2/3/2017 12:00:00 AM
4a47a1c4-9ae0-48fd-accc-8d94403d1c7e,18171,Fred Meyer-Port Orchard #655,Starbucks,73740-94700,,LS,1900 SE Sedgwick Rd,,,Port Orchard,WA,US,983669500,-122.63,47.50,-480,Pacific Standard Time,GMT-08:00 America/Los_Angeles,12/8/2013 5:41:59 PM,2/3/2017 12:00:00 AM
c9188794-fa2f-4472-b67d-8e07894920b5,6472,Bales Thriftway Cedar Mill,Starbucks,73790-101210,,LS,12675 NW Cornell Rd,,,Portland,OR,US,972295886,-122.81,45.53,-480,Pacific Standard Time,GMT-08:00 America/Los_Angeles,12/8/2013 5:41:59 PM,2/3/2017 12:00:00 AM
1ac15414-2033-441f-aebf-8e0ca03e8431,13087,Safeway-Woodburn #1976,Starbucks,74316-79120,503-982-2756,LS,1550 N Pacific Hwy,,,Woodburn,OR,US,970713622,-122.83,45.15,-480,Pacific Standard Time,GMT-08:00 America/Los_Angeles,12/8/2013 5:41:59 PM,2/3/2017 12:00:00 AM
2eba3743-452c-4aa9-996c-8e4513ef3f6f,1012488,Teavana - Southcenter Mall,Teavana,28357-249804,206-244-5213,CO,856  SOUTHCENTER MALL,,Southcenter Mall,Tukwila,WA,US,98188,-122.26,47.46,-480,Pacific Standard Time,GMT-08:00 America/Los_Angeles,7/4/2015 12:00:00 AM,2/3/2017 12:00:00 AM
9e1d952c-83a0-44da-8531-8eb19a9d5072,19036,Secure Access Bellevue Childrens,Starbucks,3533-153204,425-453-1519,CO,1500 116th Avenue,,,Bellevue,WA,US,980043829,-122.18,47.62,-480,Pacific Standard Time,GMT-08:00 America/Los_Angeles,12/8/2013 5:41:59 PM,2/3/2017 12:00:00 AM
62725cf9-91ca-429c-97b4-8eb3dbd72838,11935,Albertsons-Clarkston #241,Starbucks,73319-21774,509-758-5523,LS,400 Bridge St,,,Clarkston,WA,US,994031931,-117.04,46.42,-480,Pacific Standard Time,GMT-08:00 America/Los_Angeles,12/8/2013 5:41:59 PM,2/3/2017 12:00:00 AM
19e514c8-080e-470f-9895-8ed172da6bab,15774,Albertsons-Port Orchard #419,Starbucks,73115-21392,360-692-8088,LS,5520 Sidney Road,,,Port Orchard,WA,US,983679390,-122.65,47.50,-480,Pacific Standard Time,GMT-08:00 America/Los_Angeles,12/8/2013 5:41:59 PM,2/3/2017 12:00:00 AM
94f68267-acf7-48be-b590-8f82893832e2,8204,145th and Lake City Way,Starbucks,8777-94367,206-440-3366,CO,14330 Lake City Way NE,,,Seattle,WA,US,981253620,-122.29,47.73,-480,Pacific Standard Time,GMT-08:00 America/Los_Angeles,12/8/2013 5:41:59 PM,2/3/2017 12:00:00 AM
56c5d534-c27d-4e23-8291-8fcfed353dd3,12585,111 Arney Road,Starbucks,8735-94342,503-981-1758,CO,111 Arney Road NE,A,,Woodburn,OR,US,970719465,-122.88,45.15,-480,Pacific Standard Time,GMT-08:00 America/Los_Angeles,12/8/2013 5:41:59 PM,2/3/2017 12:00:00 AM
9cf3c1d1-c07c-42db-aec9-9060687455bc,8748,6th & Washington,Starbucks,455-1043,(503) 916-8352,CO,601 SW Washington St,,Commonwealth Building,Portland,OR,US,972053514,-122.68,45.52,-480,Pacific Standard Time,GMT-08:00 America/Los_Angeles,12/8/2013 5:41:59 PM,2/3/2017 12:00:00 AM
aad7a353-148c-489d-8c45-90afd8a11098,12729,57th & Regal,Starbucks,2926-83084,509-443-9270,CO,3007 East 57th,Bay - E,,Spokane,WA,US,992237037,-117.37,47.60,-480,Pacific Standard Time,GMT-08:00 America/Los_Angeles,12/8/2013 5:41:59 PM,2/3/2017 12:00:00 AM
ac3984ed-c383-4e3d-8651-90bed6e1de45,14769,Safeway-Duvall #1572,Starbucks,74224-50699,425-844-1188,LS,14020 Main St NE,,,Duvall,WA,US,980198457,-121.99,47.73,-480,Pacific Standard Time,GMT-08:00 America/Los_Angeles,12/8/2013 5:41:59 PM,2/3/2017 12:00:00 AM
c2cbf87c-912d-48cf-a851-90c849a21db3,12536,Fred Meyer-Portland #150(Interstate,Starbucks,72910-94263,503-286-6755,LS,7404 N Interstate Ave,,,Portland,OR,US,972175528,-122.68,45.58,-480,Pacific Standard Time,GMT-08:00 America/Los_Angeles,12/8/2013 5:41:59 PM,2/3/2017 12:00:00 AM
3bb4993d-c5fc-440e-8d3f-91416a632175,14545,Safeway - Washougal #1687,Starbucks,74915-101604,360-335-2000,LS,3307 Evergreen Way,,,Washougal,WA,US,986712062,-122.33,45.58,-480,Pacific Standard Time,GMT-08:00 America/Los_Angeles,12/8/2013 5:41:59 PM,2/3/2017 12:00:00 AM
a185f51f-f48c-4b9e-9629-91874fc51e9e,8528,Cheney Plaza,Starbucks,9854-98059,509-235-5527,CO,2816 First Street,,Cheney Plaza,Cheney,WA,US,990042003,-117.57,47.51,-480,Pacific Standard Time,GMT-08:00 America/Los_Angeles,12/8/2013 5:41:59 PM,2/3/2017 12:00:00 AM
dd5885ad-4af9-40b6-b0af-91a42099df72,18380,Sammamish Highlands,Starbucks,384-210,425-836-8641,CO,604 228th Ave NE,,,Sammamish,WA,US,980747241,-122.03,47.61,-480,Pacific Standard Time,GMT-08:00 America/Los_Angeles,12/8/2013 5:41:59 PM,2/3/2017 12:00:00 AM
f3d688c9-fafe-4c97-a30d-92218ddc9198,14161,Fred Meyer - Sandy #663,Starbucks,72866-94361,503-668-2300,LS,16625 362nd Ave,,,Sandy,OR,US,970559272,-122.29,45.40,-480,Pacific Standard Time,GMT-08:00 America/Los_Angeles,12/8/2013 5:41:59 PM,2/3/2017 12:00:00 AM
40624c2d-0c93-4aed-ab63-92240f4aa707,7326,QFC - Totem Lake #828,Starbucks,79364-102108,425-821-8502,LS,11224 N.E. 124th St.,,,Kirkland,WA,US,980344301,-122.19,47.71,-480,Pacific Standard Time,GMT-08:00 America/Los_Angeles,12/8/2013 5:41:59 PM,2/3/2017 12:00:00 AM
0aa6edcf-e9e9-4008-a7d6-927815ce01bf,14406,23rd & Burnside,Starbucks,2925-93248,503-228-8777,CO,"2328 W. Burnside, Suite #2",,,Portland,OR,US,972103537,-122.70,45.52,-480,Pacific Standard Time,GMT-08:00 America/Los_Angeles,12/8/2013 5:41:59 PM,2/3/2017 12:00:00 AM
11d9ebe5-fe66-414d-ae5e-927a14a1e649,17446,Safeway - Upper Queen Anne #368,Starbucks,79503-101467,206-282-8090,LS,2100 Queen Anne Ave N,,,Seattle,WA,US,981092309,-122.36,47.64,-480,Pacific Standard Time,GMT-08:00 America/Los_Angeles,12/8/2013 5:41:59 PM,2/3/2017 12:00:00 AM
270f26e1-22ae-4dba-a13b-928f6841c2c0,12492,East Lake Samm.Cntr,Starbucks,3315-4858,425-394-0196,CO,6170 E Lake Sammamish Pkwy SE,,East Lake Sammamish Center,Issaquah,WA,US,980298924,-122.04,47.55,-480,Pacific Standard Time,GMT-08:00 America/Los_Angeles,12/8/2013 5:41:59 PM,2/3/2017 12:00:00 AM
e5ab1a3e-bf48-48c4-896c-92de5f3bbf40,1007782,Village at Beardslee Crossing,Starbucks,23310-225007,4252361508,CO,19122 Beardslee Blvd,208,,Bothell,WA,US,98011,-122.19,47.77,-480,Pacific Standard Time,GMT-08:00 America/Los_Angeles,7/14/2015 12:00:00 AM,2/3/2017 12:00:00 AM
127eb9bb-0dc8-4df0-8ccb-932d719685a6,1013326,Fred Meyer-Spokane #214,Starbucks,28282-92405,509-465-4400,LS,12120 N Division St,,,Spokane,WA,US,992181905,-117.40,47.77,-480,Pacific Standard Time,GMT-08:00 America/Los_Angeles,10/20/2015 12:00:00 AM,2/3/2017 12:00:00 AM
c5f8de8f-a239-4311-96f5-936a6622778d,35544,164th & Alderwood Mall Parkway,Starbucks,15402-154504,425-787-6106,CO,2902 164th St. SW,"Building G, Suite 1",,Lynnwood,WA,US,98037,-122.27,47.85,-480,Pacific Standard Time,GMT-08:00 America/Los_Angeles,12/8/2013 5:41:59 PM,2/3/2017 12:00:00 AM
565b5616-b343-4c16-9bc0-93e0b5b22254,10736,Safeway - Toppenish #584,Starbucks,79688-101068,509-865-5700,LS,711 First Ave,,,Toppenish,WA,US,98948,-120.32,46.38,-480,Pacific Standard Time,GMT-08:00 America/Los_Angeles,12/8/2013 5:41:59 PM,2/3/2017 12:00:00 AM
ff82a238-48bb-42cc-ba7a-9417b0bea2f9,15750,Safeway-Portland #1447,Starbucks,74277-35465,503-280-1200,LS,6901 NE Sandy Blvd,,,Portland,OR,US,972135255,-122.59,45.55,-480,Pacific Standard Time,GMT-08:00 America/Los_Angeles,12/8/2013 5:41:59 PM,2/3/2017 12:00:00 AM
4db0b35a-d30c-48bb-b775-9418d2473519,15648,Highway 99,Starbucks,3339-27448,425-775-4286,CO,21920 Highway 99,,,Edmonds,WA,US,980268038,-122.33,47.80,-480,Pacific Standard Time,GMT-08:00 America/Los_Angeles,12/8/2013 5:41:59 PM,2/3/2017 12:00:00 AM
254261aa-6742-4e27-9847-9445bef24054,13046,Rt. 2 & 522/Monroe,Starbucks,3259-1855,360-794-5808,CO,18629 SR 2,,Monroe Gateway Plaza,Monroe,WA,US,98272,-121.98,47.86,-480,Pacific Standard Time,GMT-08:00 America/Los_Angeles,12/8/2013 5:41:59 PM,2/3/2017 12:00:00 AM
c339b90a-775e-4a33-8fd7-946c53700308,1009487,QFC - Renton #871,Starbucks,23850-233384,425-226-7086,LS,4800 NE 4th St,,,Renton,WA,US,98059,-122.15,47.49,-480,Pacific Standard Time,GMT-08:00 America/Los_Angeles,6/30/2015 12:00:00 AM,2/3/2017 12:00:00 AM
41cd2759-aab3-47ba-a5d5-9473d85e40ce,1013312,Fred Meyer - Bend #21,Starbucks,28262-198784,514-385-6667,LS,61535 South Highway 97,,,Bend,OR,US,977022154,-121.31,44.03,-480,Pacific Standard Time,GMT-08:00 America/Los_Angeles,1/20/2016 12:00:00 AM,2/3/2017 12:00:00 AM
b18ffd44-2cf6-4bdd-833e-949532e9d998,8750,2nd & Madison,Starbucks,102-55,(206) 382-1688,CO,1000 Second Avenue,,,Seattle,WA,US,981041094,-122.34,47.61,-480,Pacific Standard Time,GMT-08:00 America/Los_Angeles,12/8/2013 5:41:59 PM,2/3/2017 12:00:00 AM
cea82c3d-7bdb-4659-ba34-9517177bdf7b,10278,168th and Highway 99-Lynnwood,Starbucks,10531-94440,425-741-6537,CO,16809 Highway 99,A,,Lynnwood,WA,US,980373103,-122.29,47.85,-480,Pacific Standard Time,GMT-08:00 America/Los_Angeles,12/8/2013 5:41:59 PM,2/3/2017 12:00:00 AM
7f549751-cd21-4c80-8d97-960ccacdcaae,15831,145th & 15th,Starbucks,3297-6387,206-366-2707,CO,14359 15th Avenue NE,,,Seattle,WA,US,981258465,-122.31,47.73,-480,Pacific Standard Time,GMT-08:00 America/Los_Angeles,12/8/2013 5:41:59 PM,2/3/2017 12:00:00 AM
837e9af6-36ae-4e1c-97ff-966af2f81bf4,1014687,Safeway - Everett #3298,Starbucks,47597-258976,425-355-7622,LS,7601 Evergreen Way,,,Everett,WA,US,98203,-122.22,47.93,-480,Pacific Standard Time,GMT-08:00 America/Los_Angeles,4/7/2016 12:00:00 AM,2/3/2017 12:00:00 AM
960d5a66-f687-4421-9548-96de2ba8a92e,68457,Overlake Medical Pavilion,Starbucks,15731-155524,425-453-3256,CO,1231 116th Ave. NE,25,,Bellevue,WA,US,980043810,-122.19,47.62,-480,Pacific Standard Time,GMT-08:00 America/Los_Angeles,12/8/2013 5:41:59 PM,2/3/2017 12:00:00 AM
d5883f9b-ffcc-4743-9bdc-96fe58a98072,17449,Enumclaw,Starbucks,364-98555,360-825-1748,CO,1343 Garrett Street,A,,Enumclaw,WA,US,980222992,-121.99,47.20,-480,Pacific Standard Time,GMT-08:00 America/Los_Angeles,12/8/2013 5:41:59 PM,2/3/2017 12:00:00 AM
c54b1fac-9ffc-4364-8271-970d20ff4010,13063,Fred Meyer Santiam - Albany,Starbucks,3410-87040,541-812-2221,CO,2504 Santiam Hwy,,,Albany,OR,US,973225211,-123.08,44.63,-480,Pacific Standard Time,GMT-08:00 America/Los_Angeles,12/8/2013 5:41:59 PM,2/3/2017 12:00:00 AM
fc6d71d7-87c1-43ed-b573-975740bdbff7,13369,Welcome Center- Waller Hall,Starbucks,72115-3294,253-964-4210,LS,Building 2140-Waller Hall,,Starbucks Coffee/AAFES,Fort Lewis,WA,US,984335000,-122.60,47.09,-480,Pacific Standard Time,GMT-08:00 America/Los_Angeles,12/8/2013 5:41:59 PM,2/3/2017 12:00:00 AM
a6b8cc0a-39d7-460c-8be0-9804f80d637b,14335,164th Street Crossing,Starbucks,3395-70360,425-741-0415,CO,1330 164th St SW,Suite 100,164th Street Crossing,Lynnwood,WA,US,980878513,-122.25,47.85,-480,Pacific Standard Time,GMT-08:00 America/Los_Angeles,12/8/2013 5:41:59 PM,2/3/2017 12:00:00 AM
caf133a0-7549-4693-9487-982aa8fe5953,9073,120th Ave & NE 8th,Starbucks,324-214,425-637-9330,CO,661 120TH Avenue NE,,,Bellevue,WA,US,980053047,-122.18,47.62,-480,Pacific Standard Time,GMT-08:00 America/Los_Angeles,12/8/2013 5:41:59 PM,2/3/2017 12:00:00 AM
c59cf9d0-c0a0-4224-adf9-98426529f696,12364,North Mercer Island,Starbucks,3330-26367,206-230-8847,CO,7695 SE 27th Street,,,Mercer Island,WA,US,980402804,-122.24,47.59,-480,Pacific Standard Time,GMT-08:00 America/Los_Angeles,12/8/2013 5:41:59 PM,2/3/2017 12:00:00 AM
6799f62e-9ef0-4c8b-9bbc-98f50dbd6949,1015517,Fred Meyer - Milwaukie #240,Starbucks,48886-263964,503-652-4100,LS,14700 SE McLoughlin Blvd,,,Milwaukie,OR,US,97267,-122.63,45.42,-480,Pacific Standard Time,GMT-08:00 America/Los_Angeles,8/16/2016 12:00:00 AM,2/3/2017 12:00:00 AM
e179b272-22f6-4a51-acad-98fa0f8d465a,7209,"SEA SeaTac Concourse C, C12",Starbucks,72303-94442,206-433-5131,LS,2580 S 156th St,,Seattle-Tacoma International Airport,Seattle,WA,US,981581132,-122.30,47.45,-480,Pacific Standard Time,GMT-08:00 America/Los_Angeles,12/8/2013 5:41:59 PM,2/3/2017 12:00:00 AM
c1ec7442-1940-4bcb-94c3-995217599115,10291,Redmond Ridge,Starbucks,10655-94492,425-868-4831,CO,23515 Novelty Hill Rd,D312,,Redmond,WA,US,980531996,-122.02,47.70,-480,Pacific Standard Time,GMT-08:00 America/Los_Angeles,12/8/2013 5:41:59 PM,2/3/2017 12:00:00 AM
87707c8a-6e62-41a4-a3e5-995661da3871,1005497,Broadway & E Pike St,Starbucks,19468-196585,206-329-5147,CO,824 E Pike St,,,Seattle,WA,US,98122,-122.32,47.61,-480,Pacific Standard Time,GMT-08:00 America/Los_Angeles,12/8/2013 5:41:59 PM,2/3/2017 12:00:00 AM
9b9b93d3-e33d-4aa2-ab11-99fcde8c17b1,18433,28th & Burnside,Starbucks,420-164,(503) 238-1408,CO,2803 East Burnside,,,Portland,OR,US,972141829,-122.64,45.52,-480,Pacific Standard Time,GMT-08:00 America/Los_Angeles,12/8/2013 5:41:59 PM,2/3/2017 12:00:00 AM
d44c7942-a08b-42f3-97c4-9a9989063dec,11591,Target Federal Way T-1947,Starbucks,76297-95448,253-733-7520,LS,2201 SeaTac Mall Blvd,,,Federal Way,WA,US,98003,-122.31,47.31,-480,Pacific Standard Time,GMT-08:00 America/Los_Angeles,12/8/2013 5:41:59 PM,2/3/2017 12:00:00 AM
20b21146-9f7b-41f6-bff6-9af96cb315b4,17393,Safeway - Milwaukie #2690,Starbucks,79597-100303,503-708-2613,LS,4300 SE King Rd,,,Milwaukie,OR,US,972225281,-122.62,45.45,-480,Pacific Standard Time,GMT-08:00 America/Los_Angeles,12/8/2013 5:41:59 PM,2/3/2017 12:00:00 AM
400aeaf8-a58f-4ee0-9abe-9b02e500be43,6910,Reedville Crossing- Hillsboro,Starbucks,13325-104562,503-649-3561,CO,2995 SE 75th Ave.,,,Hillsboro,OR,US,971236210,-122.91,45.50,-480,Pacific Standard Time,GMT-08:00 America/Los_Angeles,12/8/2013 5:41:59 PM,2/3/2017 12:00:00 AM
ac3612fe-de56-4a95-80b9-9b221ec01428,7141,QFC - South Mercer Island #806,Starbucks,79348-102110,206-232-0102,LS,8421 S.E. 68th St,,,Mercer Island,WA,US,980405235,-122.23,47.54,-480,Pacific Standard Time,GMT-08:00 America/Los_Angeles,12/8/2013 5:41:59 PM,2/3/2017 12:00:00 AM
20e246f6-3712-4abe-94ac-9b58329ffaad,9415,Safeway - Arlington #534,Starbucks,74835-100102,360-653-4144,LS,3532 172nd Street,,,Arlington,WA,US,982238758,-122.18,48.15,-480,Pacific Standard Time,GMT-08:00 America/Los_Angeles,12/8/2013 5:41:59 PM,2/3/2017 12:00:00 AM
34c956ef-155e-4ccd-9989-9b5ba12f453f,7529,Safeway - Cheney #1740,Starbucks,79658-106165,5092356400,LS,2710 First St,,,Cheney,WA,US,990042032,-117.57,47.51,-480,Pacific Standard Time,GMT-08:00 America/Los_Angeles,12/8/2013 5:41:59 PM,2/3/2017 12:00:00 AM
c2423547-a06a-4462-8173-9bcc758c9d49,15243,Oakway Mall,Starbucks,449-935,(541) 345-9272,CO,65 Oakway Center,,Oakway Mall,Eugene,OR,US,974015613,-123.08,44.07,-480,Pacific Standard Time,GMT-08:00 America/Los_Angeles,12/8/2013 5:41:59 PM,2/3/2017 12:00:00 AM
fc693400-03e2-4b16-82f6-9c21f64dd98f,1009523,Target Lakewood T-349,Starbucks,23885-233388,253-581-7171,LS,5618 Lakewood Town Ctr Blvd SW,,,Lakewood,WA,US,98499,-122.51,47.17,-480,Pacific Standard Time,GMT-08:00 America/Los_Angeles,5/20/2015 12:00:00 AM,2/3/2017 12:00:00 AM
555ec8fd-2e73-4da7-a0bc-9c6387822070,16796,Commercial & 17th/Anacortes,Starbucks,3279-1869,360-588-8801,CO,1720 Commercial Avenue,,Fidalgo Square,Anacortes,WA,US,982212325,-122.61,48.51,-480,Pacific Standard Time,GMT-08:00 America/Los_Angeles,12/8/2013 5:41:59 PM,2/3/2017 12:00:00 AM
42feffc8-ae28-4bab-af0e-9c6c44a1f2bb,68154,"Fred Meyer-Cornelius, WA #60",Starbucks,15555-137086,503-359-3100,LS,2200 Baseline St,,,Cornelius,OR,US,971138616,-123.04,45.52,-480,Pacific Standard Time,GMT-08:00 America/Los_Angeles,12/8/2013 5:41:59 PM,2/3/2017 12:00:00 AM
a3791edc-f705-44c3-b1b5-9ccb19292443,10889,30th St & Bickford Ave,Starbucks,14124-105906,360-862-9802,CO,2623 Bickford Ave.,Bldg #9,,Snohomish,WA,US,98291,-122.11,47.94,-480,Pacific Standard Time,GMT-08:00 America/Los_Angeles,12/8/2013 5:41:59 PM,2/3/2017 12:00:00 AM
524aca26-2bb9-4228-9a21-9cea0c92aa68,7356,Safeway - Tillamook #2723,Starbucks,74956-99503,503-842-4608,LS,210 Ivy Ave,,,Tillamook,OR,US,971412216,-123.85,45.46,-480,Pacific Standard Time,GMT-08:00 America/Los_Angeles,12/8/2013 5:41:59 PM,2/3/2017 12:00:00 AM
c1335fc7-72d3-44ca-9188-9cecd696be42,12894,Safeway-Puyallup #2640,Starbucks,74389-82471,253-864-7277,LS,13308 Meridian E,,,Puyallup,WA,US,983735612,-122.29,47.14,-480,Pacific Standard Time,GMT-08:00 America/Los_Angeles,12/8/2013 5:41:59 PM,2/3/2017 12:00:00 AM
9e7a05d2-ba12-4378-b4c6-9d8e4a54f115,8530,"Avondale & 116th - Redmond, WA",Starbucks,9938-94487,425-702-8096,CO,11523 Avondale Road,"Building B, Suite #102",,Redmond,WA,US,980522301,-122.09,47.70,-480,Pacific Standard Time,GMT-08:00 America/Los_Angeles,12/8/2013 5:41:59 PM,2/3/2017 12:00:00 AM
45894000-7d73-4ae8-953e-9da64f4869de,89215,Kitsap Way & National,Starbucks,16935-160805,360-373-0416,CO,3933 Kitsap Way,,,Bremerton,WA,US,98312,-122.67,47.57,-480,Pacific Standard Time,GMT-08:00 America/Los_Angeles,12/8/2013 5:41:59 PM,2/3/2017 12:00:00 AM
28edf54a-07b3-40b7-9e29-9eab2613c65c,1015633,Fred Meyer Bremerton 171,Starbucks,48891-250288,360-792-2800,LS,5050 State Hwy 303 NE,,,Bremerton,WA,US,98311,-122.63,47.61,-480,Pacific Standard Time,GMT-08:00 America/Los_Angeles,8/16/2016 12:00:00 AM,2/3/2017 12:00:00 AM
4c907d21-0bdf-43e2-965d-9f1bbbcbcc84,1013284,Target Gig Harbor T-1205,Starbucks,27523-244985,253-858-9777,LS,11400 51st Ave NW,,,Gig Harbor,WA,US,98332,-122.61,47.36,-480,Pacific Standard Time,GMT-08:00 America/Los_Angeles,9/29/2015 12:00:00 AM,2/3/2017 12:00:00 AM
f8e5acce-13f1-4db7-a67c-9f90b30d239c,12711,Albertsons 483 @ South Auburn,Starbucks,73606-81046,253-939-1850,LS,4010 A St SE,,,Auburn,WA,US,980028642,-122.23,47.27,-480,Pacific Standard Time,GMT-08:00 America/Los_Angeles,12/8/2013 5:41:59 PM,2/3/2017 12:00:00 AM
e8265a20-4453-497b-ba99-9f9e31f27b97,68893,QFC-Bellevue #827- Coal Creek,Starbucks,79386-103052,425-747-9599,LS,6940 Coal Creek Pkwy SE,,,Newcastle,WA,US,980593137,-122.17,47.54,-480,Pacific Standard Time,GMT-08:00 America/Los_Angeles,12/8/2013 5:41:59 PM,2/3/2017 12:00:00 AM
94ef9f93-409d-4bb5-946a-9f9f5bd7d40e,1014809,Fred Meyer - Salmon Creek #460,Starbucks,28272-101221,360-571-2540,LS,800 NE Tenney Road,,,Vancouver,WA,US,98685,-122.67,45.72,-480,Pacific Standard Time,GMT-08:00 America/Los_Angeles,5/24/2016 12:00:00 AM,2/3/2017 12:00:00 AM
f56f2850-8bfd-4cb0-83b0-a0037b6eb07e,11474,Safeway-Redmond #1665,Starbucks,74359-27227,541-504-4160,LS,1705 S Hwy 97,,,Redmond,OR,US,977569647,-121.18,44.26,-480,Pacific Standard Time,GMT-08:00 America/Los_Angeles,12/8/2013 5:41:59 PM,2/3/2017 12:00:00 AM
16da25e9-c4ce-4661-8b64-a0112dd8b989,1014688,Safeway - Shoreline  #3213,Starbucks,47600-258978,206-539-5518,LS,15332 Aurora Ave N,,,Shoreline,WA,US,98133,-122.34,47.74,-480,Pacific Standard Time,GMT-08:00 America/Los_Angeles,4/19/2016 12:00:00 AM,2/3/2017 12:00:00 AM
3c4e6c49-2e62-4ff1-8b98-a033c9d07981,6413,Safeway - Silverton #1580,Starbucks,79661-101963,503-873-1800,LS,301 Westfield St,,,Silverton,OR,US,973811936,-122.79,45.00,-480,Pacific Standard Time,GMT-08:00 America/Los_Angeles,12/8/2013 5:41:59 PM,2/3/2017 12:00:00 AM
deaf39d7-f121-4a57-9810-a0b863e972e7,13676,Fred Meyer - Longview #185,Starbucks,72783-77261,360-636-1010,LS,3184 Ocean Beach Hwy,,,Longview,WA,US,986324378,-122.96,46.15,-480,Pacific Standard Time,GMT-08:00 America/Los_Angeles,12/8/2013 5:41:59 PM,2/3/2017 12:00:00 AM
6d6cae6b-b4b4-43a3-b9a7-a128c90490dc,12136,Woodinville at Garden Way,Starbucks,3229-827,(425) 398-8099,CO,13780 N.E. 175th Street,Suite 110,,Woodinville,WA,US,980724307,-122.16,47.75,-480,Pacific Standard Time,GMT-08:00 America/Los_Angeles,12/8/2013 5:41:59 PM,2/3/2017 12:00:00 AM
f45e704c-babe-4484-9e1f-a1401573a3f1,11657,Tanasbourne,Starbucks,442-15,(503) 629-4911,CO,18320 NW Evergreen Pkwy,,Tanasbourne Town Center South,Aloha,OR,US,970067443,-122.87,45.54,-480,Pacific Standard Time,GMT-08:00 America/Los_Angeles,12/8/2013 5:41:59 PM,2/3/2017 12:00:00 AM
40852284-60f0-40c8-90b3-a194c96acb07,8322,QFC-North Bend #829,Starbucks,79225-97083,425-888-1682,LS,460 E North Bend Way,,,North Bend,WA,US,980458270,-121.78,47.49,-480,Pacific Standard Time,GMT-08:00 America/Los_Angeles,12/8/2013 5:41:59 PM,2/3/2017 12:00:00 AM
f87721b7-adb1-4081-978a-a1aabbfb72ed,14882,Plaza 88,Starbucks,3321-20341,360-657-4339,CO,3701 88th St NE,A,,Marysville,WA,US,982707243,-122.18,48.08,-480,Pacific Standard Time,GMT-08:00 America/Los_Angeles,12/8/2013 5:41:59 PM,2/3/2017 12:00:00 AM
fced8a1a-bd68-4e92-9a8c-a1d8c5ba72e4,16793,2nd & Seneca,Starbucks,3312-12535,206/652-8924,CO,1191 2nd Avenue,,2nd & Seneca,Seattle,WA,US,981013438,-122.34,47.61,-480,Pacific Standard Time,GMT-08:00 America/Los_Angeles,12/8/2013 5:41:59 PM,2/3/2017 12:00:00 AM
d6acf2fc-2589-479d-8906-a214f88a4fa5,12033,4th & Meeker,Starbucks,3262-1872,(253) 520-3290,CO,425 West Meeker,,,Kent,WA,US,980325816,-122.24,47.38,-480,Pacific Standard Time,GMT-08:00 America/Los_Angeles,12/8/2013 5:41:59 PM,2/3/2017 12:00:00 AM
44ed48b9-b665-4afe-a657-a2865565d5dc,16023,Main St.&Bellevue Way,Starbucks,3278-4859,425-452-9425,CO,42 Bellevue Way NE,,,Bellevue,WA,US,980045916,-122.20,47.61,-480,Pacific Standard Time,GMT-08:00 America/Los_Angeles,12/8/2013 5:41:59 PM,2/3/2017 12:00:00 AM
9af58ba5-edf4-4b2a-8ce8-a2e5488cd987,17319,Safeway - Sherwood #1800,Starbucks,74205-111765,503-625-4760,LS,20685 Roy Rodgers Rd,,,Sherwood,OR,US,971409278,-122.85,45.35,-480,Pacific Standard Time,GMT-08:00 America/Los_Angeles,12/8/2013 5:41:59 PM,2/3/2017 12:00:00 AM
0918aad6-ac76-48d3-b28f-a2efbb8c9e4f,17049,NW Town Center Dr & Tanasbourne Dr,Starbucks,14026-108060,(503) 617-4586,CO,2711 NW Town Center Dr. #1,,,Beaverton,OR,US,970068951,-122.87,45.54,-480,Pacific Standard Time,GMT-08:00 America/Los_Angeles,12/8/2013 5:41:59 PM,2/3/2017 12:00:00 AM
724cc3cb-5fbf-4e7f-9418-a32071a52392,1008751,204th & Hwy 7 - Spanaway,Starbucks,21520-160804,2538477021,CO,20401 Mountain Hwy E,,,Spanaway,WA,US,98387,-122.42,47.07,-480,Pacific Standard Time,GMT-08:00 America/Los_Angeles,10/3/2014 12:00:00 AM,2/3/2017 12:00:00 AM
41074807-8256-4a22-ae61-a3c403c2646f,18572,Garden Valley & Goetz - Roseburg,Starbucks,14304-116084,541/672-3729,CO,1122 NW Garden Valley Blvd,101,,Roseburg,OR,US,974711930,-123.37,43.23,-480,Pacific Standard Time,GMT-08:00 America/Los_Angeles,12/8/2013 5:41:59 PM,2/3/2017 12:00:00 AM
7d05d62b-0e91-4499-bcbc-a3de4242dfd1,9118,Civica Office Building,Starbucks,3341-30339,425-467-5666,CO,255 108th Ave NE,,Civica Office Building,Bellevue,WA,US,980045737,-122.20,47.61,-480,Pacific Standard Time,GMT-08:00 America/Los_Angeles,12/8/2013 5:41:59 PM,2/3/2017 12:00:00 AM
e1246b2f-e93b-491e-b6d8-a4a3058c9950,9827,"Fred Meyer-Alderwood, WA #688",Starbucks,5088-139825,4257874914,LS,2902 164th St SW,,,Lynnwood,WA,US,980873219,-122.27,47.85,-480,Pacific Standard Time,GMT-08:00 America/Los_Angeles,12/8/2013 5:41:59 PM,2/3/2017 12:00:00 AM
e39b3010-de39-4088-89cd-a5350dc66672,1010291,Teavana-Pacific Place 112,Teavana,24666-238609,206-623-3581,CO,"600 Pine St, #255",,,Seattle,WA,US,98101,-122.34,47.61,-480,Pacific Standard Time,GMT-08:00 America/Los_Angeles,11/13/2014 12:00:00 AM,2/3/2017 12:00:00 AM
848631f9-c0da-4c8d-a212-a568edee13c4,11555,Safeway - Bend #1504,Starbucks,74221-42079,541-383-6500,LS,2650 NE Hwy 20,,,Bend,OR,US,977016976,-121.30,44.08,-480,Pacific Standard Time,GMT-08:00 America/Los_Angeles,12/8/2013 5:41:59 PM,2/3/2017 12:00:00 AM
7e9cde5d-96df-4723-9b3e-a59bfcbe9b71,87040,Target Eugene T-1405,Starbucks,16863-172346,541-684-5995,LS,4575 W 11th Ave,,,Eugene,OR,US,974025442,-123.17,44.05,-480,Pacific Standard Time,GMT-08:00 America/Los_Angeles,12/8/2013 5:41:59 PM,2/3/2017 12:00:00 AM
0c8ad783-4fee-4cbd-a8ee-a5aa34bd76b3,17445,Safeway - Puyallup #1798,Starbucks,79564-104973,253-536-4792,LS,11501 CANYON RD E,,,PUYALLUP,WA,US,983734359,-122.36,47.15,-480,Pacific Standard Time,GMT-08:00 America/Los_Angeles,12/8/2013 5:41:59 PM,2/3/2017 12:00:00 AM
48e90795-6ca2-4936-98ea-a5fb21a304a2,16321,Safeway-Kent #1966,Starbucks,74322-79063,253-638-7275,LS,13101 SE Kent Kangley Rd,,,Kent,WA,US,980307915,-122.17,47.36,-480,Pacific Standard Time,GMT-08:00 America/Los_Angeles,12/8/2013 5:41:59 PM,2/3/2017 12:00:00 AM
934f00f0-4299-49bc-8742-a603e8498c94,65882,4th & Morrison - Portland,Starbucks,15727-156713,5032240980,CO,419 SW Morrison,,,Portland,OR,US,972042503,-122.68,45.52,-480,Pacific Standard Time,GMT-08:00 America/Los_Angeles,12/8/2013 5:41:59 PM,2/3/2017 12:00:00 AM
00505342-9e20-475f-b347-a617b476fb6e,12662,Alderwood Mall Terrace,Starbucks,2809-83642,425-778-5491,CO,3000 184th St SW,Suite #1015,,Lynnwood,WA,US,98037,-122.27,47.83,-480,Pacific Standard Time,GMT-08:00 America/Los_Angeles,12/8/2013 5:41:59 PM,2/3/2017 12:00:00 AM
ab881c09-7371-419d-8a07-a631679ecaee,15901,Safeway-Bellevue #490,Starbucks,74488-94928,425-455-6500,LS,1645 140th Ave NE,,,Bellevue,WA,US,980052320,-122.15,47.63,-480,Pacific Standard Time,GMT-08:00 America/Los_Angeles,12/8/2013 5:41:59 PM,2/3/2017 12:00:00 AM
24952b88-df03-4780-8258-a645fb1dc804,16974,OFC-Portland #201,Starbucks,79385-102662,503-533-0552,LS,4756 NW Bethany Blvd,,,Portland,OR,US,972299255,-122.84,45.55,-480,Pacific Standard Time,GMT-08:00 America/Los_Angeles,12/8/2013 5:41:59 PM,2/3/2017 12:00:00 AM
d607d797-4d83-4bc2-8f5b-a6b1cf9abcdf,1016586,5810 N Lombard - Portland,Starbucks,27041-245837,5038637144,CO,5810 N Lombard - Portland,,,Portland,OR,US,97203,-122.73,45.58,-480,Pacific Standard Time,GMT-08:00 America/Los_Angeles,1/19/2017 12:00:00 AM,2/3/2017 12:00:00 AM
57caf79b-f8a6-4f9c-852c-a72949cbca30,16057,Carillon Point,Starbucks,352-234,425-827-2130,CO,2255 Carillon Point,,,Kirkland,WA,US,980337446,-122.21,47.66,-480,Pacific Standard Time,GMT-08:00 America/Los_Angeles,12/8/2013 5:41:59 PM,2/3/2017 12:00:00 AM
a6a02e00-59f3-4ad8-9b3e-a73edaf9a973,11240,Meadows Road,Starbucks,3398-39679,503-598-9846,CO,5800 Meadows Rd,Suite 190,,Lake Oswego,OR,US,970358238,-122.74,45.42,-480,Pacific Standard Time,GMT-08:00 America/Los_Angeles,12/8/2013 5:41:59 PM,2/3/2017 12:00:00 AM
e1326aea-457d-4e7c-9f66-a82e8a68db08,11726,SODO Lobby,Starbucks,3228-1065,(206) 624-9496,CO,2401 Utah Ave South,First Floor Lobby,,Seattle,WA,US,981341436,-122.34,47.58,-480,Pacific Standard Time,GMT-08:00 America/Los_Angeles,12/8/2013 5:41:59 PM,2/3/2017 12:00:00 AM
02058c2c-7c0e-4dbd-9857-a88b81a4739b,16375,Sunnyside Town Center,Starbucks,3386-74722,503/786-7814,CO,10225 SE Sunnyside Rd,,Sunnyside Town Center,Clackamas,OR,US,970159782,-122.56,45.43,-480,Pacific Standard Time,GMT-08:00 America/Los_Angeles,12/8/2013 5:41:59 PM,2/3/2017 12:00:00 AM
ca529478-c4e3-4e9a-a39e-a8bc72477ca6,6574,37th & Grand,Starbucks,13932-108409,509 624-4359,CO,3719 S Grand Blvd,,,Spokane,WA,US,992032712,-117.40,47.62,-480,Pacific Standard Time,GMT-08:00 America/Los_Angeles,12/8/2013 5:41:59 PM,2/3/2017 12:00:00 AM
910c2998-7af4-4de3-a110-a903c25ca342,8994,Tacoma Place,Starbucks,312-21491,253-671-8337,CO,1723 South 72nd Street,,,Tacoma,WA,US,984081202,-122.46,47.19,-480,Pacific Standard Time,GMT-08:00 America/Los_Angeles,12/8/2013 5:41:59 PM,2/3/2017 12:00:00 AM
ffd62090-5550-481d-b665-a90af37394fe,17989,Plaza 525- Mukilteo,Starbucks,11212-103414,425-353-5314,CO,12502 Mukilteo Speedway,A-1,,Mukilteo,WA,US,982755730,-122.28,47.88,-480,Pacific Standard Time,GMT-08:00 America/Los_Angeles,12/8/2013 5:41:59 PM,2/3/2017 12:00:00 AM
a3ba37e6-3404-4f39-8400-a9154cc63e79,10290,Center St. & Mullen-Tacoma,Starbucks,10534-6186,253-564-1175,CO,4802 Center Street,Suite A,Center St & Mullen,Tacoma,WA,US,984092362,-122.50,47.23,-480,Pacific Standard Time,GMT-08:00 America/Los_Angeles,12/8/2013 5:41:59 PM,2/3/2017 12:00:00 AM
dea12d82-5dec-4fb9-b500-a9a2d4e8e07a,16984,North Bend & Mt Si- North Bend,Starbucks,13730-105930,425-888-0808,CO,721 SW Mt. Si Blvd,B,,North Bend,WA,US,980458990,-121.79,47.49,-480,Pacific Standard Time,GMT-08:00 America/Los_Angeles,12/8/2013 5:41:59 PM,2/3/2017 12:00:00 AM
061c8844-112c-453e-b428-a9c316a6dbad,7423,Safeway - E Wenatchee #3521,Starbucks,74995-101470,509-884-0707,LS,510 Grant Road,,,E Wenatchee,WA,US,988025425,-120.28,47.40,-480,Pacific Standard Time,GMT-08:00 America/Los_Angeles,12/8/2013 5:41:59 PM,2/3/2017 12:00:00 AM
4f6548c3-0516-4c44-b542-aa49306678a0,92867,Evolution Fresh-University Village,Evolution Fresh,18576-191944,2065225548,CO,2620 NE University Village St,,,Seattle,WA,US,98105,-122.30,47.66,-480,Pacific Standard Time,GMT-08:00 America/Los_Angeles,12/8/2013 5:41:59 PM,2/3/2017 12:00:00 AM
bd5fd24a-f5c7-4703-bd85-aa93db0351e7,1012439,Teavana - Clackamas Town Center,Teavana,28302-249871,503-654-1461,CO,12000 SE 82nd Ave.,#H-101,Clackamas Town Center,Happy Valley,OR,US,97086,-122.58,45.44,-480,Pacific Standard Time,GMT-08:00 America/Los_Angeles,7/3/2015 12:00:00 AM,2/3/2017 12:00:00 AM
b9b10bdc-d100-497e-9b8d-aacf1b82b12f,14197,15838 1st Ave South,Starbucks,3217-84200,206-243-1545,CO,15838 1st Avenue South,,,Burien,WA,US,981481213,-122.33,47.46,-480,Pacific Standard Time,GMT-08:00 America/Los_Angeles,12/8/2013 5:41:59 PM,2/3/2017 12:00:00 AM
0da66ee3-7eab-4c4c-bfaa-aad766059793,8345,QFC-Mercer Island #839,Starbucks,79207-97617,206-230-0745,LS,7823 SE 28th,,,Mercer Island,WA,US,980402902,-122.23,47.59,-480,Pacific Standard Time,GMT-08:00 America/Los_Angeles,12/8/2013 5:41:59 PM,2/3/2017 12:00:00 AM
cddd4883-7612-43ca-b930-abbeba7d6474,11356,Albertsons 406 @ Gig Harbor,Starbucks,73494-49039,253-853-4750,LS,11330 51st Ave NW,,,Gig Harbor,WA,US,983327890,-122.60,47.36,-480,Pacific Standard Time,GMT-08:00 America/Los_Angeles,12/8/2013 5:41:59 PM,2/3/2017 12:00:00 AM
33511334-a5ae-46a6-ac2e-abf92a8cb4f6,8171,QFC - Bothell #819,Starbucks,79311-101215,425-485-7548,LS,18921 Bothell Way N.E.,,,Bothell,WA,US,980111934,-122.21,47.77,-480,Pacific Standard Time,GMT-08:00 America/Los_Angeles,12/8/2013 5:41:59 PM,2/3/2017 12:00:00 AM
aa960425-4f91-4197-bcf4-ac465c6f6ae2,15851,Salmon Creek / Fred Meyer,Starbucks,3249-1697,360-571-2973,CO,800 N.E. Tenney Rd.,#107,,Vancouver,WA,US,986852832,-122.66,45.72,-480,Pacific Standard Time,GMT-08:00 America/Los_Angeles,12/8/2013 5:41:59 PM,2/3/2017 12:00:00 AM
a2f72dc6-f9e4-4635-be19-ac5d737d406d,1009083,Salmon Creek - 139th & 3rd,Starbucks,23526-225384,3605713321,CO,504 NE 139th Street,104,,Vancouver,WA,US,98685,-122.67,45.72,-480,Pacific Standard Time,GMT-08:00 America/Los_Angeles,2/18/2015 12:00:00 AM,2/3/2017 12:00:00 AM
210698ae-6e21-463a-982a-ac9870b105d5,8746,"Hillsdale, OR",Starbucks,433-153,(503) 977-3638,CO,6326 SW Capitol Highway,,,Portland,OR,US,972391938,-122.69,45.48,-480,Pacific Standard Time,GMT-08:00 America/Los_Angeles,12/8/2013 5:41:59 PM,2/3/2017 12:00:00 AM
754600b4-c5ff-4bd6-994f-acc5f262c302,18550,6th and Salmon,Starbucks,474-1392,503/241-7408,CO,1009 S.W. 6th Avenue,,,Portland,OR,US,972041102,-122.68,45.52,-480,Pacific Standard Time,GMT-08:00 America/Los_Angeles,12/8/2013 5:41:59 PM,2/3/2017 12:00:00 AM
bdfabddf-5f68-42c7-9690-ad49259cab92,7575,Cornell Rd & 48th Ave- Hillsboro,Starbucks,13267-104560,503-693-1239,CO,1221 NE 48th Ave,,,Hillsboro,OR,US,971245008,-122.94,45.53,-480,Pacific Standard Time,GMT-08:00 America/Los_Angeles,12/8/2013 5:41:59 PM,2/3/2017 12:00:00 AM
b0525fbb-7a32-4a96-b074-ad7392686b07,11172,Smokey Point,Starbucks,3305-9639,360-653-2133,CO,3671 172nd st. NE,Suite 1,,Arlington,WA,US,98223,-122.18,48.15,-480,Pacific Standard Time,GMT-08:00 America/Los_Angeles,12/8/2013 5:41:59 PM,2/3/2017 12:00:00 AM
28ef57f3-5ad4-432c-a293-ae0543227415,14993,Fourth & Blanchard,Starbucks,106-59,(206) 728-0883,CO,2101 Fourth Avenue,Suite 150,,Seattle,WA,US,981212349,-122.34,47.61,-480,Pacific Standard Time,GMT-08:00 America/Los_Angeles,12/8/2013 5:41:59 PM,2/3/2017 12:00:00 AM
019aca58-9c88-4edb-b8cd-ae289d6497b7,18493,Murray & Scholls,Starbucks,478-2786,503-590-7886,CO,14600 SW Murray Scholls Dr,107,Murray Scholls Town Center,Beaverton,OR,US,970079712,-122.83,45.44,-480,Pacific Standard Time,GMT-08:00 America/Los_Angeles,12/8/2013 5:41:59 PM,2/3/2017 12:00:00 AM
7024e785-73f3-43cb-9eee-ae477abd57ac,9047,Oregon City,Starbucks,416-184,(503) 557-1826,CO,1839 Molalla Avenue,Suite C,,Oregon City,OR,US,970454011,-122.58,45.33,-480,Pacific Standard Time,GMT-08:00 America/Los_Angeles,12/8/2013 5:41:59 PM,2/3/2017 12:00:00 AM
e6c2974a-e880-4ba7-844b-ae67de63aa6b,19295,College Way & Riverside Dr,Starbucks,367-98550,360-424-4473,CO,329 East College Way,,,Mt Vernon,WA,US,982735431,-122.34,48.44,-480,Pacific Standard Time,GMT-08:00 America/Los_Angeles,12/8/2013 5:41:59 PM,2/3/2017 12:00:00 AM
27ea008a-cd2c-4039-8cc4-ae993303b534,1008970,OHSU,Starbucks,22481-213006,9718015552,CO,2730 SW Moody Avenue,,Oregon Health & Science University,Portland,OR,US,97201,-122.67,45.50,-480,Pacific Standard Time,GMT-08:00 America/Los_Angeles,9/16/2014 12:00:00 AM,2/3/2017 12:00:00 AM
3eb8a634-c369-4e20-8e8d-aeb1c54c5794,17923,Safeway-Monroe #537,Starbucks,74979-97829,360-794-9292,LS,19651 SR-2,,,Monroe,WA,US,98272,-121.97,47.86,-480,Pacific Standard Time,GMT-08:00 America/Los_Angeles,12/8/2013 5:41:59 PM,2/3/2017 12:00:00 AM
1c0f7813-635a-49ad-a95e-aeeec6015b0e,18640,1st & Pike-Seattle,Starbucks,14870-142604,206-903-8010,CO,102 Pike St,,,Seattle,WA,US,981012010,-122.34,47.61,-480,Pacific Standard Time,GMT-08:00 America/Los_Angeles,12/8/2013 5:41:59 PM,2/3/2017 12:00:00 AM
db0b6015-4d30-4ec2-ab4c-af36692801b4,16051,Pine Lake,Starbucks,325-2144,425-391-8595,CO,3016 Issaquah-Pine Lake Road  SE,,,Sammamish,WA,US,980757253,-122.03,47.58,-480,Pacific Standard Time,GMT-08:00 America/Los_Angeles,12/8/2013 5:41:59 PM,2/3/2017 12:00:00 AM
e6672112-3c02-414e-a992-af3b5bb4f8da,69054,Safeway - Grants Pass #290,Starbucks,16758-104097,541-956-7540,LS,115 East 7th Ave,,,Grants Pass,OR,US,97526,-123.33,42.44,-480,Pacific Standard Time,GMT-08:00 America/Los_Angeles,12/8/2013 5:41:59 PM,2/3/2017 12:00:00 AM
0f3f69ad-46e4-44f9-9bb6-af41dd405368,15676,Fred Meyer - Ellensburg #652,Starbucks,72710-33981,509-962-0500,LS,201 South Water,,,Ellensburg,WA,US,989263675,-120.55,46.99,-480,Pacific Standard Time,GMT-08:00 America/Los_Angeles,12/8/2013 5:41:59 PM,2/3/2017 12:00:00 AM
759e31a7-12be-4e24-8b1c-af4d0c4198f8,14133,S 56th & Tacoma Way - Tacoma,Starbucks,3413-81096,253-475-1757,CO,3514 South 56th Street,,,Tacoma,WA,US,984094206,-122.48,47.21,-480,Pacific Standard Time,GMT-08:00 America/Los_Angeles,12/8/2013 5:41:59 PM,2/3/2017 12:00:00 AM
87539f37-d0df-4260-ab5a-af5e69f5dbf0,15132,Safeway-Lebanon #1558,Starbucks,74321-79468,541-259-5700,LS,1983 S Santiem Hwy,,,Lebanon,OR,US,973553041,-122.91,44.53,-480,Pacific Standard Time,GMT-08:00 America/Los_Angeles,12/8/2013 5:41:59 PM,2/3/2017 12:00:00 AM
20fd2041-640f-4265-9559-af6f90d03b60,15229,Pioneer Square,Starbucks,363-97,(206) 382-2656,CO,102 First Avenue S,,,Seattle,WA,US,981042502,-122.33,47.60,-480,Pacific Standard Time,GMT-08:00 America/Los_Angeles,12/8/2013 5:41:59 PM,2/3/2017 12:00:00 AM
cb5041db-d86d-4b80-a3eb-afd43bd37404,1009766,SW Greenburg & SW Shady Ln,Starbucks,24162-229345,(503) 313-3759,CO,9785 SW Shady Lane,,,Tigard,OR,US,97223,-122.78,45.44,-480,Pacific Standard Time,GMT-08:00 America/Los_Angeles,5/20/2015 12:00:00 AM,2/3/2017 12:00:00 AM
1509f1bb-36ce-4c3d-8d00-afe372fc0e77,20149,Swedish Medical Center-Jefferson To,Starbucks,15579-152527,2063231620,LS,1600 E Jefferson St,,,Seattle,WA,US,981225698,-122.31,47.61,-480,Pacific Standard Time,GMT-08:00 America/Los_Angeles,12/8/2013 5:41:59 PM,2/3/2017 12:00:00 AM
64b9016e-a34f-41a7-8653-b0291c4278c2,10336,QFC-Portland #202,Starbucks,79388-104089,503-203-0027,LS,7525 SW Barnes Rd,,,Portland,OR,US,972256203,-122.75,45.52,-480,Pacific Standard Time,GMT-08:00 America/Los_Angeles,12/8/2013 5:41:59 PM,2/3/2017 12:00:00 AM
2b5d6b94-003a-4fe2-a8a5-b03b4a8a212c,1006842,Fred Meyer-Bellingham #667,Starbucks,22386-78901,360-788-2908,LS,1225 W Bakerview Rd,,,Bellingham,WA,US,982296219,-122.51,48.79,-480,Pacific Standard Time,GMT-08:00 America/Los_Angeles,5/3/2014 12:00:00 AM,2/3/2017 12:00:00 AM
3078ef52-f195-49f1-aa63-b08a5df49347,17972,Safeway-Corvallis #1765,Starbucks,74210-112984,541-738-2100,LS,5270 SW Philomath Blvd,,,Corvallis,OR,US,973331042,-123.31,44.55,-480,Pacific Standard Time,GMT-08:00 America/Los_Angeles,12/8/2013 5:41:59 PM,2/3/2017 12:00:00 AM
b858e41e-3688-4f99-a319-b0d39d26698e,1014790,Washington Square West Kiosk,Starbucks,10290-252065,503.968.9232,CO,9585 SW Washington Square Road,Y05,,Tigard,OR,US,972234495,-122.78,45.45,-480,Pacific Standard Time,GMT-08:00 America/Los_Angeles,5/13/2016 12:00:00 AM,2/3/2017 12:00:00 AM
71168fd1-26e5-42c3-bfaf-b0f2da4e7b51,12190,Tanasbourne West,Starbucks,496-23249,5036938831,CO,22055 NW Imbrie Drive,,Tanasbourne West Shopping Center,Hillsboro,OR,US,971246993,-122.90,45.55,-480,Pacific Standard Time,GMT-08:00 America/Los_Angeles,12/8/2013 5:41:59 PM,2/3/2017 12:00:00 AM
fb7de07b-de3c-4585-af28-b0f569537137,11151,Canby,Starbucks,476-10258,503-266-5356,CO,1385 SE 1st Ave,Suite 101,,Canby,OR,US,970136767,-122.68,45.27,-480,Pacific Standard Time,GMT-08:00 America/Los_Angeles,12/8/2013 5:41:59 PM,2/3/2017 12:00:00 AM
b51c51fa-a7b6-4eb1-91c7-b1231e9059ee,9052,Longview/Thriftway,Starbucks,3268-1684,360-414-7042,CO,1015 Ocean Beach Hwy,Space 137,,Longview,WA,US,986324098,-122.93,46.15,-480,Pacific Standard Time,GMT-08:00 America/Los_Angeles,12/8/2013 5:41:59 PM,2/3/2017 12:00:00 AM
25e542fc-6153-4a3d-ab48-b12e10987fa6,1009525,Target Lacey T-1355,Starbucks,23892-233391,360-486-8920,LS,665 Sleater Kinney Rd,,,Lacey,WA,US,98503,-122.83,47.04,-480,Pacific Standard Time,GMT-08:00 America/Los_Angeles,11/11/2014 12:00:00 AM,2/3/2017 12:00:00 AM
53fb4401-6af1-46d9-bea8-b261f61b6fda,1009833,Ambaum & SW 148th,Starbucks,24286-236765,2065566354,CO,901 SW 148th St,,,Burien,WA,US,98166,-122.35,47.47,-480,Pacific Standard Time,GMT-08:00 America/Los_Angeles,5/20/2015 12:00:00 AM,2/3/2017 12:00:00 AM
b390ad9a-e55f-47a1-ba5b-b2755dba9239,8562,Safeway - Portland #509,Starbucks,79502-104095,503-528-0580,LS,5920 NE Martin Luther King Blvd,,,Portland,OR,US,972113120,-122.66,45.57,-480,Pacific Standard Time,GMT-08:00 America/Los_Angeles,12/8/2013 5:41:59 PM,2/3/2017 12:00:00 AM
8b4e7e00-66bf-4d18-984e-b2a1f235b0e6,116598,7th & Rainier Ave,Starbucks,3401-190904,4252770554,CO,641 Rainier Ave S,,,Renton,WA,US,98055,-122.22,47.47,-480,Pacific Standard Time,GMT-08:00 America/Los_Angeles,12/8/2013 5:41:59 PM,2/3/2017 12:00:00 AM
c37e7b5a-0509-43fc-89c4-b2bdeefd3d3a,15121,Fred Meyer - Bellingham #25,Starbucks,72883-90742,360-676-1102,LS,800 Lakeway Dr,,,Bellingham,WA,US,982296219,-122.46,48.74,-480,Pacific Standard Time,GMT-08:00 America/Los_Angeles,12/8/2013 5:41:59 PM,2/3/2017 12:00:00 AM
be4b5df1-bc5d-43ec-a29d-b313d29b8588,8769,13th & Alder,Starbucks,459-850,5413384100,CO,801 E. 13th Avenue,,(previously Guidos Bar),Eugene,OR,US,974013788,-123.08,44.05,-480,Pacific Standard Time,GMT-08:00 America/Los_Angeles,12/8/2013 5:41:59 PM,2/3/2017 12:00:00 AM
89d6fa6b-e114-40fb-82b3-b31a889309fe,12362,Albertsons - Colburg #572,Starbucks,73336-21780,541-342-7635,LS,311 Coburg Rd,,,Eugene,OR,US,974016109,-123.07,44.07,-480,Pacific Standard Time,GMT-08:00 America/Los_Angeles,12/8/2013 5:41:59 PM,2/3/2017 12:00:00 AM
4dde7df4-f76a-4934-a8f1-b324bda8e42a,11685,Redmond North,Starbucks,378-203,425-869-1080,CO,8867 161st Avenue NE,,,Redmond,WA,US,980523585,-122.13,47.68,-480,Pacific Standard Time,GMT-08:00 America/Los_Angeles,12/8/2013 5:41:59 PM,2/3/2017 12:00:00 AM
fb8b2180-a264-4173-b8b3-b33a973d7130,1009780,PSU Urban Center - Portland,Starbucks,24167-236327,5032749789,CO,1742 SW 6th Ave,,,Portland,OR,US,97201,-122.68,45.51,-480,Pacific Standard Time,GMT-08:00 America/Los_Angeles,9/23/2014 12:00:00 AM,2/3/2017 12:00:00 AM
d21434a6-6f8a-44b2-a03f-b3e389b0741a,15960,SEA SeaTac Relocate of Nr Esplanade,Starbucks,75588-76320,206-433-5603,LS,2580 S 156th St,,Seattle-Tacoma International Airport,Seattle,WA,US,981581132,-122.30,47.44,-480,Pacific Standard Time,GMT-08:00 America/Los_Angeles,12/8/2013 5:41:59 PM,2/3/2017 12:00:00 AM
2aa8c04d-ad5c-4260-b368-b3ea7068e704,12007,56th & Summitview Ave,Starbucks,3220-1162,(509) 972-3584,CO,5621 Summitview Ave.,,Chalet Mall,Yakima,WA,US,989083039,-120.58,46.60,-480,Pacific Standard Time,GMT-08:00 America/Los_Angeles,12/8/2013 5:41:59 PM,2/3/2017 12:00:00 AM
33c0ad6d-099d-40d9-bfac-b41dab4a6d29,16388,Delta & Green Acres,Starbucks,2975-93350,541-338-0233,CO,3003 N Delta Hwy,301,,Eugene,OR,US,974087104,-123.10,44.09,-480,Pacific Standard Time,GMT-08:00 America/Los_Angeles,12/8/2013 5:41:59 PM,2/3/2017 12:00:00 AM
30ad0cbb-02db-4109-9d25-b43946fe72c9,1009888,Safeway @ Seattle 1508,Starbucks,24284-236926,,LS,3820 Rainier Avenue South,,,Seattle,WA,US,98118,-122.29,47.57,-480,Pacific Standard Time,GMT-08:00 America/Los_Angeles,7/11/2014 12:00:00 AM,2/3/2017 12:00:00 AM
cb390230-b882-41a3-8ac8-b48004881c3b,11659,1st Street & Columbia,Starbucks,451-917,(503) 221-6540,CO,1 S.W. Columbia Street,#101,Benjamin Franklin Plaza,Portland,OR,US,972582002,-122.68,45.51,-480,Pacific Standard Time,GMT-08:00 America/Los_Angeles,12/8/2013 5:41:59 PM,2/3/2017 12:00:00 AM
2f4c2ed9-144e-472f-9eaf-b48b07c2303c,1014345,Safeway - Gig Harbor #3321,Starbucks,47584-258969,253-853-1950,LS,4831 Point Fosdick Dr NW,,,Gig Harbor,WA,US,983351732,-122.58,47.30,-480,Pacific Standard Time,GMT-08:00 America/Los_Angeles,2/10/2016 12:00:00 AM,2/3/2017 12:00:00 AM
b9e59f65-0fdb-4572-8b97-b53dfabede30,11917,3rd & Madison,Starbucks,3347-9592,206-748-0058,CO,999 Third Avenue,,First Interstate Center,Seattle,WA,US,981044019,-122.33,47.61,-480,Pacific Standard Time,GMT-08:00 America/Los_Angeles,12/8/2013 5:41:59 PM,2/3/2017 12:00:00 AM
fa2515bf-f029-4f37-827a-b567367515c8,89568,Minor & Allen,Starbucks,15741-153467,3605772598,CO,100 N. Minor Rd.,Suite A,,Kelso,WA,US,98626,-122.90,46.15,-480,Pacific Standard Time,GMT-08:00 America/Los_Angeles,12/8/2013 5:41:59 PM,2/3/2017 12:00:00 AM
46bead37-0752-4735-8f78-b56e48635469,8772,26th and Proctor,Starbucks,356-95,253-756-1859,CO,2602 North Proctor,Suite 100,,Tacoma,WA,US,984075250,-122.49,47.27,-480,Pacific Standard Time,GMT-08:00 America/Los_Angeles,12/8/2013 5:41:59 PM,2/3/2017 12:00:00 AM
4a9a4355-b086-4a34-b973-b64ab1cf60c7,8156,Penn Plaza- Moses Lake,Starbucks,9852-98064,509-765-1467,CO,1025  N Stratford Rd,1,Penn Plaza,Moses Lake,WA,US,988371574,-119.28,47.14,-480,Pacific Standard Time,GMT-08:00 America/Los_Angeles,12/8/2013 5:41:59 PM,2/3/2017 12:00:00 AM
1017b479-529b-4fa3-9a65-b67ab33069a0,1005716,122nd & Halsey - Portland,Starbucks,18729-153474,5032533576,CO,1510 NE 122nd Ave,,,Portland,OR,US,97230,-122.54,45.53,-480,Pacific Standard Time,GMT-08:00 America/Los_Angeles,12/8/2013 5:41:59 PM,2/3/2017 12:00:00 AM
3cbf44b3-86f7-4f49-bfaf-b68e1cbaa33e,18334,Lakewood Crossing - Marysville,Starbucks,11661-103515,360-652-0729,CO,17101 27th Avenue NE,A,,Marysville,WA,US,982714732,-122.19,48.15,-480,Pacific Standard Time,GMT-08:00 America/Los_Angeles,12/8/2013 5:41:59 PM,2/3/2017 12:00:00 AM
6960b453-1287-4386-882c-b6c36fe77543,7006,Safeway-Silver Firs #2645,Starbucks,79598-97470,425-332-6175,LS,5802 134th Pl SE,,,Everett,WA,US,982089426,-122.15,47.88,-480,Pacific Standard Time,GMT-08:00 America/Los_Angeles,12/8/2013 5:41:59 PM,2/3/2017 12:00:00 AM
9dd562d3-3805-41a5-8f38-b6e9ad12de00,1010338,Edmonds Way & 100th,Starbucks,3232-210064,4256702616,CO,9801 Edmonds Way,,,Edmonds,WA,US,98020,-122.36,47.79,-480,Pacific Standard Time,GMT-08:00 America/Los_Angeles,8/13/2014 12:00:00 AM,2/3/2017 12:00:00 AM
084ff0d0-e941-4b41-9587-b77342170e66,16416,Lake Forest Park,Starbucks,373-94417,206-367-3811,CO,17039 NE Bothell Way,,Lake Forest Towne Center,Lake Forest,WA,US,981555521,-122.28,47.75,-480,Pacific Standard Time,GMT-08:00 America/Los_Angeles,12/8/2013 5:41:59 PM,2/3/2017 12:00:00 AM
d189af9b-fe85-4d99-baaa-b786ac06e736,1014679,Martin Way & Kingham - Lacey,Starbucks,26732-245265,2535338795,CO,1020 Kingham St. NE,,,Lacey,WA,US,98516,-122.78,47.05,-480,Pacific Standard Time,GMT-08:00 America/Los_Angeles,5/10/2016 12:00:00 AM,2/3/2017 12:00:00 AM
9d4497c5-9adf-4e3b-a988-b870c873365a,10609,Canyon Crossing- Frederickson,Starbucks,11664-103729,253-875-2458,CO,5602 176th St. East,Building G,,Frederickson,WA,US,983759307,-122.35,47.10,-480,Pacific Standard Time,GMT-08:00 America/Los_Angeles,12/8/2013 5:41:59 PM,2/3/2017 12:00:00 AM
29f23b46-9a25-413a-93d1-b88999d9d547,15848,Northgate Mall,Starbucks,3237-867,(206) 306-8525,CO,401 NE Northgate Way,,,Seattle,WA,US,98125,-122.33,47.70,-480,Pacific Standard Time,GMT-08:00 America/Los_Angeles,12/8/2013 5:41:59 PM,2/3/2017 12:00:00 AM
7636eb64-e8ac-4eec-9a45-b927ebb7ddae,8745,4th & Oak,Starbucks,412-182,(503) 227-0960,CO,305 SW 4th Avenue,,,Portland,OR,US,972042342,-122.68,45.52,-480,Pacific Standard Time,GMT-08:00 America/Los_Angeles,12/8/2013 5:41:59 PM,2/3/2017 12:00:00 AM
7214fc2c-8de7-4485-815b-b9452c8eee06,16740,Macadam Avenue,Starbucks,432-152,(503) 452-1517,CO,6080 SW Macadam,,,Portland,OR,US,972393650,-122.67,45.48,-480,Pacific Standard Time,GMT-08:00 America/Los_Angeles,12/8/2013 5:41:59 PM,2/3/2017 12:00:00 AM
2d6f971a-5d57-4c8e-9389-b956fabe6588,7142,Safeway - Shelton #585,Starbucks,74950-102137,360-426-9978,LS,600 Franklin Street,,,Shelton,WA,US,985843519,-123.11,47.21,-480,Pacific Standard Time,GMT-08:00 America/Los_Angeles,12/8/2013 5:41:59 PM,2/3/2017 12:00:00 AM
4ab496dd-060f-44de-93b0-b9816a82e711,1014163,GEG -  Conc C Upper (Gates 30-32),Starbucks,28121-249447,509-370-5570,LS,9000 W. Airport Dr,,,Spokane,WA,US,99224,-117.54,47.63,-480,Pacific Standard Time,GMT-08:00 America/Los_Angeles,1/5/2016 12:00:00 AM,2/3/2017 12:00:00 AM
806136b3-b75e-4a70-b071-b9d30204fe4e,18417,Oak Tree,Starbucks,308-73,(206) 524-6122,CO,10002 Aurora Avenue North,,,Seattle,WA,US,981339347,-122.34,47.70,-480,Pacific Standard Time,GMT-08:00 America/Los_Angeles,12/8/2013 5:41:59 PM,2/3/2017 12:00:00 AM
06cbdd9b-6148-4935-8616-ba3ddd820b14,17678,Albertsons 3414 @ Walla Walla,Starbucks,73541-50500,509-529-1710,LS,450 N Wilbur Ave,,,Walla Walla,WA,US,993622282,-118.30,46.08,-480,Pacific Standard Time,GMT-08:00 America/Los_Angeles,12/8/2013 5:41:59 PM,2/3/2017 12:00:00 AM
b7be4230-8515-4bc0-b999-ba790c14b13b,16060,Greenlake,Starbucks,389-7,(206) 523-9594,CO,7100 E Greenlake Drive N,,,Seattle,WA,US,981155415,-122.33,47.68,-480,Pacific Standard Time,GMT-08:00 America/Los_Angeles,12/8/2013 5:41:59 PM,2/3/2017 12:00:00 AM
bbcbc4c0-3be3-408a-8108-bb834e40fe7d,9414,Safeway - Florence #363,Starbucks,74793-98724,541-902-1900,LS,700 Hwy 101,,,Florence,OR,US,974397626,-124.10,43.97,-480,Pacific Standard Time,GMT-08:00 America/Los_Angeles,12/8/2013 5:41:59 PM,2/3/2017 12:00:00 AM
224cc26f-5cc9-426d-b7c3-bb9a04f393ba,12898,Safeway-Salem #412,Starbucks,74682-97009,503-365-2170,LS,1455 Edgewater St NW,,,Salem,OR,US,973044633,-123.06,44.94,-480,Pacific Standard Time,GMT-08:00 America/Los_Angeles,12/8/2013 5:41:59 PM,2/3/2017 12:00:00 AM
db133c33-e37d-4673-a862-bbe94acd4953,13898,Fred Meyer - Gateway #128,Starbucks,73737-106087,,LS,1111 NE 102nd,,,Portland,OR,US,972203902,-122.56,45.53,-480,Pacific Standard Time,GMT-08:00 America/Los_Angeles,12/8/2013 5:41:59 PM,2/3/2017 12:00:00 AM
dd1869d6-9c90-4aa2-918b-bc267889549e,9099,Bothell QFC,Starbucks,3318-20381,425-485-7377,CO,18931 Bothell Way NE,#1,Bothell QFC Center,Bothell,WA,US,980111975,-122.21,47.77,-480,Pacific Standard Time,GMT-08:00 America/Los_Angeles,12/8/2013 5:41:59 PM,2/3/2017 12:00:00 AM
ecfb1bc4-60df-43dc-bac3-bc400582e7d6,1016288,PDX - Concourse C,Starbucks,47493-257984,,LS,7000 NE AIRPORT WAY MB 23,,,PORTLAND,OR,US,972181031,-122.59,45.59,-480,Pacific Standard Time,GMT-08:00 America/Los_Angeles,12/14/2016 12:00:00 AM,2/3/2017 12:00:00 AM
b8b892be-ccdc-4a06-9310-bcb31146f28d,13471,Ralphs Thriftway-Olympia #664,Starbucks,72209-22461,219-239-2105,LS,1908 East 4th Ave.,,,Olympia,WA,US,985064632,-122.87,47.05,-480,Pacific Standard Time,GMT-08:00 America/Los_Angeles,12/8/2013 5:41:59 PM,2/3/2017 12:00:00 AM
8ccff558-7e7a-4eaa-bd40-bcdd220c20f9,17162,Downtown Kirkland,Starbucks,11384-95451,425-803-9086,CO,116 Lake Street,,,Kirkland,WA,US,980336418,-122.21,47.68,-480,Pacific Standard Time,GMT-08:00 America/Los_Angeles,12/8/2013 5:41:59 PM,2/3/2017 12:00:00 AM
6d2d8cb0-8ee5-4b94-8c4c-bcff89263772,12657,Safeway-Astoria #2627,Starbucks,74444-94719,503-338-2960,LS,3250 Lief Erikson Drive,,,Astoria,OR,US,971032637,-123.81,46.19,-480,Pacific Standard Time,GMT-08:00 America/Los_Angeles,12/8/2013 5:41:59 PM,2/3/2017 12:00:00 AM
b8e10987-700f-49d5-8f3a-bd0213f41028,11166,Westlake Center,Starbucks,3343-30035,206-652-0801,CO,400 Pine Street,Suite #042,Westlake Center Mall,Seattle,WA,US,98101,-122.34,47.61,-480,Pacific Standard Time,GMT-08:00 America/Los_Angeles,12/8/2013 5:41:59 PM,2/3/2017 12:00:00 AM
a4e940cd-47b0-4539-8fae-bd39049f6b9f,1013590,Swedish Hospital Edmonds,Starbucks,25702-237109,4256404015,LS,21601 76th Ave W.,,,Edmonds,WA,US,98026,-122.34,47.80,-480,Pacific Standard Time,GMT-08:00 America/Los_Angeles,11/18/2015 12:00:00 AM,2/3/2017 12:00:00 AM
7aa19737-4f8e-407d-8f17-bd5bfc88710c,1012478,Teavana - Washington Square,Teavana,28347-249758,503-639-1215,CO,9315 SW WASHINGTON SQUARE RD,,Washington Square,TIGARD,OR,US,97223,-122.78,45.45,-480,Pacific Standard Time,GMT-08:00 America/Los_Angeles,7/4/2015 12:00:00 AM,2/3/2017 12:00:00 AM
3a3b2fcc-1791-4fd8-a6d1-bd7348ed203b,15237,Monroe Plaza,Starbucks,393-220,360-805-0503,CO,19813 State Route 2,Suite E-1,,Monroe,WA,US,982722352,-121.97,47.86,-480,Pacific Standard Time,GMT-08:00 America/Los_Angeles,12/8/2013 5:41:59 PM,2/3/2017 12:00:00 AM
261f6733-99ed-462d-bbfe-bd782a5d15c8,1010056,43rd St & E Valley,Starbucks,3361-225014,4252510201,CO,8825 S 180th St,,,Kent,WA,US,98032,-122.22,47.44,-480,Pacific Standard Time,GMT-08:00 America/Los_Angeles,7/18/2014 12:00:00 AM,2/3/2017 12:00:00 AM
b7cef3a4-f577-4bbb-94a1-bdb83ce89c83,11724,Seattle Center,Starbucks,3204-3,(206) 728-4077,CO,305 Harrison Street,Suite 220,,Seattle,WA,US,981094623,-122.35,47.62,-480,Pacific Standard Time,GMT-08:00 America/Los_Angeles,12/8/2013 5:41:59 PM,2/3/2017 12:00:00 AM
589e9617-1c4d-4b89-b4c5-bdd97794888d,1008769,Wheaton Way & Sylvan Way,Starbucks,22724-213124,3603776242,CO,3425 Wheaton Way,,,Bremerton,WA,US,98310,-122.63,47.60,-480,Pacific Standard Time,GMT-08:00 America/Los_Angeles,7/28/2014 12:00:00 AM,2/3/2017 12:00:00 AM
0278e1d5-5421-4ab9-9706-bdf882e11174,7526,QFC-Stanwood #879,Starbucks,72577-108238,360-629-2500,LS,27008 92nd Ave NW,,,Stanwood,WA,US,982925343,-122.36,48.24,-480,Pacific Standard Time,GMT-08:00 America/Los_Angeles,12/8/2013 5:41:59 PM,2/3/2017 12:00:00 AM
32434408-e1db-4402-b02d-bdf9fbb5a0b2,8564,Safeway - Portland #1612,Starbucks,79501-104105,503-528-0500,LS,1100 NE Broadway,,,Portland,OR,US,972321232,-122.65,45.53,-480,Pacific Standard Time,GMT-08:00 America/Los_Angeles,12/8/2013 5:41:59 PM,2/3/2017 12:00:00 AM
5bedbf95-621f-4736-a847-be1cc9438160,16645,1st & Marion,Starbucks,3391-15573,206/340-9184,CO,823 First Ave,,Colman Building,Seattle,WA,US,981041404,-122.34,47.60,-480,Pacific Standard Time,GMT-08:00 America/Los_Angeles,12/8/2013 5:41:59 PM,2/3/2017 12:00:00 AM
1a6360b5-b110-4c40-ac16-be60f979bf2f,10346,Safeway - Cottage Grove #1458,Starbucks,79547-104100,541-642-3413,LS,1500 E Main Street,,,Cottage Grove,OR,US,974242208,-123.05,43.80,-480,Pacific Standard Time,GMT-08:00 America/Los_Angeles,12/8/2013 5:41:59 PM,2/3/2017 12:00:00 AM
a22efe26-73cd-43b7-9b53-be8a26ccde66,16859,Holman Road,Starbucks,3346-32539,206-783-8104,CO,9999 Holman Rd NW,,,Seattle,WA,US,981172041,-122.36,47.70,-480,Pacific Standard Time,GMT-08:00 America/Los_Angeles,12/8/2013 5:41:59 PM,2/3/2017 12:00:00 AM
2e737360-a899-4204-ae62-becb3d30dd3b,7569,2nd Street & C Street- Washougal,Starbucks,13509-104615,360-835-5205,CO,"291 ""C"" St",102,,Washougal,WA,US,986712146,-122.38,45.58,-480,Pacific Standard Time,GMT-08:00 America/Los_Angeles,12/8/2013 5:41:59 PM,2/3/2017 12:00:00 AM
00c578c0-6bda-41f7-a5f3-bf3368f2d01c,14203,QFC Harvard Market #847,Starbucks,72922-95925,260-860-3818,LS,1401 Broadway,,,Seattle,WA,US,981223854,-122.32,47.61,-480,Pacific Standard Time,GMT-08:00 America/Los_Angeles,12/8/2013 5:41:59 PM,2/3/2017 12:00:00 AM
70955d6c-45fa-448b-988b-bf6099ffbfb4,16016,One World Trade Center,Starbucks,402-173,(503) 274-0330,CO,910 SW 2nd Ave,,World Trade Center,Portland,OR,US,972043002,-122.68,45.52,-480,Pacific Standard Time,GMT-08:00 America/Los_Angeles,12/8/2013 5:41:59 PM,2/3/2017 12:00:00 AM
70244ea8-e877-44a2-93a9-bfca20e427c6,14874,Albertsons 3417 @ Olympia,Starbucks,73171-21470,360-459-9340,LS,3520 Pacific Ave SE,,,Olympia,WA,US,985012121,-122.85,47.04,-480,Pacific Standard Time,GMT-08:00 America/Los_Angeles,12/8/2013 5:41:59 PM,2/3/2017 12:00:00 AM
9f9f576a-50cd-446b-b238-c0286c6e13a8,6356,Fred Meyer - Redondo #215,Starbucks,73843-108254,2539467400,LS,25250 Pacific Highway South,,,"Kent,",WA,US,980326539,-122.30,47.37,-480,Pacific Standard Time,GMT-08:00 America/Los_Angeles,12/8/2013 5:41:59 PM,2/3/2017 12:00:00 AM
1f97c73d-978f-4b5b-8da2-c02cfa29cbfa,1011687,Fred Meyer Scappoose #462,Starbucks,25974-239805,503-543-4500,LS,51501 Columbia River Highway,,,Scappoose,OR,US,97056,-122.88,45.74,-480,Pacific Standard Time,GMT-08:00 America/Los_Angeles,5/20/2015 12:00:00 AM,2/3/2017 12:00:00 AM
1a28652f-bc04-43ba-8d35-c036176b4921,8529,SE 256th Street-Kent,Starbucks,9541-95024,253-854-3202,CO,10234 SE 256th Street,101,,Kent,WA,US,980306404,-122.20,47.37,-480,Pacific Standard Time,GMT-08:00 America/Los_Angeles,12/8/2013 5:41:59 PM,2/3/2017 12:00:00 AM
4ac028cb-9ad1-40f0-95ff-c05378007690,17048,10th Ave,Starbucks,14031-108061,(503) 648-5465,CO,215 SE 10th Avenue,,,Hillsboro,OR,US,971234237,-122.97,45.52,-480,Pacific Standard Time,GMT-08:00 America/Los_Angeles,12/8/2013 5:41:59 PM,2/3/2017 12:00:00 AM
c4bf4ffb-b8a6-4cee-9d91-c07f65ad0457,7420,Safeway - Seattle #1062,Starbucks,74972-101072,206-932-6026,LS,4754 42nd Ave SW,,,Seattle,WA,US,981164553,-122.38,47.56,-480,Pacific Standard Time,GMT-08:00 America/Los_Angeles,12/8/2013 5:41:59 PM,2/3/2017 12:00:00 AM
ee320ce4-49b9-499d-88a9-c0bcda46995b,8503,Salem Parkway- Salem,Starbucks,9924-98960,503-566-6885,CO,2505 Liberty St. NE,100,,Salem,OR,US,973018385,-123.03,44.96,-480,Pacific Standard Time,GMT-08:00 America/Los_Angeles,12/8/2013 5:41:59 PM,2/3/2017 12:00:00 AM
db300ee6-e8a7-4faa-a704-c0d6657e8e36,17852,Safeway - Spokane #1473,Starbucks,79513-104217,509-921-9859,LS,EAST 14020 SPRAGUE,,,Spokane,WA,US,99216,-117.22,47.66,-480,Pacific Standard Time,GMT-08:00 America/Los_Angeles,12/8/2013 5:41:59 PM,2/3/2017 12:00:00 AM
3f05aab2-9e78-412c-bb4f-c0e7c42e3f5f,9243,Fred Meyer-Staduim #360,Starbucks,72744-71580,503-273-2004,LS,100 NW 20th Place,,,Portland,OR,US,972091099,-122.69,45.52,-480,Pacific Standard Time,GMT-08:00 America/Los_Angeles,12/8/2013 5:41:59 PM,2/3/2017 12:00:00 AM
35318dd2-97a7-46f8-a00b-c0f07ac46672,11680,Factoria Village,Starbucks,329-274,(425) 747-9441,CO,3560C 128th Avenue SE,,,Bellevue,WA,US,980061139,-122.17,47.58,-480,Pacific Standard Time,GMT-08:00 America/Los_Angeles,12/8/2013 5:41:59 PM,2/3/2017 12:00:00 AM
b1a4bbea-f881-47c7-ad5c-c154151b8308,18487,Wellesley & Belt,Starbucks,8681-94430,509-325-3232,CO,2401 West Wellesley,,,Spokane,WA,US,992055009,-117.45,47.70,-480,Pacific Standard Time,GMT-08:00 America/Los_Angeles,12/8/2013 5:41:59 PM,2/3/2017 12:00:00 AM
e8ba2ac2-824f-4d9d-9e5c-c175b8f7c40d,11639,Ashland,Starbucks,448-933,(541) 488-1195,CO,120 East Main Street,,,Ashland,OR,US,975201829,-122.71,42.20,-480,Pacific Standard Time,GMT-08:00 America/Los_Angeles,12/8/2013 5:41:59 PM,2/3/2017 12:00:00 AM
64ecc7ae-bf0f-45e5-9e0e-c1a93ff7d32c,1007567,Fred Meyer Seattle #28,Starbucks,22589-221824,(206) 433-6411,LS,14300 1st Ave S,,,Seattle,WA,US,98168,-122.33,47.48,-480,Pacific Standard Time,GMT-08:00 America/Los_Angeles,6/4/2014 12:00:00 AM,2/3/2017 12:00:00 AM
2871186c-1bc5-4d3e-8570-c1da3fbdaed7,12776,Safeway-Olympia #1464,Starbucks,74406-51799,360-956-3782,LS,3215 Harrison Ave,,,Olympia,WA,US,985028704,-122.94,47.05,-480,Pacific Standard Time,GMT-08:00 America/Los_Angeles,12/8/2013 5:41:59 PM,2/3/2017 12:00:00 AM
718b9538-23b9-4f07-8bb2-c1e86e29d601,12169,Park & Clay,Starbucks,470-1963,503-241-4119,CO,1440 S.W. Park Avenue,,,Portland,OR,US,972013400,-122.68,45.51,-480,Pacific Standard Time,GMT-08:00 America/Los_Angeles,12/8/2013 5:41:59 PM,2/3/2017 12:00:00 AM
8347c90b-2b85-4553-a18f-c2070a494b81,1012124,940 Pacific Blvd - Albany,Starbucks,25108-237985,5412201765,CO,940 Pacific Blvd,,,Albany,OR,US,97321,-123.09,44.63,-480,Pacific Standard Time,GMT-08:00 America/Los_Angeles,6/25/2015 12:00:00 AM,2/3/2017 12:00:00 AM
e0e9adbc-b528-4050-a671-c24d6ca476dd,9197,Woodinville,Starbucks,316-262,425-481-6616,CO,14015 NE 175TH Street,,,Woodinville,WA,US,980729068,-122.15,47.75,-480,Pacific Standard Time,GMT-08:00 America/Los_Angeles,12/8/2013 5:41:59 PM,2/3/2017 12:00:00 AM
620c5366-276a-4959-b8f8-c26856d87019,8511,Fred Meyer-Veradale #351,Starbucks,79243-94697,509-921-5350,LS,15609 E Sprague Ave,,,Veradale,WA,US,990375003,-117.19,47.66,-480,Pacific Standard Time,GMT-08:00 America/Los_Angeles,12/8/2013 5:41:59 PM,2/3/2017 12:00:00 AM
5cce8a9a-249d-400f-b4a4-c28a3bdfa76f,16759,Univ. of Wash / Tacoma,Starbucks,3226-582,(253) 573-1789,CO,1748 Pacific Ave,,,Tacoma,WA,US,984023215,-122.44,47.25,-480,Pacific Standard Time,GMT-08:00 America/Los_Angeles,12/8/2013 5:41:59 PM,2/3/2017 12:00:00 AM
52cf973f-8293-43e4-855c-c2df2f1f82e6,113974,Fred Meyer-Seattle #122,Starbucks,16763-96479,206-784-9600,LS,100 NW 85th Ave,,,Seattle,WA,US,981173058,-122.36,47.69,-480,Pacific Standard Time,GMT-08:00 America/Los_Angeles,12/8/2013 5:41:59 PM,2/3/2017 12:00:00 AM
0397004a-1246-4f10-bcf9-c3051db20378,52117,Hwy 97 & Reed - Bend,Starbucks,441-159826,5413301998,CO,61470 SW Hwy 97,Suite T-8,,Bend,OR,US,97702,-121.31,44.03,-480,Pacific Standard Time,GMT-08:00 America/Los_Angeles,12/8/2013 5:41:59 PM,2/3/2017 12:00:00 AM
536122af-c0e9-4540-9702-c323f712882b,11108,Ballinger Village,Starbucks,3316-4860,206/440-9305,CO,20132 Ballinger Way NE,,Ballinger Village Shopping Center,Shoreline,WA,US,981551117,-122.31,47.78,-480,Pacific Standard Time,GMT-08:00 America/Los_Angeles,12/8/2013 5:41:59 PM,2/3/2017 12:00:00 AM
d234c860-2f07-4546-af40-c38af436faa8,13129,Fred Meyer-Canby #651,Starbucks,72234-22482,503-263-4100,LS,1401 SE 1st Street,,,Canby,OR,US,970136769,-122.68,45.27,-480,Pacific Standard Time,GMT-08:00 America/Los_Angeles,12/8/2013 5:41:59 PM,2/3/2017 12:00:00 AM
8b12302c-c3cf-463f-9a2f-c492c63127b7,11553,Safeway-Portland #1627,Starbucks,74193-26809,503-772-4440,LS,3940 SE Powell,,,Portland,OR,US,972021722,-122.62,45.50,-480,Pacific Standard Time,GMT-08:00 America/Los_Angeles,12/8/2013 5:41:59 PM,2/3/2017 12:00:00 AM
b80c3e4c-dfac-4584-b76a-c4cb6adc6d8d,16985,Duvall Commons- Duvall,Starbucks,10763-102131,425-788-2086,CO,26304 NE Big Rock Rd,Bldg B,,Duvall,WA,US,980199011,-121.99,47.73,-480,Pacific Standard Time,GMT-08:00 America/Los_Angeles,12/8/2013 5:41:59 PM,2/3/2017 12:00:00 AM
8aeea64c-4def-434d-8186-c4e020436635,11687,Sleater-Kinney,Starbucks,383-209,(360) 491-8247,CO,700 Sleater-Kinney Road SE,Ste D,,Lacey,WA,US,985031113,-122.83,47.04,-480,Pacific Standard Time,GMT-08:00 America/Los_Angeles,12/8/2013 5:41:59 PM,2/3/2017 12:00:00 AM
27eebab5-b02e-439d-880d-c5089125fa05,15770,Albertsons 3529 @ Eugene,Starbucks,73187-21447,541-485-7027,LS,1675 W. 18th & Chambers,,,Eugene,OR,US,97402,-123.12,44.04,-480,Pacific Standard Time,GMT-08:00 America/Los_Angeles,12/8/2013 5:41:59 PM,2/3/2017 12:00:00 AM
341d0b4e-5a74-4963-a2ca-c5167070d272,1009007,Safeway - Woodland #1762,Starbucks,74764-103813,360-225-4370,LS,1725 Pacific Ave,,,Woodland,WA,US,986748481,-122.75,45.91,-480,Pacific Standard Time,GMT-08:00 America/Los_Angeles,1/15/2015 12:00:00 AM,2/3/2017 12:00:00 AM
6283cadd-52f8-47a9-839d-c5478411a2ad,18312,Safeway #1642 - Pendleton,Starbucks,79623-112846,,LS,203 SW 20th St,,,Pendleton,OR,US,97801,-118.81,45.67,-480,Pacific Standard Time,GMT-08:00 America/Los_Angeles,12/8/2013 5:41:59 PM,2/3/2017 12:00:00 AM
ff95efcb-52e2-49b1-a90f-c58afe3ad088,15240,St. Johns,Starbucks,431-151,(503) 289-2310,CO,8539 N Lombard,,,Portland,OR,US,972033103,-122.75,45.59,-480,Pacific Standard Time,GMT-08:00 America/Los_Angeles,12/8/2013 5:41:59 PM,2/3/2017 12:00:00 AM
f1cacc7d-f241-4ce9-aed2-c5bea8a27272,8358,Cascade Village - Bend,Starbucks,9725-96903,541-382-2687,CO,63455 North Highway 97,53,,Bend,OR,US,977016764,-121.30,44.10,-480,Pacific Standard Time,GMT-08:00 America/Los_Angeles,12/8/2013 5:41:59 PM,2/3/2017 12:00:00 AM
6b66e204-fbb0-4eef-a175-c676f54cb8b8,7895,Safeway - Yakima #1235,Starbucks,74930-102103,509-452-8860,LS,2204-A W Nob Hill Blvd,,,Yakima,WA,US,989026200,-120.54,46.58,-480,Pacific Standard Time,GMT-08:00 America/Los_Angeles,12/8/2013 5:41:59 PM,2/3/2017 12:00:00 AM
3c740d08-588b-4e9d-a49b-c683994bf574,16743,Hedges Green / Tualatin,Starbucks,457-52,(503) 691-9448,CO,8639 SW Tualatin Sherwood Road,,Hedges Green Shopping Center,Tualatin,OR,US,970628559,-122.77,45.38,-480,Pacific Standard Time,GMT-08:00 America/Los_Angeles,12/8/2013 5:41:59 PM,2/3/2017 12:00:00 AM
04d2e4f4-dd83-454c-9b7a-c6bd4252defa,1016832,Cedar River Station,Starbucks,29220-253044,4257570025,CO,152nd Ave SE & SE Renton Maple Valley Hw,,,Renton,WA,US,98058,-122.14,47.46,-480,Pacific Standard Time,GMT-08:00 America/Los_Angeles,1/11/2017 12:00:00 AM,2/3/2017 12:00:00 AM
e6e06286-95b4-4be3-8c91-c6c62aa373c0,10817,Safeway - Ephrata  #1544,Starbucks,79774-139752,509-754-3895,LS,1150 Basin St NW,,,Ephrata,WA,US,988239603,-119.56,47.31,-480,Pacific Standard Time,GMT-08:00 America/Los_Angeles,12/8/2013 5:41:59 PM,2/3/2017 12:00:00 AM
0dfe2bfb-2f70-4904-b471-c71a8e18ab2f,89252,3rd & Seneca,Starbucks,15719-172425,206-467-3079,CO,1201 3rd Ave,,,Seattle,WA,US,981013029,-122.34,47.61,-480,Pacific Standard Time,GMT-08:00 America/Los_Angeles,12/8/2013 5:41:59 PM,2/3/2017 12:00:00 AM
04f7d479-0692-4a2a-a2cb-c7247a35bde0,8997,Gresham Station,Starbucks,483-12793,503-667-9943,CO,1018 NW Civic,,,Gresham,OR,US,970305516,-122.44,45.50,-480,Pacific Standard Time,GMT-08:00 America/Los_Angeles,12/8/2013 5:41:59 PM,2/3/2017 12:00:00 AM
9b8924d5-3c09-4898-aa19-c72b5da52110,12206,Safeway-Spokane #1799,Starbucks,74251-51959,509-484-9928,LS,3919 N Market St,,,Spokane,WA,US,992075813,-117.37,47.69,-480,Pacific Standard Time,GMT-08:00 America/Los_Angeles,12/8/2013 5:41:59 PM,2/3/2017 12:00:00 AM
8b1fff32-22b6-4e5f-8d0a-c732a6121a0e,17514,Safeway-Stayton #1527,Starbucks,74863-97824,503-769-4814,LS,1535 N 1st Ave,,,Stayton,OR,US,973831213,-122.80,44.81,-480,Pacific Standard Time,GMT-08:00 America/Los_Angeles,12/8/2013 5:41:59 PM,2/3/2017 12:00:00 AM
0d66995d-8ffc-4a10-a757-c7441d3459c4,1010308,39 W Broadway,Starbucks,3416-222547,5413387951,CO,39 W Broadway,,39 W Broadway,Eugene,OR,US,97401,-123.09,44.05,-480,Pacific Standard Time,GMT-08:00 America/Los_Angeles,8/13/2014 12:00:00 AM,2/3/2017 12:00:00 AM
b59e5d3b-0dfd-4d40-84d1-c74950ca00a0,16558,Highland Marketplace,Starbucks,3272-1807,425-793-8275,CO,4710 NE 4th St,C105,Highland Marketplace,Renton,WA,US,980594865,-122.16,47.49,-480,Pacific Standard Time,GMT-08:00 America/Los_Angeles,12/8/2013 5:41:59 PM,2/3/2017 12:00:00 AM
b45f6855-1851-4b0c-8fe3-c75456f7faf9,14342,Clearview Plaza,Starbucks,8702-94287,360-668-5132,CO,17408 State Route 9 SE,,,Snohomish,WA,US,982968322,-122.12,47.84,-480,Pacific Standard Time,GMT-08:00 America/Los_Angeles,12/8/2013 5:41:59 PM,2/3/2017 12:00:00 AM
e5895c97-e3aa-4c9d-84e3-c75667ddb897,12286,Capitol Hill,Starbucks,304-70,(206) 323-7888,CO,434 Broadway Ave E,,,Seattle,WA,US,981025010,-122.32,47.62,-480,Pacific Standard Time,GMT-08:00 America/Los_Angeles,12/8/2013 5:41:59 PM,2/3/2017 12:00:00 AM
21004cfc-e6ba-42f5-8e4d-c830a36a7af6,1009595,Target Olympia T-607,Starbucks,23937-233389,360-943-9955,LS,2925 Harrison Ave NW,,,Olympia,WA,US,98502,-122.94,47.05,-480,Pacific Standard Time,GMT-08:00 America/Los_Angeles,12/30/2014 12:00:00 AM,2/3/2017 12:00:00 AM
65946fee-a8a5-4452-8bdf-c884450a9a4b,1013177,Hwy 104 - Kingston,Starbucks,26735-244827,360-633-0609,CO,8215 NE State HWY 104,101,,Kingston,WA,US,98346,-122.54,47.81,-480,Pacific Standard Time,GMT-08:00 America/Los_Angeles,9/23/2015 12:00:00 AM,2/3/2017 12:00:00 AM
1f2235ed-166c-4660-9612-c8b7f8f8454b,11982,Overlake Village,Starbucks,369-247,425-869-5816,CO,15000 NE 24th Street,,,Redmond,WA,US,980525531,-122.14,47.63,-480,Pacific Standard Time,GMT-08:00 America/Los_Angeles,12/8/2013 5:41:59 PM,2/3/2017 12:00:00 AM
022a106e-4150-49bd-8fae-c8f51bc63406,6788,Snoqualmie Ridge- Snoqualmie,Starbucks,10707-9255,425-396-0646,CO,7730 Center Blvd. SE,A,Snoqualmie Ridge Retail Center,Snoqualmie,WA,US,980658743,-121.87,47.53,-480,Pacific Standard Time,GMT-08:00 America/Los_Angeles,12/8/2013 5:41:59 PM,2/3/2017 12:00:00 AM
90b5345a-5e91-4091-8197-c90a86b61ff9,14631,QFC - Mukilteo #832,Starbucks,79303-100352,425-290-6166,LS,11700 Mukilteo Speedway,,,Mukilteo,WA,US,982755432,-122.29,47.89,-480,Pacific Standard Time,GMT-08:00 America/Los_Angeles,12/8/2013 5:41:59 PM,2/3/2017 12:00:00 AM
333f730f-85b5-4501-9cad-c94a20a1b9d5,8526,Center Drive DuPont,Starbucks,9304-88084,253-964-0764,CO,1125 Center Drive,160,,Dupont,WA,US,983277729,-122.65,47.09,-480,Pacific Standard Time,GMT-08:00 America/Los_Angeles,12/8/2013 5:41:59 PM,2/3/2017 12:00:00 AM
8572e075-54df-4834-ab0c-c975abc083d7,14991,Downtown Bend,Starbucks,445-534,(541) 382-9438,CO,812 NW Wall Street,,,Bend,OR,US,977012715,-121.31,44.06,-480,Pacific Standard Time,GMT-08:00 America/Los_Angeles,12/8/2013 5:41:59 PM,2/3/2017 12:00:00 AM
bdce6d55-deb3-454d-98c3-c98e09e14e77,1013222,Berg Pkwy & Hwy 99 - Canby,Starbucks,25772-239626,5033138798,CO,1075 SW 1st Ave,Suite A,,Canby,OR,US,97013,-122.70,45.26,-480,Pacific Standard Time,GMT-08:00 America/Los_Angeles,10/1/2015 12:00:00 AM,2/3/2017 12:00:00 AM
ed509487-d6a5-4165-a717-c99af08aeab2,1014586,Franklin & Villard - Eugene,Starbucks,27299-245302,5415213052,CO,1895 Franklin Blvd,,,Eugene,OR,US,974031984,-123.06,44.05,-480,Pacific Standard Time,GMT-08:00 America/Los_Angeles,4/12/2016 12:00:00 AM,2/3/2017 12:00:00 AM
c8f37b95-3612-4404-985e-c9c5f316f66a,1006376,Pacific Hwy & 288th,Starbucks,20832-197726,2539414440,CO,28722 Pacific Hwy S,,,Federal Way,WA,US,98003,-122.31,47.34,-480,Pacific Standard Time,GMT-08:00 America/Los_Angeles,12/14/2013 12:00:00 AM,2/3/2017 12:00:00 AM
61887fcd-4897-41b5-a29c-c9d5f3b0251b,11794,72nd & Tieton,Starbucks,3370-56519,509-965-4950,CO,420 South 72nd Ave,,Orchard Shopping Center,Yakima,WA,US,989081688,-120.60,46.59,-480,Pacific Standard Time,GMT-08:00 America/Los_Angeles,12/8/2013 5:41:59 PM,2/3/2017 12:00:00 AM
e9fbc5a0-be4f-4afd-b554-c9de4886240f,7229,Fred Meyer-Puyallup #424,Starbucks,79305-93992,253-445-7840,LS,17404 Meridian E,,,Puyallup,WA,US,983756234,-122.30,47.10,-480,Pacific Standard Time,GMT-08:00 America/Los_Angeles,12/8/2013 5:41:59 PM,2/3/2017 12:00:00 AM
227b980f-fbdb-4b80-80fc-ca235b191035,16557,Pacific Place,Starbucks,3261-866,206-264-1607,CO,600 Pine Street,Ste. 25,Pacific Place,Seattle,WA,US,981222324,-122.34,47.61,-480,Pacific Standard Time,GMT-08:00 America/Los_Angeles,12/8/2013 5:41:59 PM,2/3/2017 12:00:00 AM
83c2f764-10c8-4804-bb04-ca9977576d96,15244,Oswego Town Square,Starbucks,461-1346,(503) 675-9097,CO,3 Monroe Parkway,#Z,Oswego Town Square,Lake Oswego,OR,US,970358875,-122.70,45.43,-480,Pacific Standard Time,GMT-08:00 America/Los_Angeles,12/8/2013 5:41:59 PM,2/3/2017 12:00:00 AM
ef625390-1e1b-4c9e-a16f-cab4fe49459c,1010005,Fremont Ave,Starbucks,370-211284,,CO,3401 Fremont Avenue N,3401,,Seattle,WA,US,98103,-122.35,47.65,-480,Pacific Standard Time,GMT-08:00 America/Los_Angeles,7/17/2014 12:00:00 AM,2/3/2017 12:00:00 AM
a4677d87-4bd0-4941-9aad-cae24e36d025,9766,Pacific Highway & Willow St-Fife,Starbucks,9318-94483,253-922-6193,CO,4756 Pacific Highway East,110,,Fife,WA,US,984242680,-122.37,47.24,-480,Pacific Standard Time,GMT-08:00 America/Los_Angeles,12/8/2013 5:41:59 PM,2/3/2017 12:00:00 AM
901760a4-9e5c-4fc8-bf89-cafe5d6cc9e7,1014364,Target Albany T 609,Starbucks,27541-244910,541-926-5727,LS,2255 14th Ave SE,,,Albany,OR,US,97322,-123.08,44.63,-480,Pacific Standard Time,GMT-08:00 America/Los_Angeles,3/8/2016 12:00:00 AM,2/3/2017 12:00:00 AM
4dc5a596-6fa0-404a-a3ea-cb5a28a7c448,16098,Broadway & Argonne,Starbucks,8849-95002,509-892-0669,CO,9119 E Broadway,,,Spokane Valley,WA,US,992063895,-117.28,47.66,-480,Pacific Standard Time,GMT-08:00 America/Los_Angeles,12/8/2013 5:41:59 PM,2/3/2017 12:00:00 AM
d4b0826a-cf8e-4dc8-98a3-cb7a80de9f9c,65674,Safeway-West Seattle #2932,Starbucks,15947-155025,206-937-2272,LS,2622 California Ave SW,,,Seattle,WA,US,981162459,-122.39,47.58,-480,Pacific Standard Time,GMT-08:00 America/Los_Angeles,12/8/2013 5:41:59 PM,2/3/2017 12:00:00 AM
06ea7914-c675-492c-b5ac-cb8a39b3c4f9,1005213,QFC - Mill Creek #856,Starbucks,19133-198766,425-742-3240,LS,926 164th St,,,Mill Creek,WA,US,98012,-122.22,47.85,-480,Pacific Standard Time,GMT-08:00 America/Los_Angeles,12/8/2013 5:41:59 PM,2/3/2017 12:00:00 AM
968b4a04-9a9e-4ec8-a27c-cb902a7415e7,16389,Alderwood Mall Parkway,Starbucks,8889-95129,425-774-7728,CO,19220 Alderwood Mall Parkway,100,Alderwood Mall Parkway,Lynnwood,WA,US,980364800,-122.27,47.82,-480,Pacific Standard Time,GMT-08:00 America/Los_Angeles,12/8/2013 5:41:59 PM,2/3/2017 12:00:00 AM
e46fea67-59ea-4886-aa80-ccb9b54de830,8038,Tektronix,Starbucks,75291-98412,503-627-6921,LS,1400 SW Karl Braun Dr,,,Beaverton,OR,US,97077,-122.80,45.49,-480,Pacific Standard Time,GMT-08:00 America/Los_Angeles,12/8/2013 5:41:59 PM,2/3/2017 12:00:00 AM
0ba354e4-7a74-4767-b755-cd0da077aead,15730,320th Street - Federal Way,Starbucks,3385-73841,253-529-3934,CO,2032 South 320th St,,,Federal Way,WA,US,980035415,-122.31,47.32,-480,Pacific Standard Time,GMT-08:00 America/Los_Angeles,12/8/2013 5:41:59 PM,2/3/2017 12:00:00 AM
94a12c57-e272-4434-a09c-cd3f54bd1152,7786,709 Southgate- Pendleton,Starbucks,10402-100742,541-276-1738,CO,709 Southgate,,,Pendleton,OR,US,978013946,-118.81,45.66,-480,Pacific Standard Time,GMT-08:00 America/Los_Angeles,12/8/2013 5:41:59 PM,2/3/2017 12:00:00 AM
530f7449-7895-4456-9f58-cd93ae4f01dd,8999,Heritage Place,Starbucks,3344-28067,360-699-0684,CO,304 W 8th St,,Heritage Place East Building,Vancouver,WA,US,986603112,-122.67,45.63,-480,Pacific Standard Time,GMT-08:00 America/Los_Angeles,12/8/2013 5:41:59 PM,2/3/2017 12:00:00 AM
c8af092c-3f1d-44b4-92f9-cde4b526684b,9547,3rd and Pike,Starbucks,9408-96539,206-625-5177,CO,221 Pike Street,,,Seattle,WA,US,981012107,-122.34,47.61,-480,Pacific Standard Time,GMT-08:00 America/Los_Angeles,12/8/2013 5:41:59 PM,2/3/2017 12:00:00 AM
42b21b01-b0c1-46b8-ac7f-ce55334458c3,13447,Gig Harbor North,Starbucks,3352-43239,253-851-8312,CO,5151 Borgen Blvd.,,Gig Harbor North,Gig Harbor,WA,US,983327892,-122.61,47.36,-480,Pacific Standard Time,GMT-08:00 America/Los_Angeles,12/8/2013 5:41:59 PM,2/3/2017 12:00:00 AM
efbf2aae-a8c8-4fcb-ae61-ce7c809070ec,16789,Alki Ave.,Starbucks,3306-2068,206-933-6974,CO,2742 Alki Ave SW,,,Seattle,WA,US,981162812,-122.41,47.58,-480,Pacific Standard Time,GMT-08:00 America/Los_Angeles,12/8/2013 5:41:59 PM,2/3/2017 12:00:00 AM
91902b42-a272-4588-bdb4-ceba0cfab879,14405,I-105 & Mohawk,Starbucks,2976-93539,541-726-6530,CO,1661 Mohawk Blvd.,,,Springfield,OR,US,974773357,-123.00,44.06,-480,Pacific Standard Time,GMT-08:00 America/Los_Angeles,12/8/2013 5:41:59 PM,2/3/2017 12:00:00 AM
b08a6c1e-9447-4cdb-9134-cebf180762d9,14608,Haggen - Oak Harbor #2124,Starbucks,74882-99767,360-6798058,LS,"31565 State Route 20, #1",,,Oak Harbor,WA,US,982773172,-122.66,48.29,-480,Pacific Standard Time,GMT-08:00 America/Los_Angeles,12/8/2013 5:41:59 PM,2/3/2017 12:00:00 AM
29facf65-d4a7-4ab7-9574-cec90cd2790f,1005567,Linfield College,Starbucks,19454-194884,503-883-2555,LS,900 SE Baker St,,,McMinnville,OR,US,97128,-123.20,45.20,-480,Pacific Standard Time,GMT-08:00 America/Los_Angeles,12/8/2013 5:41:59 PM,2/3/2017 12:00:00 AM
cdd6e9f0-696c-4aee-85b3-ced5682b0d86,1006634,Safeway - Poulsbo 3148,Starbucks,20160-203525,360-394-0023,LS,19245 10th Ave NE,,,Poulsbo,WA,US,98370,-122.64,47.74,-480,Pacific Standard Time,GMT-08:00 America/Los_Angeles,7/3/2014 12:00:00 AM,2/3/2017 12:00:00 AM
3554cd20-e20b-45b6-bf4a-cf298c1238f6,14864,Downtown Everett,Starbucks,3319-20879,425-339-2688,CO,2823 Colby Avenue,,,Everett,WA,US,982013512,-122.21,47.98,-480,Pacific Standard Time,GMT-08:00 America/Los_Angeles,12/8/2013 5:41:59 PM,2/3/2017 12:00:00 AM
f3713fce-c5ee-4278-8587-cf4e2bba9c5d,17053,112th & 4th Plain- Vancouver,Starbucks,11671-104561,360-253-4249,CO,11211 NE 4th Plain Blvd,# 103,,Vancouver,WA,US,986625806,-122.56,45.67,-480,Pacific Standard Time,GMT-08:00 America/Los_Angeles,12/8/2013 5:41:59 PM,2/3/2017 12:00:00 AM
9a12c4ca-816e-4ce7-8f8d-cfa77b84596e,16883,Fred Meyer - South Salem #355,Starbucks,72911-83342,503-585-7322,LS,3450 Commercial St SE,,,Salem,OR,US,973024635,-123.04,44.91,-480,Pacific Standard Time,GMT-08:00 America/Los_Angeles,12/8/2013 5:41:59 PM,2/3/2017 12:00:00 AM
8c3740d4-bb4b-4401-8994-d00bdb9773dd,1006642,Safeway-North Bend #1528,Starbucks,20318-94720,425-831-2122,LS,460 SW Mt SI Blvd,,,North Bend,WA,US,980458291,-121.79,47.49,-480,Pacific Standard Time,GMT-08:00 America/Los_Angeles,2/19/2014 12:00:00 AM,2/3/2017 12:00:00 AM
395abf0b-78ef-4ed7-8a6c-d05e56de4f56,7727,Safeway - Chehalis #3525,Starbucks,79724-101471,(360) 748-3777,LS,1100 S Market Blvd,,,Chehalis,WA,US,985323428,-122.95,46.65,-480,Pacific Standard Time,GMT-08:00 America/Los_Angeles,12/8/2013 5:41:59 PM,2/3/2017 12:00:00 AM
05c0f760-79d1-4d4a-82ed-d0b15d519fba,1005604,"Hwy 97 & Veterans - Redmond, OR",Starbucks,19821-154084,5419234188,CO,1400 SW Canal Boulevard,101,,Redmond,OR,US,97756,-121.18,44.26,-480,Pacific Standard Time,GMT-08:00 America/Los_Angeles,12/8/2013 5:41:59 PM,2/3/2017 12:00:00 AM
febfb862-a958-484d-b9d8-d1643a6d009b,17973,Safeway - Bend #1888,Starbucks,74365-112985,541-389-0085,LS,320 SW Century Dr,,,Bend,OR,US,977021189,-121.33,44.05,-480,Pacific Standard Time,GMT-08:00 America/Los_Angeles,12/8/2013 5:41:59 PM,2/3/2017 12:00:00 AM
4c3b7149-87c2-4d29-95a5-d1e43dbb2f42,7829,Safeway - Vancouver #1103,Starbucks,74945-102655,360-992-5720,LS,6701 East Mill Plain,,,Vancouver,WA,US,986617459,-122.60,45.63,-480,Pacific Standard Time,GMT-08:00 America/Los_Angeles,12/8/2013 5:41:59 PM,2/3/2017 12:00:00 AM
39917329-9d2e-4de8-b471-d20c735f1ada,18445,Hawthorne,Starbucks,405-177,(503) 234-1757,CO,3639 SE Hawthorne Avenue,,,Portland,OR,US,972145143,-122.63,45.51,-480,Pacific Standard Time,GMT-08:00 America/Los_Angeles,12/8/2013 5:41:59 PM,2/3/2017 12:00:00 AM
5a8d5a01-e8f7-4d2d-9f09-d21359dcc277,14164,19th & E Baseline,Starbucks,2794-85624,503-357-6858,CO,1882 East Baseline Street,,,Cornelias,OR,US,971138208,-123.05,45.52,-480,Pacific Standard Time,GMT-08:00 America/Los_Angeles,12/8/2013 5:41:59 PM,2/3/2017 12:00:00 AM
7808eac9-0d42-4a99-88e3-d23c0236318c,12337,15th & Fremont,Starbucks,475-7987,503/249-2874,CO,3507 N.E. 15th Avenue,,,Portland,OR,US,972122356,-122.65,45.55,-480,Pacific Standard Time,GMT-08:00 America/Los_Angeles,12/8/2013 5:41:59 PM,2/3/2017 12:00:00 AM
85a3e2f3-9f7f-49f2-a40d-d261253aa45a,11933,Safeway-Vancouver #1704,Starbucks,74134-26787,360-944-2680,LS,6700 NE 162nd Ave. Suite 500,,,Vancouver,WA,US,986823864,-122.51,45.67,-480,Pacific Standard Time,GMT-08:00 America/Los_Angeles,12/8/2013 5:41:59 PM,2/3/2017 12:00:00 AM
f1eaa4d0-ecbc-430e-a810-d2b6e804d4b4,7566,132nd & Meridian- Puyallup,Starbucks,13281-105890,253/845-4053,CO,10219 132nd Street East,Suite #404,,Puyallup,WA,US,983744604,-122.29,47.14,-480,Pacific Standard Time,GMT-08:00 America/Los_Angeles,12/8/2013 5:41:59 PM,2/3/2017 12:00:00 AM
b157e5d8-f15f-49d1-9186-d300ef5d3561,16573,9th & Park,Starbucks,8719-94366,503-241-1281,CO,1717 S.W. Park Ave,Suite D,,Portland,OR,US,972013267,-122.69,45.51,-480,Pacific Standard Time,GMT-08:00 America/Los_Angeles,12/8/2013 5:41:59 PM,2/3/2017 12:00:00 AM
15bb9d1e-4bfb-4f55-aa8f-d303aac2933a,1010887,Hwy 26 - Sandy,Starbucks,3373-219105,,CO,37151 US 26,,,Sandy,OR,US,97055,-122.28,45.40,-480,Pacific Standard Time,GMT-08:00 America/Los_Angeles,10/22/2014 12:00:00 AM,2/3/2017 12:00:00 AM
71044315-3a9a-439e-8acd-d38d4786ab44,9626,Safeway - Dallas -#4404,Starbucks,74778-98723,503-831-6000,LS,138 W Ellendale Ave,,,Dallas,OR,US,973381408,-123.31,44.93,-480,Pacific Standard Time,GMT-08:00 America/Los_Angeles,12/8/2013 5:41:59 PM,2/3/2017 12:00:00 AM
4033d334-1783-4827-be93-d3ea599ee5bb,13096,Safeway-Corvallis #1690,Starbucks,74345-82461,541-753-2966,LS,590 NE Circle Blvd,,,Corvallis,OR,US,973306828,-123.25,44.59,-480,Pacific Standard Time,GMT-08:00 America/Los_Angeles,12/8/2013 5:41:59 PM,2/3/2017 12:00:00 AM
2a578e70-d056-49bc-99d5-d42a8f644495,6432,Westlake & Thomas - Seattle,Starbucks,13915-105892,206-382-4624,CO,330 Westlake Ave N,,,Seattle,WA,US,981095218,-122.34,47.62,-480,Pacific Standard Time,GMT-08:00 America/Los_Angeles,12/8/2013 5:41:59 PM,2/3/2017 12:00:00 AM
9e18e40b-e936-40b7-a867-d450acedb7c5,13713,Safeway-Cedar Mill #1525,Starbucks,74426-93972,503-350-2080,LS,13485 NW Cornell Rd,,,Portland,OR,US,972295819,-122.81,45.53,-480,Pacific Standard Time,GMT-08:00 America/Los_Angeles,12/8/2013 5:41:59 PM,2/3/2017 12:00:00 AM
52736d20-b4ef-451b-b195-d467e041721c,11399,Gateway,Starbucks,480-12794,503/251-2164,CO,10112 N.E. HALSEY Street,,Gateway,Portland,OR,US,972204476,-122.56,45.53,-480,Pacific Standard Time,GMT-08:00 America/Los_Angeles,12/8/2013 5:41:59 PM,2/3/2017 12:00:00 AM
b6d130f0-a6a2-460e-ac68-d4e5952d89d0,1013313,Fred Meyer-Lynnwood #180,Starbucks,28276-94930,425-670-0200,LS,4615 196th St SW,,,Lynnwood,WA,US,980365596,-122.30,47.82,-480,Pacific Standard Time,GMT-08:00 America/Los_Angeles,11/24/2015 12:00:00 AM,2/3/2017 12:00:00 AM
7778405e-9dc9-4b95-80d3-d4eececde13e,11959,5th & Oak/US Bank Tower,Starbucks,469-1380,(503) 226-8286,CO,555 S.W. Oak Street,,,Portland,OR,US,972041706,-122.68,45.52,-480,Pacific Standard Time,GMT-08:00 America/Los_Angeles,12/8/2013 5:41:59 PM,2/3/2017 12:00:00 AM
dbc8ee2b-c1c4-4056-9ab7-d514d5ce69bc,12290,Silverdale,Starbucks,371-32,(360) 613-9747,CO,10516 Silverdale Way NW,Ste 126,,Silverdale,WA,US,983838745,-122.69,47.66,-480,Pacific Standard Time,GMT-08:00 America/Los_Angeles,12/8/2013 5:41:59 PM,2/3/2017 12:00:00 AM
348c4e07-f1c8-4e69-8535-d516de6f942f,8776,Dash Point,Starbucks,3252-1830,(253) 942-3907,CO,1656 SW Dash Point Road,,,Federal Way,WA,US,980234530,-122.36,47.32,-480,Pacific Standard Time,GMT-08:00 America/Los_Angeles,12/8/2013 5:41:59 PM,2/3/2017 12:00:00 AM
e0db00d1-cfa1-47df-8761-d59d6a941e14,11288,Eastport Plaza,Starbucks,3399-77141,503/788-0608,CO,4328 SE 82nd Ave,Building H,,Portland,OR,US,972662952,-122.58,45.49,-480,Pacific Standard Time,GMT-08:00 America/Los_Angeles,12/8/2013 5:41:59 PM,2/3/2017 12:00:00 AM
6d07dd4a-2106-4549-8fe6-d5bd7bf7bdf5,8282,Safeway-Longview #1078,Starbucks,74819-97825,360-575-6240,LS,2930 Ocean Beach Hwy,,,Longview,WA,US,986323514,-122.96,46.15,-480,Pacific Standard Time,GMT-08:00 America/Los_Angeles,12/8/2013 5:41:59 PM,2/3/2017 12:00:00 AM
cf4a7117-bc8e-4ad1-9d98-d5e012bbdcc0,9076,Vancouver Mall,Starbucks,344-224,(360) 896-0640,CO,8700 NE Vancouver Mall Drive,,,Vancouver,WA,US,986626750,-122.58,45.66,-480,Pacific Standard Time,GMT-08:00 America/Los_Angeles,12/8/2013 5:41:59 PM,2/3/2017 12:00:00 AM
bd40ff6e-bd48-42ed-8fb1-d7229299294b,16986,216 W Manson Hwy,Starbucks,10530-99246,509-682-0715,CO,216 W Manson Hwy,,,Chelan,WA,US,988168687,-120.02,47.84,-480,Pacific Standard Time,GMT-08:00 America/Los_Angeles,12/8/2013 5:41:59 PM,2/3/2017 12:00:00 AM
b9f7ab55-42c6-44fa-a6da-d74835bb5d35,12542,North Coast Hwy & 2nd St-Newport,Starbucks,8842-93348,541-265-8610,CO,122 N. Coast Highway,,,Newport,OR,US,973653121,-124.05,44.64,-480,Pacific Standard Time,GMT-08:00 America/Los_Angeles,12/8/2013 5:41:59 PM,2/3/2017 12:00:00 AM
045559b6-ead2-4a9c-ba15-d7a6daae4a15,8689,Belltown,Starbucks,3218-874,2069564322,CO,2326 1st Avenue,,Austin - Bell bldg.,Seattle,WA,US,981211617,-122.35,47.61,-480,Pacific Standard Time,GMT-08:00 America/Los_Angeles,12/8/2013 5:41:59 PM,2/3/2017 12:00:00 AM
0ec7f844-673d-4fa7-9887-d7aaa9558c63,12182,City Center - Bellevue,Starbucks,3208-288,(425) 637-6513,CO,500-108th Avenue NE,Suite 1A1,,Bellevue,WA,US,980045582,-122.20,47.62,-480,Pacific Standard Time,GMT-08:00 America/Los_Angeles,12/8/2013 5:41:59 PM,2/3/2017 12:00:00 AM
f4418a2a-f88a-4656-84e6-d85fa2c98a29,7213,2712 Island Ave-La Grande,Starbucks,10401-100738,541-663-0946,CO,2712 Island Ave,101,,La Grande,OR,US,97850,-118.07,45.33,-480,Pacific Standard Time,GMT-08:00 America/Los_Angeles,12/8/2013 5:41:59 PM,2/3/2017 12:00:00 AM
5d52b8de-470e-496c-9549-d8c54facce2f,14430,Safeway-Milwaukie #2696,Starbucks,74468-95924,503-303-1071,LS,14840 SE Webster Rd,,,Milwaukie,OR,US,972673249,-122.59,45.42,-480,Pacific Standard Time,GMT-08:00 America/Los_Angeles,12/8/2013 5:41:59 PM,2/3/2017 12:00:00 AM
d38f4b3c-1e44-4b71-ae3f-d94d275ba2dc,13059,Lake City Way & 120th,Starbucks,3402-78202,206-364-2490,CO,12001 Lake City Way NE,,,Seattle,WA,US,981255331,-122.30,47.72,-480,Pacific Standard Time,GMT-08:00 America/Los_Angeles,12/8/2013 5:41:59 PM,2/3/2017 12:00:00 AM
5d11db6c-d25b-4e4d-a077-d94f9cd6f24a,17149,Safeway-Beaverton #1073,Starbucks,79525-97822,,LS,6194 SW Murray Blvd,,,Beaverton,OR,US,970084420,-122.83,45.48,-480,Pacific Standard Time,GMT-08:00 America/Los_Angeles,12/8/2013 5:41:59 PM,2/3/2017 12:00:00 AM
7c88eae6-9850-45b7-b1c8-d9ae17319982,1009596,Sunriver Resort,Starbucks,23938-229066,5415934999,LS,57057 Beaver Dr,,,Sunriver,OR,US,97707,-121.44,43.87,-480,Pacific Standard Time,GMT-08:00 America/Los_Angeles,12/31/2014 12:00:00 AM,2/3/2017 12:00:00 AM
0f4881d0-afe5-4e90-a486-d9af29ab2836,13081,Safeway-Lacey #543,Starbucks,74270-52119,360-438-0203,LS,4700 Yelm Rd SE,,,Lacey,WA,US,985034986,-122.82,47.00,-480,Pacific Standard Time,GMT-08:00 America/Los_Angeles,12/8/2013 5:41:59 PM,2/3/2017 12:00:00 AM
6bea67a9-fce1-4a45-95f0-d9e47d14e7f3,17748,GEG Rotunda A/B,Starbucks,75926-103583,509-624-2397,LS,9000 West Airport Drive,,,Spokane,WA,US,992249437,-117.54,47.63,-480,Pacific Standard Time,GMT-08:00 America/Los_Angeles,12/8/2013 5:41:59 PM,2/3/2017 12:00:00 AM
82d735c3-b3a4-4810-8f8c-d9f9a9b8f0b4,10347,Safeway-Medford #525,Starbucks,79553-98722,541-608-3680,LS,1003 Medford Ctr,,,Medford,OR,US,975046769,-122.87,42.33,-480,Pacific Standard Time,GMT-08:00 America/Los_Angeles,12/8/2013 5:41:59 PM,2/3/2017 12:00:00 AM
78cf36e1-d24d-4bed-a712-da0f4eb5edae,14721,Highway 512 & South Tacoma Way,Starbucks,3451-88086,253-984-0898,CO,10314 S Tacoma Way,,,Lakewood,WA,US,984994646,-122.48,47.16,-480,Pacific Standard Time,GMT-08:00 America/Los_Angeles,12/8/2013 5:41:59 PM,2/3/2017 12:00:00 AM
e2f2a78d-d489-4a7e-99df-da1418438576,16742,Pac-West,Starbucks,450-1004,(503) 525-0954,CO,1211 S.W. 5th Avenue,,Pacwest Center,Portland,OR,US,972041911,-122.68,45.52,-480,Pacific Standard Time,GMT-08:00 America/Los_Angeles,12/8/2013 5:41:59 PM,2/3/2017 12:00:00 AM
62bdf517-beb3-47f8-a54f-da220f275a23,9745,Safeway-Anacortes #593,Starbucks,74770-75586,360-293-5393,LS,911 11th St,,,Anacortes,WA,US,982214131,-122.61,48.51,-480,Pacific Standard Time,GMT-08:00 America/Los_Angeles,12/8/2013 5:41:59 PM,2/3/2017 12:00:00 AM
c9bd2477-2906-40fa-b3d8-da78b380f861,1012582,Covington Esplanade,Starbucks,26665-244824,253-258-1089,CO,27177 185th Ave. S.E.,101,,Covington,WA,US,98042,-122.10,47.36,-480,Pacific Standard Time,GMT-08:00 America/Los_Angeles,8/11/2015 12:00:00 AM,2/3/2017 12:00:00 AM
6fe159cb-2af1-4ff1-aee4-da86745e24aa,6451,Target Renton T-2290,Starbucks,76859-111805,425-207-0067,LS,1215 Landing Way,,,Renton,WA,US,980575521,-122.20,47.50,-480,Pacific Standard Time,GMT-08:00 America/Los_Angeles,12/8/2013 5:41:59 PM,2/3/2017 12:00:00 AM
899c9467-bc75-4873-ad0c-da8ac0e42f24,1014980,Safeway - Burien #3120,Starbucks,48310-262205,206-439-7212,LS,12725 1st Ave S,,,Burien,WA,US,98168,-122.34,47.49,-480,Pacific Standard Time,GMT-08:00 America/Los_Angeles,6/7/2016 12:00:00 AM,2/3/2017 12:00:00 AM
67df7476-dc29-4230-8f7e-db60efd6f06f,15088,Bremerton Conference Center,Starbucks,8847-94359,360-373-8105,CO,80 Washington Avenue,,,Bremerton,WA,US,983371878,-122.63,47.56,-480,Pacific Standard Time,GMT-08:00 America/Los_Angeles,12/8/2013 5:41:59 PM,2/3/2017 12:00:00 AM
34c0ce06-dd06-457b-b8e5-dbfa15d52a3c,12034,Lund & Cathie / Pt.Orchard,Starbucks,3263-1938,360-874-2360,CO,1960 SE Lund St,,,Port Orchard,WA,US,983665525,-122.63,47.52,-480,Pacific Standard Time,GMT-08:00 America/Los_Angeles,12/8/2013 5:41:59 PM,2/3/2017 12:00:00 AM
27766130-0426-4cf5-8972-dc3d501f102f,11036,4th & Diagonal-Seattle,Starbucks,14247-137176,206-381-1553,CO,4115 4th Avenue S,,,Seattle,WA,US,98134,-122.33,47.57,-480,Pacific Standard Time,GMT-08:00 America/Los_Angeles,12/8/2013 5:41:59 PM,2/3/2017 12:00:00 AM
413dbe6d-dd7b-4823-9414-dc57049e7c2c,8567,Safeway - Portland #382,Starbucks,79541-101961,503-760-5448,LS,3527 SE 122nd,,,Portland,OR,US,97236,-122.54,45.50,-480,Pacific Standard Time,GMT-08:00 America/Los_Angeles,12/8/2013 5:41:59 PM,2/3/2017 12:00:00 AM
d745b2da-39de-4c6b-b67a-dc9a94f13f89,1005371,83rd & Mill Plain Blvd - Vancouver,Starbucks,2938-186585,3606960476,CO,8302 E. Mill Plain Blvd,,,Vancouver,WA,US,98664,-122.59,45.62,-480,Pacific Standard Time,GMT-08:00 America/Los_Angeles,12/8/2013 5:41:59 PM,2/3/2017 12:00:00 AM
7b2ab113-1ba8-4d1e-ad63-dcc398398fea,9006,Safeway-Woodinville #533,Starbucks,74177-29895,425-788-9150,LS,19150 NE Woodinville-Duvall Rd,,,Woodinville,WA,US,980728595,-122.08,47.76,-480,Pacific Standard Time,GMT-08:00 America/Los_Angeles,12/8/2013 5:41:59 PM,2/3/2017 12:00:00 AM
3f6c2c8a-f17b-4494-839a-ddeee2e58f72,11496,Safeway-Hood River #1123,Starbucks,74309-79100,541-386-1841,LS,2249 Cascade Ave,,,Hood River,OR,US,970311001,-121.53,45.71,-480,Pacific Standard Time,GMT-08:00 America/Los_Angeles,12/8/2013 5:41:59 PM,2/3/2017 12:00:00 AM
58b6de7b-65d0-4091-831b-de026b500899,16160,Fred Meyer - Spokane #657,Starbucks,72722-57699,509-532-4000,LS,400 South Thor St.,,,Spokane,WA,US,992025075,-117.36,47.65,-480,Pacific Standard Time,GMT-08:00 America/Los_Angeles,12/8/2013 5:41:59 PM,2/3/2017 12:00:00 AM
1004d545-edfa-4f86-b9f8-de050d313893,52073,2nd & Main - Portland,Starbucks,14998-154085,503 2957765,CO,100 SW Main St.,125,,Portland,OR,US,972043218,-122.68,45.52,-480,Pacific Standard Time,GMT-08:00 America/Los_Angeles,12/8/2013 5:41:59 PM,2/3/2017 12:00:00 AM
3782e37e-0435-4198-b327-de20c4b44919,20037,Secure Access Sodo 8,Starbucks,15253-157464,206-749-5925,CO,2401 Utah Ave S,8th floor,,Seattle,WA,US,981341436,-122.34,47.58,-480,Pacific Standard Time,GMT-08:00 America/Los_Angeles,10/10/2014 12:00:00 AM,2/3/2017 12:00:00 AM
790f4965-6d89-4718-a201-de3805e2496b,15122,Target Kent T-681,Starbucks,76168-89002,253-850-9710,LS,26301 104th Ave SE,,,Kent,WA,US,980307649,-122.20,47.37,-480,Pacific Standard Time,GMT-08:00 America/Los_Angeles,12/8/2013 5:41:59 PM,2/3/2017 12:00:00 AM
777cbfb4-fb86-42a2-99e7-de79f4cf3cdc,7422,Fred Meyer - Tacoma Pacific #385,Starbucks,79251-100437,253-475-6040,LS,7250 Pacific Avenue,,,Tacoma,WA,US,984087128,-122.44,47.19,-480,Pacific Standard Time,GMT-08:00 America/Los_Angeles,12/8/2013 5:41:59 PM,2/3/2017 12:00:00 AM
2b973f00-597a-4dbd-b7ca-def30aa48d7d,9416,Safeway-Yakima #502,Starbucks,74817-97831,509-965-3622,LS,5702 Summitview Ave,,,Yakima,WA,US,989083040,-120.58,46.60,-480,Pacific Standard Time,GMT-08:00 America/Los_Angeles,12/8/2013 5:41:59 PM,2/3/2017 12:00:00 AM
2bb87287-4770-477e-99ed-def399ce2d63,9909,Merlot Dr & Wine Country Rd - Pross,Starbucks,10848-101753,509-786-2085,CO,10 Merlot Drive,A,,Prosser,WA,US,993509532,-119.79,46.22,-480,Pacific Standard Time,GMT-08:00 America/Los_Angeles,12/8/2013 5:41:59 PM,2/3/2017 12:00:00 AM
2335e1fb-8dc3-4131-a0e8-df3941eabc55,18537,7750 NE Bothell Way,Starbucks,3282-6628,(425) 415-6124,CO,7750 NE Bothell Way,,,Kenmore,WA,US,980283523,-122.24,47.76,-480,Pacific Standard Time,GMT-08:00 America/Los_Angeles,12/8/2013 5:41:59 PM,2/3/2017 12:00:00 AM
01838434-9480-4331-bbce-df669467b4dc,8743,15th & Broadway,Starbucks,409-179,(503) 249-0017,CO,1510 NE Broadway,,,Portland,OR,US,972321407,-122.65,45.53,-480,Pacific Standard Time,GMT-08:00 America/Los_Angeles,12/8/2013 5:41:59 PM,2/3/2017 12:00:00 AM
7f0b1882-df6e-477f-a62d-dfc89bdc0545,13048,Columbia City,Starbucks,3277-2462,206-721-8871,CO,4824 Rainier Ave South,,,Seattle,WA,US,981181718,-122.29,47.56,-480,Pacific Standard Time,GMT-08:00 America/Los_Angeles,12/8/2013 5:41:59 PM,2/3/2017 12:00:00 AM
58bffe3f-2cd3-4e9d-909a-dffddff97e18,13763,Albertsons-Lynnwood #485,Starbucks,73619-81048,425-670-9803,LS,19500 Highway 99,,,Lynnwood,WA,US,980365241,-122.32,47.82,-480,Pacific Standard Time,GMT-08:00 America/Los_Angeles,12/8/2013 5:41:59 PM,2/3/2017 12:00:00 AM
d80348e8-aec5-4d86-87e8-e097eb29902b,9580,Safeway-Richland #333,Starbucks,74769-97828,509-946-9605,LS,1803 George Washington Way,,,Richland,WA,US,993542305,-119.28,46.30,-480,Pacific Standard Time,GMT-08:00 America/Los_Angeles,12/8/2013 5:41:59 PM,2/3/2017 12:00:00 AM
9c3e3945-f06d-4614-a660-e0c19376ed66,10522,Safeway #1159 - Newport,Starbucks,79672-108396,509-447-1217,LS,121 W. WALNUT,,,NEWPORT,WA,US,991569030,-117.04,48.18,-480,Pacific Standard Time,GMT-08:00 America/Los_Angeles,12/8/2013 5:41:59 PM,2/3/2017 12:00:00 AM
6cc8ede3-f541-4cb7-9c7a-e1275e637a99,12183,Phinney Ridge,Starbucks,3211-793,(206) 781-4153,CO,316 N. 67th Street,,,Seattle,WA,US,981035210,-122.35,47.68,-480,Pacific Standard Time,GMT-08:00 America/Los_Angeles,12/8/2013 5:41:59 PM,2/3/2017 12:00:00 AM
3f02ab91-49b4-4fba-b90a-e1593a371b04,12775,Fred Meyer - Orchards #236,Starbucks,72791-57759,360-896-3508,LS,7411 NE 117th Ave,,,Vancouver,WA,US,986624706,-122.55,45.68,-480,Pacific Standard Time,GMT-08:00 America/Los_Angeles,12/8/2013 5:41:59 PM,2/3/2017 12:00:00 AM
c251ae05-1e17-465a-9d7f-e170d28d225d,1014892,26th & Yeon,Starbucks,9666-241713,,CO,3330 NW Yeon Ave,210,,Portland,OR,US,97210,-122.71,45.55,-480,Pacific Standard Time,GMT-08:00 America/Los_Angeles,5/12/2016 12:00:00 AM,2/3/2017 12:00:00 AM
c1b54651-7fb1-41c5-8656-e17716886f61,7066,Target Keizer T-2110,Starbucks,76560-96841,503-856-0610,LS,6450 NE Keizer Station Blvd,,,Keizer,OR,US,973031695,-122.99,45.01,-480,Pacific Standard Time,GMT-08:00 America/Los_Angeles,12/8/2013 5:41:59 PM,2/3/2017 12:00:00 AM
a73115ec-0ab1-4081-8e80-e1ee34e19b09,11520,Fred Meyer-Battleground,Starbucks,72174-22481,360-666-5104,LS,401 SW 12th Street,,,Battle Ground,WA,US,986042876,-122.55,45.78,-480,Pacific Standard Time,GMT-08:00 America/Los_Angeles,12/8/2013 5:41:59 PM,2/3/2017 12:00:00 AM
f063eb43-cdbb-4e71-b5dc-e2851e2b5365,1005708,Fred Meyer-East Wenatchee #654,Starbucks,19150-93503,509-881-2800,LS,11 Grant Rd.,,,East Wenatchee,WA,US,988025328,-120.29,47.41,-480,Pacific Standard Time,GMT-08:00 America/Los_Angeles,12/8/2013 5:41:59 PM,2/3/2017 12:00:00 AM
fe1fa980-1f1b-4516-b4fb-e28c6f155681,1009524,Target Spokane T-636,Starbucks,23883-233390,509-466-3006,LS,9770 N Newport Hwy,,,Spokane,WA,US,99218,-117.40,47.75,-480,Pacific Standard Time,GMT-08:00 America/Los_Angeles,11/25/2014 12:00:00 AM,2/3/2017 12:00:00 AM
a5a44dea-6955-4fe5-8f9c-e3a0896bca7a,12438,132 E Holly-Bellingham,Starbucks,9679-97693,360-738-7539,CO,132 E. Holly St,,,Bellingham,WA,US,982254719,-122.48,48.75,-480,Pacific Standard Time,GMT-08:00 America/Los_Angeles,12/8/2013 5:41:59 PM,2/3/2017 12:00:00 AM
340bd764-d167-4c62-ad49-e3b3726e26ba,15085,Boones Ferry & Wilsonville,Starbucks,2916-82363,503-582-9741,CO,30299 SW Boones Ferry Rd,102,,Wilsonville,OR,US,970707844,-122.77,45.30,-480,Pacific Standard Time,GMT-08:00 America/Los_Angeles,12/8/2013 5:41:59 PM,2/3/2017 12:00:00 AM
8413279c-5d52-4af7-9dd9-e3c981738a40,9071,Bear Creek,Starbucks,307-72,425-883-8535,CO,17196 NE Redmond Wy,,,Redmond,WA,US,980524405,-122.11,47.67,-480,Pacific Standard Time,GMT-08:00 America/Los_Angeles,12/8/2013 5:41:59 PM,2/3/2017 12:00:00 AM
4b153049-9d78-4ea4-b68f-e426eddb9c5a,15236,Southcenter (B&N),Starbucks,388-215,(206) 575-6617,CO,300 Andover Park W,,,Tukwila,WA,US,981883338,-122.25,47.46,-480,Pacific Standard Time,GMT-08:00 America/Los_Angeles,12/8/2013 5:41:59 PM,2/3/2017 12:00:00 AM
081c5266-ebb3-4f13-833b-e4ce25971ddb,15097,Crossroads South,Starbucks,390-2160,425-643-6471,CO,15600 NE 8th Street,Suite E-3,,Bellevue,WA,US,980083951,-122.13,47.62,-480,Pacific Standard Time,GMT-08:00 America/Los_Angeles,12/8/2013 5:41:59 PM,2/3/2017 12:00:00 AM
7808ed74-36e2-4a6f-9760-e50a0cfd90ac,10800,Auburn Way & 15th- Auburn,Starbucks,13506-94475,253-333-5030,CO,1420 Harvey Rd. NE,,,Auburn,WA,US,980023308,-122.22,47.32,-480,Pacific Standard Time,GMT-08:00 America/Los_Angeles,12/8/2013 5:41:59 PM,2/3/2017 12:00:00 AM
58ab44d3-13a0-4980-8e6b-e519b7bf2de6,18427,13th & Tacoma,Starbucks,465-1682,(503) 234-6020,CO,1305 SE Tacoma Street,,13th & Tacoma (Sellwood),Portland,OR,US,972026639,-122.65,45.46,-480,Pacific Standard Time,GMT-08:00 America/Los_Angeles,12/8/2013 5:41:59 PM,2/3/2017 12:00:00 AM
23a0a660-d1a8-476b-9826-e5bf12ea6a5d,7271,Fred Meyer-Burlington #24,Starbucks,79295-96480,360-757-9100,LS,920 S Burlington Blvd,,,Burlington,WA,US,982333310,-122.33,48.47,-480,Pacific Standard Time,GMT-08:00 America/Los_Angeles,12/8/2013 5:41:59 PM,2/3/2017 12:00:00 AM
2fac9c56-7a5f-4cc7-859c-e5fcbfa430e5,9032,Timberhill,Starbucks,458-1344,(541) 758-4069,CO,2305 NW Kings Blvd,,Timberhill Shopping Center,Corvallis,OR,US,973303924,-123.28,44.59,-480,Pacific Standard Time,GMT-08:00 America/Los_Angeles,12/8/2013 5:41:59 PM,2/3/2017 12:00:00 AM
d133839f-e012-471d-81e7-e61df4d99363,14092,9th & Garfield - Corvallis,Starbucks,3415-86784,541/738-1172,CO,1705 NW 9th Street,Suite B,,Corvallis,OR,US,973302100,-123.26,44.58,-480,Pacific Standard Time,GMT-08:00 America/Los_Angeles,12/8/2013 5:41:59 PM,2/3/2017 12:00:00 AM
0ed3aeb9-0e5a-4041-8e1c-e632f6bbb590,8662,I5 & Cook,Starbucks,14440-116664,360-757-7424,CO,9660 Old Hwy 99 North Road,C,,Burlington,WA,US,982336826,-122.34,48.51,-480,Pacific Standard Time,GMT-08:00 America/Los_Angeles,12/8/2013 5:41:59 PM,2/3/2017 12:00:00 AM
b74cf7b0-8cf6-4200-8baa-e66ccab04b27,1012920,Fred Meyer Yakima #486,Starbucks,26641-237468,509-576-6800,LS,1206 N 40th,,,Yakima,WA,US,98909,-120.56,46.62,-480,Pacific Standard Time,GMT-08:00 America/Los_Angeles,9/9/2015 12:00:00 AM,2/3/2017 12:00:00 AM
d56f2e3b-2445-406a-97ab-e6749a8f83c6,17271,N Albany & Hickory- Albany,Starbucks,13326-105968,541-928-6399,CO,633 Hickory St NW,,,Albany,OR,US,973211760,-123.11,44.65,-480,Pacific Standard Time,GMT-08:00 America/Los_Angeles,12/8/2013 5:41:59 PM,2/3/2017 12:00:00 AM
ec3c5029-9621-4165-8c05-e682984b4795,12030,Safeway-Keizer #1516,Starbucks,74459-95598,503-390-8810,LS,4990 River Rd N,,,Keizer,OR,US,973034540,-123.02,45.00,-480,Pacific Standard Time,GMT-08:00 America/Los_Angeles,12/8/2013 5:41:59 PM,2/3/2017 12:00:00 AM
0c4a721a-ae6e-4bd7-af38-e6fe0fca9be5,7597,"Great Wolf Lodge Grand Mound, WA",Starbucks,70014-123567,360-407-0021,LS,20500 Old Hwy 99 SW,,,Centralia,WA,US,985319708,-123.01,46.79,-480,Pacific Standard Time,GMT-08:00 America/Los_Angeles,12/8/2013 5:41:59 PM,2/3/2017 12:00:00 AM
da39587d-8b0f-43fe-92f8-e72930e45162,1006875,Lithia Commons,Starbucks,22645-207205,541-608-4538,LS,"150 N Bartlett St, Ste 108",,,Medford,OR,US,97501,-122.87,42.33,-480,Pacific Standard Time,GMT-08:00 America/Los_Angeles,6/1/2014 12:00:00 AM,2/3/2017 12:00:00 AM
7885644e-73e8-430a-9333-e734cf43a74f,8684,28 E. Main,Starbucks,3287-7727,(509) 525-4893,CO,28 E. Main,,,Walla Walla,WA,US,993621922,-118.34,46.07,-480,Pacific Standard Time,GMT-08:00 America/Los_Angeles,12/8/2013 5:41:59 PM,2/3/2017 12:00:00 AM
678a7b9d-e01d-417d-afdf-e742b6b9218d,15227,Cordata Village,Starbucks,354-241,(360) 650-0883,CO,4285 Guide Meridian,,,Bellingham,WA,US,98226,-122.49,48.80,-480,Pacific Standard Time,GMT-08:00 America/Los_Angeles,12/8/2013 5:41:59 PM,2/3/2017 12:00:00 AM
01107329-5abc-4bc4-a78f-e7afcb08218e,114075,City University,Starbucks,19052-193204,206-728-6581,LS,521 Wall St,,,Seattle,WA,US,98121,-122.35,47.62,-480,Pacific Standard Time,GMT-08:00 America/Los_Angeles,12/8/2013 5:41:59 PM,2/3/2017 12:00:00 AM
2968a920-20bb-4423-8f70-e88130a3ea92,8257,Safeway - Vancouver #1611,Starbucks,74785-99753,360-992-5680,LS,6711 NE 63rd St,,,Vancouver,WA,US,986611997,-122.60,45.67,-480,Pacific Standard Time,GMT-08:00 America/Los_Angeles,12/8/2013 5:41:59 PM,2/3/2017 12:00:00 AM
8f09b36a-f90e-4880-b569-e8adcf6af214,69315,E. Marginal Way & Norfolk,Starbucks,15560-161604,206-762-3249,CO,10100 East Marginal Way South,,,Tukwila,WA,US,98168,-122.29,47.51,-480,Pacific Standard Time,GMT-08:00 America/Los_Angeles,12/8/2013 5:41:59 PM,2/3/2017 12:00:00 AM
e5de79d4-a46c-43b1-9183-e8af6ad97f26,17974,Portland State,Starbucks,14040-108059,(503) 227-2067,CO,"603 SW Jackson, Suite 116",,,Portland,OR,US,972014922,-122.68,45.51,-480,Pacific Standard Time,GMT-08:00 America/Los_Angeles,12/8/2013 5:41:59 PM,2/3/2017 12:00:00 AM
f05b8869-915e-497d-bf9c-e8d9c488f99c,12727,25th & Main - Vancouver,Starbucks,2902-91522,360/750-1730,CO,2420 Main St.,,,Vancouver,WA,US,986602663,-122.67,45.64,-480,Pacific Standard Time,GMT-08:00 America/Los_Angeles,12/8/2013 5:41:59 PM,2/3/2017 12:00:00 AM
2071ba71-be89-46f9-8550-e8f46b816e1d,7750,Safeway-Grandview #1593,Starbucks,79753-126044,509-882-1325,LS,610 E Wine Country Rd,,,Grandview,WA,US,989301062,-119.89,46.26,-480,Pacific Standard Time,GMT-08:00 America/Los_Angeles,12/8/2013 5:41:59 PM,2/3/2017 12:00:00 AM
d416f573-18d6-4975-b240-e9b832995588,13057,Lakeland Town Center,Starbucks,3384-56499,2537352855,CO,1408 Lake Tapps Parkway East,E-101,Lakeland Town Center,Auburn,WA,US,980928158,-122.21,47.24,-480,Pacific Standard Time,GMT-08:00 America/Los_Angeles,12/8/2013 5:41:59 PM,2/3/2017 12:00:00 AM
20256671-7bcf-48cc-9613-e9de12e10ff2,1012039,Safeway - Tacoma #1594,Starbucks,79670-104111,253-471-3477,LS,707 S 56th St,,,Tacoma,WA,US,984085617,-122.44,47.21,-480,Pacific Standard Time,GMT-08:00 America/Los_Angeles,6/9/2015 12:00:00 AM,2/3/2017 12:00:00 AM
344011ae-00b8-404e-bd26-ea6fd9ac7a8d,16097,59 Columbia Pt Drive,Starbucks,8936-94998,509-946-9073,CO,59 Columbia Point Drive,,,Richland,WA,US,993524375,-119.27,46.26,-480,Pacific Standard Time,GMT-08:00 America/Los_Angeles,12/8/2013 5:41:59 PM,2/3/2017 12:00:00 AM
cdc4599a-21dc-4925-b827-ea79c2cdace2,18750,QFC - Seattle/Ballard #891,Starbucks,5119-100714,206-297-2150,LS,2237 NW 58th ST,,,Seattle,WA,US,981073136,-122.39,47.67,-480,Pacific Standard Time,GMT-08:00 America/Los_Angeles,12/8/2013 5:41:59 PM,2/3/2017 12:00:00 AM
823b1123-63bc-4eb5-807c-ea802efed4a4,16604,Safeway-Olympia #1952,Starbucks,74328-82309,360-456-7132,LS,4230 Martin Way E,,,Olympia,WA,US,985165354,-122.83,47.05,-480,Pacific Standard Time,GMT-08:00 America/Los_Angeles,12/8/2013 5:41:59 PM,2/3/2017 12:00:00 AM
b44f61d4-cfee-4eb3-971c-eacf9a9d563a,19042,Safeway - Sweet Home #1710,Starbucks,12448-104101,541-367-0670,LS,1540 Main St,,,Sweet Home,OR,US,973861614,-122.73,44.40,-480,Pacific Standard Time,GMT-08:00 America/Los_Angeles,12/8/2013 5:41:59 PM,2/3/2017 12:00:00 AM
119b65e8-0b2b-44a7-babb-eaf74d1e0903,15130,Safeway-Roseburg #1666,Starbucks,74311-77301,541-957-2540,LS,1539 NE Stephens,,,Roseburg,OR,US,974701563,-123.35,43.23,-480,Pacific Standard Time,GMT-08:00 America/Los_Angeles,12/8/2013 5:41:59 PM,2/3/2017 12:00:00 AM
e4c2df3b-3759-4bf1-8519-eb0fffc09375,17143,Ellingson Rd- Auburn,Starbucks,10529-100812,253-833-8516,CO,4025 A Street SE,"Bldg A, Suite 101",,Auburn,WA,US,980028608,-122.23,47.27,-480,Pacific Standard Time,GMT-08:00 America/Los_Angeles,12/8/2013 5:41:59 PM,2/3/2017 12:00:00 AM
3acd441b-164c-48da-b2b2-eb4f070c4b8c,14184,1700 Seventh Ave,Starbucks,3379-70784,206-382-0636,CO,1700 Seventh Ave,,Nordstrom Building,Seattle,WA,US,981011397,-122.34,47.61,-480,Pacific Standard Time,GMT-08:00 America/Los_Angeles,12/8/2013 5:41:59 PM,2/3/2017 12:00:00 AM
2914ff44-12c2-4c67-8e4e-eb546e9841c6,10023,Safeway - Milton #3545,Starbucks,79548-106432,253-927-2332,LS,900 E MERIDIAN SUITE 12,,,Milton,WA,US,983547002,-122.30,47.25,-480,Pacific Standard Time,GMT-08:00 America/Los_Angeles,12/8/2013 5:41:59 PM,2/3/2017 12:00:00 AM
da4f89b2-8d58-4b99-8684-eb7a98d573ad,15022,Redmond Retail,Starbucks,3353-26467,425-882-2881,CO,7625 - 170th Ave NE,101,Redmond Center,Redmond,WA,US,980520910,-122.11,47.67,-480,Pacific Standard Time,GMT-08:00 America/Los_Angeles,12/8/2013 5:41:59 PM,2/3/2017 12:00:00 AM
5f1e03a9-1449-4d6f-85f1-ebb52ffee259,7085,Vancouver Park Place- Vancouver,Starbucks,10623-101579,360-253-7123,CO,8101 NE Parkway Drive,F,,Vancouver,WA,US,98662,-122.59,45.65,-480,Pacific Standard Time,GMT-08:00 America/Los_Angeles,12/8/2013 5:41:59 PM,2/3/2017 12:00:00 AM
ce20f099-ad97-46cd-992f-ec3302a34c13,16141,Fred Meyer-Tigard #375,Starbucks,72232-35301,503-293-7053,LS,11565 SW Pacific Hwy,,,Tigard,OR,US,972238671,-122.75,45.44,-480,Pacific Standard Time,GMT-08:00 America/Los_Angeles,12/8/2013 5:41:59 PM,2/3/2017 12:00:00 AM
225e202e-03a6-4817-ab6c-ec474abf0fab,1009603,Aramark @ Pacific University,Starbucks,23945-229009,,LS,2043 College Wy,,,forest grove,OR,US,97116,-123.11,45.52,-480,Pacific Standard Time,GMT-08:00 America/Los_Angeles,10/3/2014 12:00:00 AM,2/3/2017 12:00:00 AM
2b7ac95b-c65c-4cec-999d-eca2908bfceb,17647,Haggens - Bellingham,Starbucks,320-266,(360) 647-8128,CO,2814 Meridian Street,,,Bellingham,WA,US,982252413,-122.48,48.77,-480,Pacific Standard Time,GMT-08:00 America/Los_Angeles,12/8/2013 5:41:59 PM,2/3/2017 12:00:00 AM
1f156c1d-ec75-4d63-891b-ecb1f9448168,16884,Century Dr & Simpson,Starbucks,2815-83074,541-312-0154,CO,320 SW Century Drive,Suite 200,,Bend,OR,US,977023037,-121.33,44.05,-480,Pacific Standard Time,GMT-08:00 America/Los_Angeles,12/8/2013 5:41:59 PM,2/3/2017 12:00:00 AM
41a2d950-0ceb-4f6d-a1c4-ed131f8c862f,10986,QFC-North Towne #859,Starbucks,70342-131805,(425) 822-4154,LS,2636 Bellevue Way NE,,,Bellevue,WA,US,980042209,-122.20,47.63,-480,Pacific Standard Time,GMT-08:00 America/Los_Angeles,12/8/2013 5:41:59 PM,2/3/2017 12:00:00 AM
fe663742-7ff8-4622-b4c7-ed34f3ed472d,1015361,Colorado & Arizona - Bend,Starbucks,29715-254871,5414081967,CO,110 NW Sisemore St,Suite 110,,Bend,OR,US,977032871,-121.31,44.05,-480,Pacific Standard Time,GMT-08:00 America/Los_Angeles,8/2/2016 12:00:00 AM,2/3/2017 12:00:00 AM
5c8a91a4-81f8-430d-b480-ed78aa183856,1015272,Petro Travel Center - Spokane,Starbucks,27814-245386,,LS,10506 West Aero Road,,,Spokane,WA,US,99224,-117.56,47.59,-480,Pacific Standard Time,GMT-08:00 America/Los_Angeles,8/2/2016 12:00:00 AM,2/3/2017 12:00:00 AM
151b2bd8-63ce-4996-b5d9-ed90a7222461,8527,Stanwood Town Center,Starbucks,9409-95040,360-629-2701,CO,26802 92nd Ave NW,,,Stanwood,WA,US,982925343,-122.36,48.24,-480,Pacific Standard Time,GMT-08:00 America/Los_Angeles,12/8/2013 5:41:59 PM,2/3/2017 12:00:00 AM
812ba0f6-d316-4708-ae46-edcea9db0bc1,6740,Safeway #429 - Salem,Starbucks,79624-112845,503-399-1502,LS,3380 Lancaster Dr NE,,,Salem,OR,US,973051354,-122.98,44.97,-480,Pacific Standard Time,GMT-08:00 America/Los_Angeles,12/8/2013 5:41:59 PM,2/3/2017 12:00:00 AM
e966be7b-1229-438d-bd23-edceb0ed4198,13044,Market at Lake Tapps/Bonney Lake,Starbucks,3257-1845,253/862-3125,CO,19461 Highway 410 East,A,,Bonney Lake,WA,US,98391,-122.17,47.17,-480,Pacific Standard Time,GMT-08:00 America/Los_Angeles,12/8/2013 5:41:59 PM,2/3/2017 12:00:00 AM
ee2cf483-c476-4341-9945-ee29c6605948,1014779,Safeway - Port Orchard #3317,Starbucks,47601-258979,360-329-5483,LS,3355 Bethel Rd SE,,,Port Orchard,WA,US,98366,-122.63,47.52,-480,Pacific Standard Time,GMT-08:00 America/Los_Angeles,5/3/2016 12:00:00 AM,2/3/2017 12:00:00 AM
9dc8d3c2-c647-4b9f-90f8-ee2c9898b4f0,1016236,River Rd & Churchdale - Keizer,Starbucks,492-248725,5034636570,CO,4943 River Rd,,,Salem,OR,US,97303,-123.03,45.00,-480,Pacific Standard Time,GMT-08:00 America/Los_Angeles,10/11/2016 12:00:00 AM,2/3/2017 12:00:00 AM
379732b2-3f2d-4623-9f30-ee53547f1e35,14357,1410 Plaza Way,Starbucks,9448-94995,509-525-0451,CO,1410 Plaza Way,Suite A,,Walla Walla,WA,US,993624352,-118.35,46.05,-480,Pacific Standard Time,GMT-08:00 America/Los_Angeles,12/8/2013 5:41:59 PM,2/3/2017 12:00:00 AM
24385d60-b956-4aed-8920-ee55fd059008,1008859,Sherwood - Parkway Village,Starbucks,22478-206224,5036257743,CO,21260 SW Langer Farms Pkwy,Building C,,Sherwood,OR,US,97140,-122.84,45.37,-480,Pacific Standard Time,GMT-08:00 America/Los_Angeles,8/13/2014 12:00:00 AM,2/3/2017 12:00:00 AM
a0fdba8c-7773-434d-a27c-ee87854602f5,18563,Ballard/FredMeyer,Starbucks,3294-11822,206-789-9322,CO,4400 11th Avenue NW,,,Seattle,WA,US,981074604,-122.37,47.66,-480,Pacific Standard Time,GMT-08:00 America/Los_Angeles,12/8/2013 5:41:59 PM,2/3/2017 12:00:00 AM
885a56fb-9496-4fe9-a86b-ef329180c45c,9643,"Hermiston- Hermiston, OR",Starbucks,9724-98010,541-564-1083,CO,1235 N 1st Street,,,Hermiston,OR,US,978381341,-119.29,45.85,-480,Pacific Standard Time,GMT-08:00 America/Los_Angeles,12/8/2013 5:41:59 PM,2/3/2017 12:00:00 AM
40bf5488-a5ea-4f0f-9118-ef4f2575989e,12777,Fred Meyer - Fisher's Landing #93,Starbucks,72792-83341,360-260-3300,LS,16600 SE McGillivray Blvd,,,Vancouver,WA,US,986833402,-122.50,45.61,-480,Pacific Standard Time,GMT-08:00 America/Los_Angeles,12/8/2013 5:41:59 PM,2/3/2017 12:00:00 AM
e661734a-c251-49f8-a753-ef51ae4eb7ec,1005707,Safeway-Bellevue #3472,Starbucks,15411-159925,425-641-0414,LS,3903 Factoria Square Mall SE,,,Bellevue,WA,US,980061264,-122.17,47.58,-480,Pacific Standard Time,GMT-08:00 America/Los_Angeles,12/8/2013 5:41:59 PM,2/3/2017 12:00:00 AM
f92acfff-c8db-4faf-9c2d-ef8648d8e5fe,17412,"Capitol Blvd & Trosper St, Tumwat",Starbucks,11159-103993,360-352-3429,CO,5300 Capitol Blvd SE,,,Tumwater,WA,US,985014421,-122.91,47.00,-480,Pacific Standard Time,GMT-08:00 America/Los_Angeles,12/8/2013 5:41:59 PM,2/3/2017 12:00:00 AM
0b022bdd-dde5-4caa-a90f-efc85d9132a3,11655,Sunnyside Marketplace,Starbucks,439-150,(503) 698-7109,CO,12012 SE Sunnyside Road,,,Clackamas,OR,US,970158381,-122.54,45.43,-480,Pacific Standard Time,GMT-08:00 America/Los_Angeles,12/8/2013 5:41:59 PM,2/3/2017 12:00:00 AM
6958e250-d21a-4c82-b289-f011bb19876f,18691,Bellevue Square,Starbucks,5191-147248,(425)4518102,CO,226 Bellevue Square,,,Bellevue,WA,US,980045020,-122.20,47.62,-480,Pacific Standard Time,GMT-08:00 America/Los_Angeles,12/8/2013 5:41:59 PM,2/3/2017 12:00:00 AM
a5063eb1-2c36-4c49-bf04-f031ba4b9432,17679,Covington Place,Starbucks,3387-75961,253-630-5125,CO,27116 168th Place SE,101,,Covington,WA,US,980427338,-122.12,47.36,-480,Pacific Standard Time,GMT-08:00 America/Los_Angeles,12/8/2013 5:41:59 PM,2/3/2017 12:00:00 AM
d782bfe0-426b-4194-95d9-f08caae74eba,17961,Safeway - Everett #474,Starbucks,74959-99505,425-252-9898,LS,1715 Broadway,,,Everett,WA,US,982012346,-122.20,47.99,-480,Pacific Standard Time,GMT-08:00 America/Los_Angeles,12/8/2013 5:41:59 PM,2/3/2017 12:00:00 AM
80fe3c56-151a-40d6-98aa-f10136a8d8b0,1012726,Teavana - Pioneer Place,Teavana,28527-249912,503-274-6227,CO,700 SW Fifth Ave.,#1175,Pioneer Place,Portland,OR,US,97204,-122.68,45.52,-480,Pacific Standard Time,GMT-08:00 America/Los_Angeles,7/9/2015 12:00:00 AM,2/3/2017 12:00:00 AM
7e68ecf3-158e-40c7-82cf-f14ff8fb7a05,9513,Valley Mall,Starbucks,9680-97679,509-453-3301,CO,2409 South First,P-11,,Yakima,WA,US,989031603,-120.48,46.57,-480,Pacific Standard Time,GMT-08:00 America/Los_Angeles,12/8/2013 5:41:59 PM,2/3/2017 12:00:00 AM
d7621940-60dc-4c8f-8fa4-f161e7923358,13998,Safeway-Graham #547,Starbucks,74410-82470,253-847-7050,LS,10105 224th St E,,,Graham,WA,US,983389190,-122.30,47.05,-480,Pacific Standard Time,GMT-08:00 America/Los_Angeles,12/8/2013 5:41:59 PM,2/3/2017 12:00:00 AM
d7eabd68-8360-4df3-9be1-f16870d6862a,6871,SW Cedar Hills and SW Hall,Starbucks,14028-108063,(503) 641-1504,CO,3590 Cedar Hills Boulevard,,,Beaverton,OR,US,970052036,-122.81,45.49,-480,Pacific Standard Time,GMT-08:00 America/Los_Angeles,12/8/2013 5:41:59 PM,2/3/2017 12:00:00 AM
b943cc88-370b-430e-9c61-f19c08445827,6573,Safeway-Sunnyside #563,Starbucks,79729-125946,509-837-4610,LS,613 6th St,,,Sunnyside,WA,US,98944,-120.01,46.32,-480,Pacific Standard Time,GMT-08:00 America/Los_Angeles,12/8/2013 5:41:59 PM,2/3/2017 12:00:00 AM
eea708af-6dc1-4fa0-9ed2-f1c58aff10d1,9798,Centerpoint - Lake Oswego,Starbucks,9371-96415,503-624-7065,CO,8 Centerpointe Drive,,,Lake Oswego,OR,US,970358668,-122.74,45.42,-480,Pacific Standard Time,GMT-08:00 America/Los_Angeles,12/8/2013 5:41:59 PM,2/3/2017 12:00:00 AM
853a8e4e-ebad-4ea2-b314-f1ccbe004155,15964,Target Portland T-1419,Starbucks,72697-77801,503-252-5850,LS,9800 SE Washington St,,,Portland,OR,US,972162420,-122.56,45.52,-480,Pacific Standard Time,GMT-08:00 America/Los_Angeles,12/8/2013 5:41:59 PM,2/3/2017 12:00:00 AM
422d60e8-f50e-49f2-a4e2-f247b43b425b,16096,Safeway-Tumwater #1503,Starbucks,74495-94731,360-943-1830,LS,520 Cleveland,,,Tumwater,WA,US,985013313,-122.90,47.02,-480,Pacific Standard Time,GMT-08:00 America/Los_Angeles,12/8/2013 5:41:59 PM,2/3/2017 12:00:00 AM
fdddaca8-c055-4c84-8881-f290e7404b93,16043,Roosevelt Square,Starbucks,3248-1635,206-526-7230,CO,6417 Roosevelt Way NE,,,Seattle,WA,US,981156657,-122.32,47.68,-480,Pacific Standard Time,GMT-08:00 America/Los_Angeles,12/8/2013 5:41:59 PM,2/3/2017 12:00:00 AM
053a84cf-b0e4-477e-afb5-f2ed9a6458db,16712,Midway Crossing,Starbucks,397-222,206-870-9311,CO,23325 Pacific Highway South,,,Kent,WA,US,980322704,-122.30,47.39,-480,Pacific Standard Time,GMT-08:00 America/Los_Angeles,12/8/2013 5:41:59 PM,2/3/2017 12:00:00 AM
bbdd7c35-6b99-4d28-9ca4-f3879bb27988,14764,QFC-Edmonds #851,Starbucks,72977-96844,425-775-0542,LS,22828 100th Ave W,,,Edmonds,WA,US,980205920,-122.37,47.79,-480,Pacific Standard Time,GMT-08:00 America/Los_Angeles,12/8/2013 5:41:59 PM,2/3/2017 12:00:00 AM
b2911bfa-8005-495f-bff3-f394d6913ea3,16403,Safeway-Lynnwood #3523,Starbucks,74253-52059,425-743-7771,LS,14826 Hwy 99,,,Lynnwood,WA,US,980872322,-122.28,47.86,-480,Pacific Standard Time,GMT-08:00 America/Los_Angeles,12/8/2013 5:41:59 PM,2/3/2017 12:00:00 AM
2bbd6e4b-e57f-4ee2-896e-f3a209bd651b,12740,Rogue Valley Mall - Medford,Starbucks,2865-92660,541/608-7441,CO,"1600 North Riverside, Ste 2072",,Rogue Valley Mall,Medford,OR,US,975014652,-122.88,42.34,-480,Pacific Standard Time,GMT-08:00 America/Los_Angeles,12/8/2013 5:41:59 PM,2/3/2017 12:00:00 AM
b0e0f944-e4e2-4616-90f4-f3a3e211bc4d,9901,Safeway - Kent #459,Starbucks,74966-100715,253-854-2814,LS,20830 108th Ave SE,,,Kent,WA,US,980312168,-122.20,47.42,-480,Pacific Standard Time,GMT-08:00 America/Los_Angeles,12/8/2013 5:41:59 PM,2/3/2017 12:00:00 AM
812b5ef9-e406-4a00-9f98-f3bc576d91c4,17150,Safeway - Gladstone #4387,Starbucks,79620-106262,,LS,95 82nd Dr,,,Gladstone,OR,US,970272522,-122.58,45.38,-480,Pacific Standard Time,GMT-08:00 America/Los_Angeles,12/8/2013 5:41:59 PM,2/3/2017 12:00:00 AM
bcadd9de-836b-45ac-b111-f3e93450e8b3,16432,Safeway-Vancouver #1653,Starbucks,74185-35859,360-449-5200,LS,2615 NE 112th Ave,,,Vancouver,WA,US,986844283,-122.56,45.64,-480,Pacific Standard Time,GMT-08:00 America/Los_Angeles,12/8/2013 5:41:59 PM,2/3/2017 12:00:00 AM
d0637c46-9df2-465f-8ebc-f400c0dab415,1014720,Safeway - Sammamish #555,Starbucks,47244-136371,425-868-4000,LS,630 228th Ave NE,,,Sammamish,WA,US,980747241,-122.03,47.62,-480,Pacific Standard Time,GMT-08:00 America/Los_Angeles,4/26/2016 12:00:00 AM,2/3/2017 12:00:00 AM
db266192-530f-410c-b228-f4152a3badd8,17962,Albertsons - Mt Lake Terrace #414,Starbucks,73148-114845,425-775-4844,LS,4301 212th Street SW,,,Mountlake Terrace,WA,US,980433585,-122.29,47.81,-480,Pacific Standard Time,GMT-08:00 America/Los_Angeles,12/8/2013 5:41:59 PM,2/3/2017 12:00:00 AM
e247652d-ebfb-4d7f-9daf-f45d89fb3fff,11137,Safeway-West Linn #1713,Starbucks,74135-26788,503-650-8954,LS,22000 Salamo Rd.,,,West Linn,OR,US,970687230,-122.65,45.36,-480,Pacific Standard Time,GMT-08:00 America/Los_Angeles,12/8/2013 5:41:59 PM,2/3/2017 12:00:00 AM
27fb211a-9afc-42a4-9647-f494e305f359,13302,Safeway-Portland #1223,Starbucks,74107-22882,503-285-6233,LS,11919 N Jantzen Ave,,,Portland,OR,US,97217,-122.68,45.61,-480,Pacific Standard Time,GMT-08:00 America/Los_Angeles,12/8/2013 5:41:59 PM,2/3/2017 12:00:00 AM
4fe5f9dc-8038-4ff7-9b41-f4bbcbb3799d,17399,"North Juanita - Kirkland, WA",Starbucks,13461-107107,425-823-2016,CO,13325 100th Ave. NE,,,Kirkland,WA,US,980345213,-122.21,47.72,-480,Pacific Standard Time,GMT-08:00 America/Los_Angeles,12/8/2013 5:41:59 PM,2/3/2017 12:00:00 AM
fefe9ffe-5e2c-4ab8-ae5d-f5160904ea67,8311,Safeway-McMinnville #1601,Starbucks,74804-98721,503-435-3120,LS,2490 N Hwy 99,,,McMinnville,OR,US,971289204,-123.17,45.23,-480,Pacific Standard Time,GMT-08:00 America/Los_Angeles,12/8/2013 5:41:59 PM,2/3/2017 12:00:00 AM
531f3606-1b5f-42e2-8c6a-f5388224c637,1007378,McLoughlin & Concord,Starbucks,19884-189744,5033411162,CO,15790 SE McLoughlin Blvd,,,Oak Grove,OR,US,972673854,-122.63,45.41,-480,Pacific Standard Time,GMT-08:00 America/Los_Angeles,9/13/2016 12:00:00 AM,2/3/2017 12:00:00 AM
1e7d4382-013e-4f1b-b601-f53b90f8c5a7,7827,N. Wenatchee Ave & Maiden Lane,Starbucks,10478-100358,509-662-2361,CO,1925 N. Wenatchee Avenue,,,Wenatchee,WA,US,988018332,-120.33,47.45,-480,Pacific Standard Time,GMT-08:00 America/Los_Angeles,12/8/2013 5:41:59 PM,2/3/2017 12:00:00 AM
39165103-3a10-4358-8df0-f5881797bfb9,1005904,Sprague & Carnahan,Starbucks,20173-189045,509 5350257,CO,5020 E Sprague Ave,,,Spokane Valley,WA,US,99212,-117.34,47.66,-480,Pacific Standard Time,GMT-08:00 America/Los_Angeles,12/8/2013 5:41:59 PM,2/3/2017 12:00:00 AM
53c5092e-dc81-467f-96c5-f5c63fba5f22,6594,Harbor Station,Starbucks,13776-105935,360-675-0130,CO,32650 SR 20,A-107,,Oak Harbor,WA,US,98277,-122.65,48.30,-480,Pacific Standard Time,GMT-08:00 America/Los_Angeles,12/8/2013 5:41:59 PM,2/3/2017 12:00:00 AM
15330f28-0169-4397-b902-f666dd99ecd4,14555,Lakewood Mall,Starbucks,313-96557,253-588-9404,CO,6040 Main Street SW,,,Lakewood,WA,US,984995027,-122.52,47.16,-480,Pacific Standard Time,GMT-08:00 America/Los_Angeles,12/8/2013 5:41:59 PM,2/3/2017 12:00:00 AM
04fa81c1-47be-47c9-956d-f6a4e24b9066,7370,SE 272nd St & 172nd Ave SE,Starbucks,9855-98168,253-630-6193,CO,17313 SE 270th Pl,102,,Covington,WA,US,980425435,-122.11,47.36,-480,Pacific Standard Time,GMT-08:00 America/Los_Angeles,12/8/2013 5:41:59 PM,2/3/2017 12:00:00 AM
679758aa-8e57-49ab-b726-f6b8c1eed2b7,1011686,Fred Meyer-Gresham #127,Starbucks,25973-140885,,LS,2497 SE Burnside Road,,,Gresham,OR,US,970801246,-122.41,45.50,-480,Pacific Standard Time,GMT-08:00 America/Los_Angeles,5/20/2015 12:00:00 AM,2/3/2017 12:00:00 AM
8977f0d8-8acc-4c57-8ca5-f7291a4a6d91,14423,Division & Buckeye,Starbucks,3450-93467,509-328-8181,CO,2703 N. Division Street,,,Spokane,WA,US,992072010,-117.41,47.68,-480,Pacific Standard Time,GMT-08:00 America/Los_Angeles,12/8/2013 5:41:59 PM,2/3/2017 12:00:00 AM
32a2c962-8167-42c3-91d7-f729f5cc3d98,1009526,Target Lake Stevens T-1331,Starbucks,23888-233393,425-397-8144,LS,9601 Market Pl,,,Lake Stevens,WA,US,98258,-122.10,48.00,-480,Pacific Standard Time,GMT-08:00 America/Los_Angeles,11/25/2014 12:00:00 AM,2/3/2017 12:00:00 AM
0523c056-8f10-47dd-96a2-f7590e8c626e,7163,QFC - North Shore #831,Starbucks,79369-102669,253-925-5040,LS,4101 49th Ave N.E.,,,Tacoma,WA,US,984222420,-122.38,47.29,-480,Pacific Standard Time,GMT-08:00 America/Los_Angeles,12/8/2013 5:41:59 PM,2/3/2017 12:00:00 AM
6b8eb413-a9fe-48c7-b4c5-f77a02d75803,8775,N. 30th & McCarver/Old Town,Starbucks,3251-1895,(253) 573-1901,CO,2112 N. 30th Street,Ste. C,,Tacoma,WA,US,984033363,-122.46,47.27,-480,Pacific Standard Time,GMT-08:00 America/Los_Angeles,12/8/2013 5:41:59 PM,2/3/2017 12:00:00 AM
bf823a14-ad78-4f0f-860f-f77b4a942d9a,7113,QFC - West Wood Village #825,Starbucks,79328-101213,206-935-0585,LS,2500 SW Barton,,,Seattle,WA,US,98126,-122.37,47.52,-480,Pacific Standard Time,GMT-08:00 America/Los_Angeles,12/8/2013 5:41:59 PM,2/3/2017 12:00:00 AM
658ecbdf-db34-4768-a1a4-f7d771ad4ed4,12618,Oregon Trail - Gresham,Starbucks,3405-83782,503-465-8091,CO,2233 E Burnside RD,,Oregon Trail Shopping Center,Gresham,OR,US,97030,-122.41,45.50,-480,Pacific Standard Time,GMT-08:00 America/Los_Angeles,12/8/2013 5:41:59 PM,2/3/2017 12:00:00 AM
f0add6ad-9124-4813-a895-f8493fa0bb50,1008700,26th & Nob Hill,Starbucks,22090-217184,5094520062,CO,2550 W Nob Hill Blvd,108,,Yakima,WA,US,98902,-120.54,46.59,-480,Pacific Standard Time,GMT-08:00 America/Los_Angeles,7/21/2014 12:00:00 AM,2/3/2017 12:00:00 AM
f2485db8-a6ca-4cbf-a45e-f886659d9efe,1013282,Target Kelso T-628,Starbucks,27519-244908,360-425-3926,LS,205 Three Rivers Dr,,,Kelso,WA,US,98626,-122.90,46.14,-480,Pacific Standard Time,GMT-08:00 America/Los_Angeles,9/29/2015 12:00:00 AM,2/3/2017 12:00:00 AM
f6019b1b-43e9-4550-8fbd-f8ba57d99520,11985,Coal Creek Village,Starbucks,395-9,425-603-9727,CO,6977 Coal Creek Parkway SE,,,Newcastle,WA,US,980593136,-122.17,47.54,-480,Pacific Standard Time,GMT-08:00 America/Los_Angeles,12/8/2013 5:41:59 PM,2/3/2017 12:00:00 AM
30091f85-b624-462f-8c28-f8e8226a3d77,12621,Safeway-Seattle #1493,Starbucks,74381-86200,206-244-2567,LS,4011 S 164th,,,Seattle,WA,US,981883067,-122.28,47.46,-480,Pacific Standard Time,GMT-08:00 America/Los_Angeles,12/8/2013 5:41:59 PM,2/3/2017 12:00:00 AM
478cc9a3-b85d-4091-8aef-f9b04e485ee5,9072,Pine Street,Starbucks,309-74,(206) 382-1201,CO,515 Pine Street,,,Seattle,WA,US,981011709,-122.34,47.61,-480,Pacific Standard Time,GMT-08:00 America/Los_Angeles,12/8/2013 5:41:59 PM,2/3/2017 12:00:00 AM
862da147-3d94-496f-ba66-fa7de0949f26,14781,Safeway-Lake Grove #1047,Starbucks,74279-74781,503-675-2500,LS,17779 SW Lower Boones Ferry Rd,,,Lake Oswego,OR,US,970355237,-122.74,45.40,-480,Pacific Standard Time,GMT-08:00 America/Los_Angeles,12/8/2013 5:41:59 PM,2/3/2017 12:00:00 AM
ed749a19-c051-428d-99e1-fa82d87eb2a3,16058,Commerce Center,Starbucks,379-204,(360) 253-5270,CO,11502 SE Mill Plain Blvd.,,,Vancouver,WA,US,986845047,-122.55,45.62,-480,Pacific Standard Time,GMT-08:00 America/Los_Angeles,12/8/2013 5:41:59 PM,2/3/2017 12:00:00 AM
f7099039-5109-4ae6-83bc-fa94814836b3,8771,West Seattle,Starbucks,339-102,(206) 937-5010,CO,4101 SW Admiral Way,,,Seattle,WA,US,981162517,-122.38,47.58,-480,Pacific Standard Time,GMT-08:00 America/Los_Angeles,12/8/2013 5:41:59 PM,2/3/2017 12:00:00 AM
e00031e7-e152-4aae-922f-fabd3f9dcc5b,18416,Bellevue,Starbucks,303-69,(425) 454-0191,CO,10214 NE 8th,,,Bellevue,WA,US,980044217,-122.20,47.62,-480,Pacific Standard Time,GMT-08:00 America/Los_Angeles,12/8/2013 5:41:59 PM,2/3/2017 12:00:00 AM
1838cac7-dbf8-44ac-9565-faee638c07ac,17163,Albertsons - Richland #252,Starbucks,73682-99504,509-627-4714,LS,140 W Gage,,,Richland,WA,US,993528916,-119.27,46.23,-480,Pacific Standard Time,GMT-08:00 America/Los_Angeles,12/8/2013 5:41:59 PM,2/3/2017 12:00:00 AM
13f8908c-1067-45a3-8019-fb2d3c8db8fa,91895,Target Portland T-2779,Starbucks,18116-172345,503-205-9109,LS,1555 N TOMAHAWK ISLAND DR,,,Portland,OR,US,97217,-122.68,45.61,-480,Pacific Standard Time,GMT-08:00 America/Los_Angeles,12/8/2013 5:41:59 PM,2/3/2017 12:00:00 AM
7ea3828c-ae50-40cb-92dd-fb371f33c9e3,16702,64th & Meeker,Starbucks,3396-70341,253-850-5810,CO,1428 West Meeker,101,,Kent,WA,US,980324330,-122.25,47.38,-480,Pacific Standard Time,GMT-08:00 America/Los_Angeles,12/8/2013 5:41:59 PM,2/3/2017 12:00:00 AM
eda1ab85-11f8-437b-b41d-fb5e53e98ce2,14720,Target Burlington T-696,Starbucks,76157-94199,360-757-6737,LS,199 Cascade Mall Dr,,,Burlington,WA,US,982333290,-122.34,48.47,-480,Pacific Standard Time,GMT-08:00 America/Los_Angeles,12/8/2013 5:41:59 PM,2/3/2017 12:00:00 AM
f3d7ccfd-18a7-4cdf-b429-fbb403312337,6433,Safeway - Leavenworth #1589,Starbucks,79685-106164,509-548-5435,LS,116 RIVERBEND DR.,,,Leavenworth,WA,US,988261360,-120.65,47.60,-480,Pacific Standard Time,GMT-08:00 America/Los_Angeles,12/8/2013 5:41:59 PM,2/3/2017 12:00:00 AM
f4a60c46-2fc6-45fc-abd6-fbeb159a2c16,9199,Washington Square,Starbucks,406-178,(503) 620-3761,CO,9467 SW Washington Square Road,,,Tigard,OR,US,972234448,-122.78,45.45,-480,Pacific Standard Time,GMT-08:00 America/Los_Angeles,12/8/2013 5:41:59 PM,2/3/2017 12:00:00 AM
c2f0b67d-917c-4b8d-a0df-fbee8d337b17,116431,2nd & Cherry,Starbucks,20165-203704,2066827726,CO,621 2nd Ave,,,Seattle,WA,US,98104,-122.33,47.60,-480,Pacific Standard Time,GMT-08:00 America/Los_Angeles,12/8/2013 5:41:59 PM,2/3/2017 12:00:00 AM
1c54d4de-5b61-4576-9230-fbf549c5a7b1,1005377,Northwest Hospital & Medical Ctr Lo,Starbucks,19245-93994,206-368-1058,LS,1550 North 115th St,,,Seattle,WA,US,98133,-122.34,47.71,-480,Pacific Standard Time,GMT-08:00 America/Los_Angeles,12/8/2013 5:41:59 PM,2/3/2017 12:00:00 AM
4116fd3f-bd02-40c9-87c2-fc1e5955bfba,6891,Nyberg & I-5- Tualatin,Starbucks,11978-103919,503-612-6581,CO,7131 Nyberg St.,,,Tualatin,OR,US,970626246,-122.75,45.38,-480,Pacific Standard Time,GMT-08:00 America/Los_Angeles,12/8/2013 5:41:59 PM,2/3/2017 12:00:00 AM
04aef09d-55d8-4033-a410-fc30095cc33e,11513,Westwood Village,Starbucks,3376-12811,206-937-1732,CO,9023 25th Ave SW,,Westwood Village,Seattle,WA,US,981060908,-122.37,47.52,-480,Pacific Standard Time,GMT-08:00 America/Los_Angeles,12/8/2013 5:41:59 PM,2/3/2017 12:00:00 AM
6ee0bd28-0518-4a65-a2a9-fc883c3e3915,1014365,Target Seattle T-637,Starbucks,27542-244346,206-932-1153,LS,2800 SW Barton St,,,Seattle,WA,US,98126,-122.37,47.52,-480,Pacific Standard Time,GMT-08:00 America/Los_Angeles,3/8/2016 12:00:00 AM,2/3/2017 12:00:00 AM
bcd6d81f-18f2-4f46-a1cb-fcb5d60e8b99,14799,Madison Park,Starbucks,3702-92,(206) 329-3736,CO,4000 East Madison St,,,Seattle,WA,US,981123160,-122.28,47.63,-480,Pacific Standard Time,GMT-08:00 America/Los_Angeles,12/8/2013 5:41:59 PM,2/3/2017 12:00:00 AM
8b204a36-0274-4dbb-86b9-fcd9fa38707c,1016252,152nd St & Meridian Ave,Starbucks,3239-244913,2534351764,CO,152nd St & Meridian Ave,,,Puyallup,WA,US,983756620,-122.29,47.12,-480,Pacific Standard Time,GMT-08:00 America/Los_Angeles,11/2/2016 12:00:00 AM,2/3/2017 12:00:00 AM
33e74220-0da7-4deb-b858-fcda313a9350,13039,Redmond Town Center,Starbucks,3222-963,(425) 861-9198,CO,7425 166th Ave NE,Ste C105,,Redmond,WA,US,980527804,-122.12,47.67,-480,Pacific Standard Time,GMT-08:00 America/Los_Angeles,12/8/2013 5:41:59 PM,2/3/2017 12:00:00 AM
61603887-e614-4808-a78d-fd2eb3736bb7,1006226,Teavana - Seattle,Teavana,21803-215604,2067294953,CO,2652 NE University Village Street,,,Seattle,WA,US,98105,-122.30,47.66,-480,Pacific Standard Time,GMT-08:00 America/Los_Angeles,10/30/2014 12:00:00 AM,2/3/2017 12:00:00 AM
8cc0907b-c1d9-47b9-8580-fd6d17651b8d,11112,19th & Mildred,Starbucks,3320-8246,253/565-0666,CO,1816 S Mildred,Ste 6A,James Center,Tacoma,WA,US,984651635,-122.53,47.24,-480,Pacific Standard Time,GMT-08:00 America/Los_Angeles,12/8/2013 5:41:59 PM,2/3/2017 12:00:00 AM
cbc4c28b-e918-423c-b22a-fd944c0309ac,15086,Highway 101 30th - Lincoln City,Starbucks,8843-93347,541-994-3365,CO,3350 N E HWY 101,,,Lincoln City,OR,US,973674953,-124.01,44.99,-480,Pacific Standard Time,GMT-08:00 America/Los_Angeles,12/8/2013 5:41:59 PM,2/3/2017 12:00:00 AM
8ad33239-9d60-4adf-96cc-fda99b4094d6,15844,Walker Rd /Fred Meyer,Starbucks,456-1003,(503) 533-9216,CO,16005 S.W. Walker Road,,,Beaverton,OR,US,970064942,-122.84,45.52,-480,Pacific Standard Time,GMT-08:00 America/Los_Angeles,12/8/2013 5:41:59 PM,2/3/2017 12:00:00 AM
4606344c-93c4-4958-b8e5-fdb0670dc294,18529,12th & Columbia,Starbucks,3324-20420,206-329-8028,CO,800 12th Ave,,,Seattle,WA,US,981224410,-122.32,47.61,-480,Pacific Standard Time,GMT-08:00 America/Los_Angeles,12/8/2013 5:41:59 PM,2/3/2017 12:00:00 AM
af568815-4d86-4d26-a548-fdbe7a952ec1,14554,Columbia Tech Center,Starbucks,10059-99284,360-896-8784,CO,"530 SE 192nd Avenue, Bldg #1",,,Vancouver,WA,US,986839680,-122.48,45.62,-480,Pacific Standard Time,GMT-08:00 America/Los_Angeles,12/8/2013 5:41:59 PM,2/3/2017 12:00:00 AM
0ab38a61-5845-464d-aed4-fdc51c4c883f,13056,Chehalis,Starbucks,3381-66100,360-740-9140,CO,1531 NW Louisiana Ave,,,Chehalis,WA,US,985321748,-122.98,46.68,-480,Pacific Standard Time,GMT-08:00 America/Los_Angeles,12/8/2013 5:41:59 PM,2/3/2017 12:00:00 AM
bcff4bf5-9d3c-4797-aa2f-fdc7ca222c8a,17448,2200 Westlake Avenue,Starbucks,10303-98974,206-223-2173,CO,2200 Westlake Avenue,,2200 Westlake Avenue,Seattle,WA,US,981212713,-122.34,47.62,-480,Pacific Standard Time,GMT-08:00 America/Los_Angeles,12/8/2013 5:41:59 PM,2/3/2017 12:00:00 AM
a44a428e-407d-4890-9349-fdf13c0e600f,16885,72nd & Portland Avenue,Starbucks,8781-84562,253-475-2565,CO,1621 East 72nd Street,,Johnsborough Station,Tacoma,WA,US,984045402,-122.41,47.19,-480,Pacific Standard Time,GMT-08:00 America/Los_Angeles,12/8/2013 5:41:59 PM,2/3/2017 12:00:00 AM
7e1b05bf-15f0-4cec-bf6d-fe8fb78fffd4,1014810,Fred Meyer-Kennewick #163,Starbucks,28274-94695,509-735-8700,LS,2811 W 10th Ave,,,Kennewick,WA,US,99336,-119.16,46.20,-480,Pacific Standard Time,GMT-08:00 America/Los_Angeles,6/14/2016 12:00:00 AM,2/3/2017 12:00:00 AM
6ab9a565-4173-42dd-b3a8-fe9a51728b5a,13042,23rd & Jackson,Starbucks,3231-769,(206) 726-0502,CO,2300 South Jackson,Suite A,,Seattle,WA,US,981442369,-122.30,47.60,-480,Pacific Standard Time,GMT-08:00 America/Los_Angeles,12/8/2013 5:41:59 PM,2/3/2017 12:00:00 AM
f6fe29dc-4938-4a6b-86bf-fef1cf5de799,18574,Safeway - Colville #385,Starbucks,70368-139826,,LS,391 North Main St,,,Colville,WA,US,991142309,-117.91,48.55,-480,Pacific Standard Time,GMT-08:00 America/Los_Angeles,12/8/2013 5:41:59 PM,2/3/2017 12:00:00 AM
d2866db4-384a-4c39-b02e-ffcb6b1b917d,15223,Tacoma Mall,Starbucks,337-103,253-473-7727,CO,4502 South Steel Street,,,Tacoma,WA,US,984097242,-122.47,47.22,-480,Pacific Standard Time,GMT-08:00 America/Los_Angeles,12/8/2013 5:41:59 PM,2/3/2017 12:00:00 AM
